n_of_h	h_names	h_stem_lens	h_stem_len_av	dist_between_h	dist_between_h_av	cluster_start	cluster_stop	up_name	up_dist	up_utr	dw_name	dw_dist	dw_utr	av_dist	overlap	type
6	REP1a;REP1b;REP1d;REP2824d;REP2824b;REP2824a	6;15;15;15;15;6	12.0	-15;-15;-15;-15;-15	-15.0	8178	8292	ISO16_RS28545	2	'3	ISO16_RS00030	3	'3	2.5	True	outside
2	REP2823b;REP2823a	10;7	8.5	7	7.0	9422	9475	ISO16_RS00030	41	'5	ISO16_RS00035	13	'3	27.0	False	outside
2	REP2822d;REP2822c	10;8	9.0	-13	-13.0	12590	12632	ISO16_RS00050		'3	ISO16_RS00055	143	'3		True	inside
2	REP4a;REP4b	16;13	14.5	-15	-15.0	12734	12792	ISO16_RS00050	14	'3	ISO16_RS00055	-17	'3	-1.5	True	outside
3	REP2820d;REP2820c;REP2820b	4;7;4	5.0	29;97	63.0	23818	23988	ISO16_RS00085	350	'3	ISO16_RS00095	265	'3	307.5	False	inside
2	REP2819b;REP2819a	6;7	6.5	64	64.0	25302	25409	ISO16_RS00105		'3	ISO16_RS00110	298	'3		False	inside
2	REP2818;REP8c	4;9	6.5	88	88.0	25985	26109	ISO16_RS00110	74	'5	ISO16_RS00115		'3		False	outside
2	REP2817b;REP2817a	7;6	6.5	15	15.0	32050	32104	ISO16_RS00140		'3	ISO16_RS00145	106	'3		False	inside
2	REP10b;REP10c	4;6	5.0	55	55.0	35669	35750	ISO16_RS00165	204	'3	ISO16_RS00175	203	'3	203.5	False	inside
4	REP2814c;REP2814a;REP11a;REP11b	3;10;19;3	8.75	50;59;88	65.66666666666667	47019	47313	ISO16_RS00190		'3	ISO16_RS00195		'3		False	inside
3	REP2812d;REP2812c;REP2812a	4;7;7	6.0	94;62	78.0	50250	50466	ISO16_RS00205		'3	ISO16_RS00210	20	'3		False	inside
3	REP15a;REP15b;REP15c	7;14;6	9.0	46;34	40.0	56003	56155	ISO16_RS00245	21	'3	ISO16_RS00255	376	'5	198.5	False	outside
2	REP16a;REP16c	10;13	11.5	53	53.0	57677	57783	ISO16_RS00255	3	'3	ISO16_RS00260	162	'5	82.5	False	outside
3	REP2810c;REP17c;REP2810a	17;5;2	8.0	39;87	63.0	59511	59703	ISO16_RS00260	105	'3	ISO16_RS00270	11	'3	58.0	False	outside
2	REP2809c;REP2809a	10;7	8.5	84	84.0	61956	62083	ISO16_RS00275		'3	ISO16_RS00280	59	'3		False	inside
2	REP19a;REP19b	10;7	8.5	50	50.0	67138	67234	ISO16_RS00295	99	'3	ISO16_RS00300		'3		False	inside
2	REP19c;REP19d	6;4	5.0	94	94.0	67513	67636	ISO16_RS00300		'5	ISO16_RS00305	304	'5		False	inside
2	REP2807d;REP2807b	3;7	5.0	88	88.0	68182	68301	ISO16_RS00305		'3	ISO16_RS00310	222	'3		False	inside
2	REP20a;REP20b	5;7	6.0	25	25.0	68652	68707	ISO16_RS00305	112	'3	ISO16_RS00310		'3		False	inside
3	REP2804a;REP23b;REP23c	4;4;7	5.0	31;50	40.5	81672	81798	ISO16_RS00360	34	'3	ISO16_RS00365		'3		False	outside
3	REP2803c;REP2803b;REP2803a	15;5;9	9.666666666666666	-7;23	8.0	83001	83085	ISO16_RS00370	201	'5	ISO16_RS00375	173	'3	187.0	True	outside
3	REP24a;REP2800a;REP24c	10;6;14	10.0	2;10	6.0	90199	90303	ISO16_RS00400	87	'3	ISO16_RS00410	136	'3	111.5	False	outside
3	REP2799d;REP2799c;REP2799a	6;5;7	6.0	19;73	46.0	99921	100070	ISO16_RS00445		'3	ISO16_RS00450	60	'3		False	inside
3	REP28b;REP28c;REP28d	9;4;8	7.0	49;-2	23.5	113057	113168	ISO16_RS00490	242	'3	ISO16_RS00495		'3		True	inside
3	REP2797c;REP2797b;REP29a	8;4;24	12.0	71;19	45.0	117228	117409	ISO16_RS00520		'3	ISO16_RS00525	12	'3		False	outside
2	REP2796c;REP2796b	5;3	4.0	57	57.0	122959	123042	ISO16_RS00540	324	'3	ISO16_RS00545		'5		False	inside
2	REP31a;REP31b	4;5	4.5	11	11.0	123521	123559	ISO16_RS00545	68	'3	ISO16_RS00550		'3		False	inside
4	REP32a;REP32b;REP32c;REP32d	6;7;6;8	6.75	37;79;95	70.33333333333333	131582	131870	ISO16_RS00590	41	'3	ISO16_RS00605	47	'5	44.0	False	outside
2	REP33a;REP33b	17;19	18.0	40	40.0	133306	133429	ISO16_RS00605	12	'3	ISO16_RS00610	46	'5	29.0	False	outside
2	REP2793d;REP2793c	2;4	3.0	81	81.0	135516	135629	ISO16_RS00615	702	'3	ISO16_RS00620		'5		False	inside
2	REP2792b;REP2792a	7;8	7.5	47	47.0	137921	138005	ISO16_RS00625	40	'5	ISO16_RS00630	42	'3	41.0	False	outside
2	REP2790d;REP2790c	8;4	6.0	52	52.0	141432	141519	ISO16_RS00645		'3	ISO16_RS00650	222	'3		False	inside
2	REP37c;REP37d	8;4	6.0	36	36.0	142103	142174	ISO16_RS00645	381	'3	ISO16_RS00655	379	'3	380.0	False	inside
3	REP38a;REP2789b;REP2789a	11;5;7	7.666666666666667	56;27	41.5	146475	146621	ISO16_RS00660	20	'3	ISO16_RS00665	1	'3	10.5	False	outside
2	REP2786b;REP2786a	5;12	8.5	49	49.0	159248	159340	ISO16_RS00730		'3	ISO16_RS00735	1	'3		False	outside
2	REP44a;REP44b	9;5	7.0	9	9.0	173140	173184	ISO16_RS00790	21	'3	ISO16_RS00795	320	'5	170.5	False	outside
2	REP44c;REP44d	5;5	5.0	86	86.0	173303	173419	ISO16_RS00790	184	'3	ISO16_RS00795	85	'5	134.5	False	outside
2	REP45a;REP45b	10;5	7.5	37	37.0	176619	176697	ISO16_RS00795	7	'3	ISO16_RS00800	120	'5	63.5	False	outside
2	REP46a;REP46b	19;6	12.5	9	9.0	177478	177547	ISO16_RS00805	49	'3	ISO16_RS00810	82	'5	65.5	False	outside
3	REP2784d;REP2784c;REP2784a	5;5;4	4.666666666666667	78;94	86.0	179731	179943	ISO16_RS00815		'3	ISO16_RS00820	287	'3		False	inside
3	REP2783d;REP2783c;REP2783b	8;7;3	6.0	49;23	36.0	187887	188018	ISO16_RS00850		'3	ISO16_RS00855	675	'3		False	inside
2	REP49c;REP49d	8;4	6.0	64	64.0	191813	191908	ISO16_RS00870	242	'3	ISO16_RS00875		'3		False	inside
2	REP53a;REP53b	5;9	7.0	1	1.0	207070	207110	ISO16_RS00940	22	'3	ISO16_RS00945	109	'5	65.5	False	outside
2	REP2778d;REP2778c	3;5	4.0	37	37.0	243182	243247	ISO16_RS01090		'3	ISO16_RS01095	258	'3		False	inside
2	REP58a;REP58d	4;4	4.0	39	39.0	243511	243574	ISO16_RS01090	16	'3	ISO16_RS01095		'3		False	inside
3	REP59a;REP59b;REP59c	13;2;8	7.666666666666667	30;27	28.5	246944	247067	ISO16_RS01100	8	'3	ISO16_RS01105	16	'5	12.0	False	outside
2	REP60a;REP60b	17;6	11.5	5	5.0	248443	248503	ISO16_RS01110	27	'3	ISO16_RS01115	21	'5	24.0	False	outside
2	REP61a;REP61b	26;4	15.0	-9	-9.0	250350	250412	ISO16_RS01125	20	'3	ISO16_RS01130	136	'5	78.0	True	outside
3	REP62a;REP62b;REP62c	7;8;10	8.333333333333334	46;61	53.5	253882	254057	ISO16_RS01140	108	'3	ISO16_RS01145	7	'5	57.5	False	outside
2	REP2777c;REP2777b	6;6	6.0	25	25.0	259718	259774	ISO16_RS01180		'3	ISO16_RS01185	230	'3		False	inside
3	REP66a;REP2777a;REP66d	8;15;5	9.333333333333334	6;51	28.5	259924	260051	ISO16_RS01180	11	'3	ISO16_RS01185		'3		False	outside
3	REP68a;REP68b;REP68c	5;7;4	5.333333333333333	68;80	74.0	263806	264003	ISO16_RS01205		'5	ISO16_RS01210	332	'5		False	inside
4	REP2774d;REP2774c;REP2774b;REP2774a	4;4;7;7	5.5	-10;92;6	29.333333333333332	266633	266784	ISO16_RS01215		'3	ISO16_RS28555	321	'3		True	inside
2	REP2772c;REP2772b	4;5	4.5	42	42.0	273864	273931	ISO16_RS01255	31	'5	ISO16_RS01260	7	'3	19.0	False	outside
2	REP2771b;REP74a	9;16	12.5	26	26.0	275470	275559	ISO16_RS01265		'3	ISO16_RS01270	20	'3		False	outside
2	REP2770b;REP75b	7;8	7.5	93	93.0	282307	282446	ISO16_RS01295		'3	ISO16_RS01300	3	'3		False	outside
3	REP2769c;REP77b;REP77d	6;12;8	8.666666666666666	5;88	46.5	286626	286788	ISO16_RS01315	6	'3	ISO16_RS01320		'3		False	outside
3	REP78a;REP78b;REP78c	5;5;8	6.0	3;5	4.0	290898	290961	ISO16_RS01330	35	'3	ISO16_RS01335	37	'5	36.0	False	outside
2	REP2768d;REP2768c	5;4	4.5	11	11.0	296416	296452	ISO16_RS01350		'3	ISO16_RS01355	303	'3		False	inside
3	REP80b;REP80c;REP80d	5;4;11	6.666666666666667	79;53	66.0	296875	297066	ISO16_RS01350	90	'3	ISO16_RS01355		'3		False	inside
2	REP82c;REP82d	7;5	6.0	62	62.0	300407	300502	ISO16_RS01370		'5	ISO16_RS01375	-6	'3		False	outside
2	REP84a;REP84b	16;7	11.5	0	0.0	306289	306347	ISO16_RS01395	27	'3	ISO16_RS01400	20	'5	23.5	False	outside
4	REP2766b;REP86a;REP86b;REP86c	4;19;4;10	9.25	64;28;90	60.666666666666664	312117	312399	ISO16_RS01430		'3	ISO16_RS01435		'3		False	inside
2	REP88a;REP88c	17;9	13.0	60	60.0	318509	318641	ISO16_RS01465	44	'3	ISO16_RS01470	193	'5	118.5	False	outside
2	REP89a;REP89b	15;5	10.0	55	55.0	321145	321254	ISO16_RS01470	19	'3	ISO16_RS01475	160	'5	89.5	False	outside
2	REP96c;REP96d	4;9	6.5	59	59.0	342737	342832	ISO16_RS01560	149	'5	ISO16_RS01565		'3		False	inside
3	REP2763d;REP2763c;REP2763a	6;4;8	6.0	93;86	89.5	346420	346650	ISO16_RS01585	416	'3	ISO16_RS01595	219	'3	317.5	False	inside
2	REP99c;REP99d	4;5	4.5	59	59.0	347085	347173	ISO16_RS01590	231	'3	ISO16_RS01600	298	'3	264.5	False	inside
3	REP2761c;REP2761b;REP2761a	9;3;4	5.333333333333333	31;38	34.5	353598	353713	ISO16_RS01625		'3	ISO16_RS01630	43	'3		False	inside
2	REP101a;REP101b	11;4	7.5	-16	-16.0	354180	354207	ISO16_RS01625	405	'3	ISO16_RS01630		'3		True	inside
5	REP2760c;REP2760b;REP102a;REP2760a;REP102c	5;4;9;4;4	5.2	78;65;-13;93	55.75	359942	360248	ISO16_RS01650		'3	ISO16_RS01655		'3		True	inside
2	REP2759a;REP103a	12;9	10.5	85	85.0	364039	364181	ISO16_RS01675		'3	ISO16_RS01680		'3		False	inside
3	REP2756c;REP2756b;REP2756a	6;7;13	8.666666666666666	73;35	54.0	376260	376434	ISO16_RS01735		'3	ISO16_RS01740	64	'3		False	inside
2	REP2755d;REP2755c	7;6	6.5	52	52.0	384597	384681	ISO16_RS01770		'3	ISO16_RS01775	480	'3		False	inside
2	REP2754c;REP2754b	12;7	9.5	37	37.0	387185	387279	ISO16_RS01785		'3	ISO16_RS01790	185	'3		False	inside
2	REP2754a;REP111b	6;4	5.0	32	32.0	387427	387485	ISO16_RS01785	5	'3	ISO16_RS01790		'3		False	outside
2	REP2753d;REP2753c	6;5	5.5	64	64.0	392150	392244	ISO16_RS01795		'3	ISO16_RS01800	521	'3		False	inside
2	REP2752d;REP2752c	4;8	6.0	25	25.0	397130	397185	ISO16_RS01825		'3	ISO16_RS01830	159	'3		False	inside
3	REP2750b;REP2750a;REP115a	4;7;7	6.0	45;1	23.0	406536	406633	ISO16_RS01860		'3	ISO16_RS01865	-10	'3		False	outside
2	REP2748d;REP2748c	7;4	5.5	56	56.0	412367	412455	ISO16_RS01880		'3	ISO16_RS01885	372	'3		False	inside
2	REP116b;REP116c	7;11	9.0	30	30.0	413228	413305	ISO16_RS01880	504	'3	ISO16_RS01885		'3		False	inside
3	REP2747c;REP2747b;REP2747a	12;9;6	9.0	75;-11	32.0	413834	413969	ISO16_RS01885	44	'5	ISO16_RS01890	2	'3	23.0	True	outside
2	REP2744c;REP2744b	8;7	7.5	26	26.0	421751	421823	ISO16_RS01930		'3	ISO16_RS01935	184	'3		False	inside
3	REP119a;REP119b;REP119c	6;6;3	5.0	98;14	56.0	422140	422297	ISO16_RS01930	143	'3	ISO16_RS01935		'3		False	inside
5	REP2743d;REP2743c;REP2743a;REP120c;REP120d	10;19;4;7;5	9.0	22;-25;65;-5	14.25	425203	425392	ISO16_RS01945		'3	ISO16_RS01950		'3		True	inside
2	REP122c;REP122d	6;6	6.0	-6	-6.0	428943	428978	ISO16_RS01970	403	'3	ISO16_RS01975		'3		True	inside
3	REP2740c;REP2740b;REP124b	6;7;10	7.666666666666667	3;79	41.0	430483	430625	ISO16_RS01985		'3	ISO16_RS01990		'3		False	inside
2	REP2739d;REP2739c	7;3	5.0	61	61.0	437317	437414	ISO16_RS02015		'3	ISO16_RS02020	134	'3		False	inside
2	REP127a;REP127b	16;6	11.0	-2	-2.0	437603	437658	ISO16_RS02015	55	'3	ISO16_RS02020		'3		True	inside
2	REP127c;REP127d	8;6	7.0	-4	-4.0	437888	437920	ISO16_RS02015	340	'3	ISO16_RS02020		'3		True	inside
2	REP2738d;REP2738b	6;4	5.0	11	11.0	441566	441606	ISO16_RS02030		'3	ISO16_RS02035	59	'3		False	inside
2	REP128a;REP128b	4;10	7.0	16	16.0	442013	442065	ISO16_RS02030	395	'3	ISO16_RS02035		'3		False	inside
2	REP129a;REP129b	7;11	9.0	63	63.0	455273	455386	ISO16_RS02080	143	'3	ISO16_RS02085		'3		False	inside
2	REP130c;REP130d	6;9	7.5	-8	-8.0	458831	458859	ISO16_RS02090	274	'3	ISO16_RS02095		'3		True	inside
2	REP2729a;REP132b	12;4	8.0	45	45.0	464892	464979	ISO16_RS02120	5	'3	ISO16_RS02125		'3		False	outside
2	REP132c;REP132d	4;5	4.5	29	29.0	465079	465135	ISO16_RS02120	192	'3	ISO16_RS02125		'3		False	inside
3	REP133a;REP133b;REP133c	17;4;7	9.333333333333334	98;6	52.0	466380	466553	ISO16_RS02130	13	'3	ISO16_RS02175	1095	'5	554.0	False	outside
2	REP136a;REP136b	7;13	10.0	34	34.0	474958	475046	ISO16_RS02205	86	'3	ISO16_RS02210	47	'5	66.5	False	outside
2	REP138a;REP138c	10;7	8.5	40	40.0	476940	477022	ISO16_RS02215	12	'3	ISO16_RS02220	18	'5	15.0	False	outside
2	REP140a;REP140b	18;5	11.5	9	9.0	478492	478558	ISO16_RS02225	14	'3	ISO16_RS02230	21	'5	17.5	False	outside
3	REP2728d;REP2728c;REP2728b	3;6;5	4.666666666666667	11;89	50.0	493228	493368	ISO16_RS02290		'3	ISO16_RS02295	386	'3		False	inside
4	REP146a;REP146b;REP146c;REP146d	13;7;9;4	8.25	22;65;55	47.333333333333336	493942	494171	ISO16_RS02290	230	'3	ISO16_RS02295		'3		False	inside
2	REP2726a;REP147b	15;9	12.0	8	8.0	499894	499956	ISO16_RS02325	3	'3	ISO16_RS02330	6	'3	4.5	False	outside
3	REP148a;REP148b;REP148c	16;7;12	11.666666666666666	39;-12	13.5	503123	503239	ISO16_RS02340	98	'3	ISO16_RS02345	399	'5	248.5	True	outside
2	REP149c;REP149d	2;8	5.0	34	34.0	504203	504275	ISO16_RS02345	295	'3	ISO16_RS02350		'3		False	inside
6	REP2722d;REP2722c;REP2722a;REP150b;REP150c;REP150d	4;5;13;5;7;7	6.833333333333333	-1;76;71;36;56	47.6	519088	519432	ISO16_RS02400		'3	ISO16_RS02405		'3		True	inside
2	REP2719d;REP2719c	9;12	10.5	50	50.0	529105	529219	ISO16_RS02445		'3	ISO16_RS02450	332	'3		False	inside
2	REP2719b;REP2719a	7;15	11.0	18	18.0	529420	529492	ISO16_RS02445		'3	ISO16_RS02450	59	'3		False	outside
2	REP153a;REP153b	7;6	6.5	53	53.0	530581	530671	ISO16_RS02455	149	'3	ISO16_RS02460		'3		False	inside
3	REP2717c;REP2717b;REP2717a	6;5;9	6.666666666666667	16;89	52.5	531316	531479	ISO16_RS02465		'3	ISO16_RS02470	61	'3		False	outside
2	REP2716d;REP2716c	7;6	6.5	8	8.0	533997	534041	ISO16_RS02475	434	'5	ISO16_RS02480		'5		False	inside
3	REP155b;REP155c;REP155d	5;5;8	6.0	22;85	53.5	535511	535671	ISO16_RS02480	492	'3	ISO16_RS02490	393	'3	442.5	False	inside
2	REP2714a;REP158a	6;8	7.0	91	91.0	548619	548748	ISO16_RS02545		'3	ISO16_RS02550		'3		False	inside
2	REP2712d;REP2712c	4;5	4.5	77	77.0	555086	555190	ISO16_RS02575		'3	ISO16_RS02580	454	'3		False	outside
4	REP2710a;REP161b;REP161c;REP161d	4;4;7;9	6.0	-15;95;61	47.0	565884	566104	ISO16_RS02610	12	'3	ISO16_RS02615		'3		True	outside
3	REP162a;REP162b;REP162c	4;12;5	7.0	43;25	34.0	570982	571112	ISO16_RS02630	53	'3	ISO16_RS02635	40	'5	46.5	False	outside
3	REP165a;REP165c;REP165d	5;10;12	9.0	97;-24	36.5	579816	579974	ISO16_RS02675		'5	ISO16_RS02680	102	'5		True	outside
3	REP166b;REP166c;REP166d	5;4;9	6.0	8;97	52.5	583764	583919	ISO16_RS02695	152	'3	ISO16_RS02700	109	'5	130.5	False	outside
2	REP172b;REP172c	6;4	5.0	15	15.0	611137	611178	ISO16_RS28880	143	'3	ISO16_RS28575		'3		False	inside
2	REP2703a;REP176a	5;7	6.0	22	22.0	634023	634075	ISO16_RS02920		'3	ISO16_RS02925	15	'3		False	outside
3	REP177a;REP177b;REP177c	4;5;8	5.666666666666667	24;1	12.5	637188	637259	ISO16_RS02940	60	'3	ISO16_RS02945		'3		False	inside
2	REP2700c;REP2700b	5;7	6.0	82	82.0	644536	644650	ISO16_RS02970		'3	ISO16_RS02975	186	'3		False	inside
3	REP178b;REP178c;REP178d	6;6;7	6.333333333333333	-6;-3	-4.5	644933	644974	ISO16_RS02970	184	'3	ISO16_RS02975		'3		True	inside
3	REP179a;REP179b;REP179c	24;7;5	12.0	30;33	31.5	646175	646320	ISO16_RS02980	9	'3	ISO16_RS02985		'3		False	outside
3	REP2697d;REP2697c;REP181c	7;5;14	8.666666666666666	93;12	52.5	657823	657998	ISO16_RS03040		'3	ISO16_RS03045	-5	'3		False	outside
2	REP2696d;REP182a	4;7	5.5	-15	-15.0	662732	662753	ISO16_RS03060	53	'3	ISO16_RS03065	80	'5	66.5	True	outside
2	REP2696b;REP2696a	9;5	7.0	38	38.0	662884	662964	ISO16_RS03065		'3	ISO16_RS03070	120	'3		False	inside
2	REP183a;REP183b	5;11	8.0	18	18.0	663098	663156	ISO16_RS03065	19	'3	ISO16_RS03070		'3		False	inside
2	REP2694c;REP2694b	8;8	8.0	-18	-18.0	675424	675446	ISO16_RS03115		'3	ISO16_RS03120	169	'3		True	inside
3	REP2694a;REP185a;REP185d	6;13;6	8.333333333333334	63;57	60.0	675551	675741	ISO16_RS03115	21	'3	ISO16_RS03120		'3		False	outside
3	REP2693d;REP2693b;REP2693a	8;14;8	10.0	72;-10	31.0	678880	679024	ISO16_RS03135		'3	ISO16_RS03140	75	'3		True	inside
2	REP186b;REP186c	3;6	4.5	50	50.0	679213	679289	ISO16_RS03135	126	'3	ISO16_RS03140		'3		False	inside
2	REP2692d;REP2692c	6;6	6.0	79	79.0	685958	686070	ISO16_RS03165		'3	ISO16_RS03170	206	'3		False	inside
2	REP2691d;REP2691c	6;6	6.0	47	47.0	688746	688826	ISO16_RS03175	124	'5	ISO16_RS03180	80	'3	102.0	False	outside
2	REP188a;REP188b	19;7	13.0	20	20.0	692967	693053	ISO16_RS03200	18	'3	ISO16_RS03215	482	'5	250.0	False	outside
3	REP189a;REP2690a;REP189d	14;9;5	9.333333333333334	11;6	8.5	695506	695589	ISO16_RS03220	46	'3	ISO16_RS03225		'3		False	outside
3	REP192;REP2687b;REP2687a	4;5;5	4.666666666666667	67;67	67.0	707672	707851	ISO16_RS03290	75	'3	ISO16_RS03300	229	'3	152.0	False	outside
2	REP2683b;REP2683a	3;12	7.5	49	49.0	721849	721938	ISO16_RS03340		'3	ISO16_RS03345	58	'3		False	inside
2	REP196a;REP196b	6;5	5.5	60	60.0	722121	722210	ISO16_RS03340	111	'3	ISO16_RS03350	118	'3	114.5	False	inside
2	REP2681d;REP2681c	11;6	8.5	-10	-10.0	734177	734216	ISO16_RS03390		'3	ISO16_RS03395	150	'3		True	inside
2	REP197a;REP197b	5;7	6.0	23	23.0	734538	734595	ISO16_RS03390	194	'3	ISO16_RS03395		'3		False	inside
2	REP197c;REP197d	9;11	10.0	73	73.0	734858	734990	ISO16_RS03390	514	'3	ISO16_RS03395		'3		False	inside
2	REP198b;REP198c	5;4	4.5	44	44.0	739229	739297	ISO16_RS03410	358	'3	ISO16_RS03420	307	'5	332.5	False	inside
2	REP199b;REP199c	19;14	16.5	-26	-26.0	741386	741435	ISO16_RS03420	6	'3	ISO16_RS03425	18	'5	12.0	True	outside
2	REP2678c;REP2678b	4;7	5.5	8	8.0	745165	745201	ISO16_RS03445		'3	ISO16_RS03450	145	'3		False	inside
2	REP201b;REP201c	10;6	8.0	20	20.0	745439	745499	ISO16_RS03445	80	'3	ISO16_RS03450		'3		False	inside
2	REP2677c;REP2677b	7;5	6.0	55	55.0	755158	755244	ISO16_RS03485		'3	ISO16_RS03490	219	'3		False	inside
3	REP204b;REP204c;REP204d	5;5;4	4.666666666666667	94;69	81.5	755787	755992	ISO16_RS03485	343	'3	ISO16_RS03495	482	'5	412.5	False	inside
4	REP2676c;REP2676d;REP2676b;REP2676a	21;6;7;15	12.25	-53;84;73	34.666666666666664	757131	757373	ISO16_RS03495		'3	ISO16_RS03500	238	'3		True	inside
2	REP205b;REP205c	12;4	8.0	-17	-17.0	757842	757874	ISO16_RS03500		'5	ISO16_RS03505	213	'5		True	inside
3	REP2675d;REP2675c;REP2675b	8;4;5	5.666666666666667	-6;12	3.0	758718	758777	ISO16_RS03505		'3	ISO16_RS03510	66	'3		True	inside
2	REP2673d;REP2673c	6;7	6.5	38	38.0	761527	761605	ISO16_RS03515	261	'5	ISO16_RS03525	255	'3	258.0	False	inside
2	REP207b;REP207c	5;4	4.5	84	84.0	762073	762182	ISO16_RS03520	311	'3	ISO16_RS03525		'3		False	inside
2	REP208a;REP2672a	6;4	5.0	17	17.0	770112	770160	ISO16_RS03555	116	'3	ISO16_RS03560	0	'3	58.0	False	outside
2	REP2671b;REP209a	6;15	10.5	4	4.0	778533	778588	ISO16_RS03590	-7	'3	ISO16_RS03595	12	'3	2.5	False	outside
2	REP209b;REP209c	6;5	5.5	61	61.0	778847	778938	ISO16_RS03590	307	'3	ISO16_RS03600	262	'3	284.5	False	inside
2	REP210a;REP210b	7;4	5.5	77	77.0	785424	785535	ISO16_RS03630	113	'3	ISO16_RS03635		'3		False	inside
2	REP210c;REP210d	8;5	6.5	72	72.0	785714	785822	ISO16_RS03630	403	'3	ISO16_RS03635		'3		False	inside
2	REP2665b;REP2665a	7;4	5.5	92	92.0	808486	808613	ISO16_RS03640	25	'3	ISO16_RS03645	72	'3	48.5	False	outside
2	REP211c;REP211d	4;3	3.5	10	10.0	808785	808817	ISO16_RS03640	324	'3	ISO16_RS03645		'3		False	inside
4	REP2664c;REP2664b;REP2664a;REP214b	6;4;5;5	5.0	94;23;49	55.333333333333336	813753	813976	ISO16_RS03665		'3	ISO16_RS03670	6	'3		False	outside
2	REP2663c;REP2663a	7;16	11.5	51	51.0	814470	814574	ISO16_RS03670	41	'5	ISO16_RS03675	68	'3	54.5	False	outside
3	REP216a;REP216b;REP216c	6;7;7	6.666666666666667	24;51	37.5	824384	824512	ISO16_RS03715	154	'3	ISO16_RS03720	8	'5	81.0	False	outside
2	REP218a;REP218b	10;15	12.5	57	57.0	834161	834280	ISO16_RS03745	12	'3	ISO16_RS03750	178	'5	95.0	False	outside
2	REP2657c;REP2657b	7;4	5.5	83	83.0	851320	851434	ISO16_RS03825		'3	ISO16_RS03830	530	'3		False	inside
3	REP221b;REP221c;REP221d	12;6;8	8.666666666666666	44;95	69.5	852831	853041	ISO16_RS03840		'5	ISO16_RS03845		'3		False	inside
4	REP2656d;REP2656c;REP2656b;REP2656a	5;5;15;8	8.25	4;49;34	29.0	855745	855920	ISO16_RS03845	135	'5	ISO16_RS03855	108	'3	121.5	False	outside
3	REP222a;REP222b;REP222c	6;5;5	5.333333333333333	79;40	59.5	900561	900727	ISO16_RS04050	218	'3	ISO16_RS04055		'3		False	inside
2	REP223b;REP223c	6;9	7.5	74	74.0	903260	903376	ISO16_RS04060	249	'3	ISO16_RS04065		'3		False	inside
2	REP227a;REP227b	4;4	4.0	29	29.0	922207	922259	ISO16_RS04095	113	'3	ISO16_RS04100	74	'5	93.5	False	outside
3	REP228a;REP228b;REP228c	6;7;5	6.0	78;17	47.5	923101	923243	ISO16_RS04100	123	'3	ISO16_RS04105		'3		False	inside
4	REP229a;REP229b;REP229c;REP2648a	7;6;5;5	5.75	1;84;43	42.666666666666664	926051	926245	ISO16_RS04110	21	'3	ISO16_RS04115	149	'3	85.0	False	outside
2	REP2647d;REP2647c	12;7	9.5	21	21.0	933645	933728	ISO16_RS04130	-22	'3	ISO16_RS04135	263	'3	120.5	False	outside
2	REP2647b;REP230c	6;5	5.5	44	44.0	933862	933935	ISO16_RS04130	195	'3	ISO16_RS04135	56	'3	125.5	False	outside
3	REP2640c;REP2640b;REP2640a	6;4;3	4.333333333333333	8;67	37.5	967393	967510	ISO16_RS04285		'3	ISO16_RS04290	78	'3		False	inside
2	REP234a;REP234d	4;8	6.0	67	67.0	969351	969453	ISO16_RS04295	113	'3	ISO16_RS04300		'3		False	outside
2	REP2638d;REP2638c	11;4	7.5	6	6.0	974987	975035	ISO16_RS04315		'3	ISO16_RS04320	589	'3		False	inside
2	REP235a;REP235b	6;6	6.0	55	55.0	975662	975753	ISO16_RS04315	51	'3	ISO16_RS04320		'3		False	inside
2	REP2637b;REP237a	3;19	11.0	72	72.0	982069	982204	ISO16_RS04355		'3	ISO16_RS04360	11	'3		False	outside
2	REP2636a;REP238a	7;9	8.0	86	86.0	986765	986893	ISO16_RS04370	0	'3	ISO16_RS04375		'3		False	outside
2	REP238b;REP238c	7;4	5.5	33	33.0	987151	987217	ISO16_RS04375		'5	ISO16_RS04380	285	'3		False	inside
4	REP2635d;REP2635b;REP240a;REP240b	6;6;7;10	7.25	81;92;81	84.66666666666667	993553	993884	ISO16_RS04405		'3	ISO16_RS04410		'3		False	inside
2	REP2634b;REP2634a	8;4	6.0	-13	-13.0	995141	995164	ISO16_RS04410	29	'5	ISO16_RS04415	102	'3	65.5	True	outside
2	REP241b;REP241c	5;10	7.5	10	10.0	997132	997191	ISO16_RS04425	82	'3	ISO16_RS04430		'3		False	inside
2	REP242c;REP242d	5;4	4.5	-3	-3.0	997651	997675	ISO16_RS28890	92	'3	ISO16_RS04435		'3		True	inside
2	REP2632b;REP2632a	5;5	5.0	81	81.0	1002660	1002770	ISO16_RS04440	23	'5	ISO16_RS04445	44	'3	33.5	False	outside
2	REP2631d;REP2631c	5;7	6.0	-4	-4.0	1004687	1004714	ISO16_RS04445	85	'5	ISO16_RS04450	297	'3	191.0	True	outside
2	REP2629d;REP2629c	6;14	10.0	43	43.0	1012704	1012803	ISO16_RS04485		'3	ISO16_RS04490	126	'3		False	outside
5	REP2628d;REP2628c;REP2628b;REP2628a;REP244c	6;4;6;16;7	7.8	55;-5;37;5	23.0	1015272	1015472	ISO16_RS04500		'3	ISO16_RS04505	-16	'3		True	outside
2	REP245a;REP2627c	11;19	15.0	-25	-25.0	1018661	1018714	ISO16_RS04515	15	'3	ISO16_RS04520	51	'3	33.0	True	outside
2	REP246c;REP246d	6;7	6.5	-7	-7.0	1021414	1021440	ISO16_RS04530		'5	ISO16_RS04535	57	'3		True	inside
3	REP2625c;REP2625b;REP2625a	9;9;15	11.0	16;93	54.5	1027999	1028189	ISO16_RS04545	28	'5	ISO16_RS04550	10	'3	19.0	False	outside
2	REP2622d;REP2622c	9;7	8.0	75	75.0	1035707	1035829	ISO16_RS04580	250	'5	ISO16_RS04590	160	'3	205.0	False	inside
3	REP247a;REP247c;REP247d	8;11;5	8.0	60;8	34.0	1036121	1036257	ISO16_RS04585	135	'3	ISO16_RS04590		'3		False	inside
3	REP2621c;REP2621b;REP2621a	6;13;6	8.333333333333334	73;34	53.5	1038304	1038477	ISO16_RS04600		'3	ISO16_RS04605	86	'3		False	inside
3	REP2618d;REP2618c;REP2618b	8;7;4	6.333333333333333	89;92	90.5	1055503	1055740	ISO16_RS04700		'3	ISO16_RS04705	100	'3		False	inside
2	REP2617c;REP2617a	8;13	10.5	39	39.0	1057571	1057659	ISO16_RS04710	14	'5	ISO16_RS04715	60	'3	37.0	False	outside
2	REP2613d;REP2613c	8;8	8.0	45	45.0	1066504	1066591	ISO16_RS04755	421	'5	ISO16_RS04765	368	'3	394.5	False	inside
3	REP2611b;REP2611a;REP256c	16;4;5	8.333333333333334	34;-12	11.0	1071683	1071768	ISO16_RS04790	18	'3	ISO16_RS04795	5	'3	11.5	True	outside
3	REP2607c;REP2607b;REP257c	3;11;4	6.0	94;9	51.5	1082429	1082583	ISO16_RS04830		'3	ISO16_RS04835	4	'3		False	outside
4	REP2604d;REP2604b;REP2604a;REP258b	5;6;12;5	7.0	80;23;67	56.666666666666664	1102672	1102919	ISO16_RS04880		'3	ISO16_RS04885		'3		False	inside
2	REP2603b;REP2603a	6;9	7.5	-18	-18.0	1103925	1103947	ISO16_RS04890	71	'5	ISO16_RS04895	0	'3	35.5	True	outside
2	REP2601b;REP2601a	8;5	6.5	-9	-9.0	1106847	1106882	ISO16_RS04910	794	'5	ISO16_RS04915	21	'3	407.5	True	outside
3	REP2600d;REP2600c;REP2600b	7;8;5	6.666666666666667	15;8	11.5	1108627	1108713	ISO16_RS04920		'3	ISO16_RS04925	143	'3		False	inside
2	REP260c;REP260d	6;6	6.0	65	65.0	1109078	1109178	ISO16_RS04920	237	'3	ISO16_RS04925		'3		False	inside
3	REP2599d;REP2599c;REP2599b	6;8;7	7.0	31;19	25.0	1110615	1110727	ISO16_RS04930		'3	ISO16_RS04935	697	'3		False	inside
4	REP2598c;REP262a;REP2598a;REP262c	4;8;10;6	7.0	85;39;59	61.0	1113506	1113777	ISO16_RS04940		'3	ISO16_RS04945		'3		False	inside
2	REP263b;REP263d	7;9	8.0	44	44.0	1116177	1116258	ISO16_RS04955	227	'3	ISO16_RS04960		'3		False	inside
2	REP264b;REP264c	15;7	11.0	40	40.0	1126287	1126377	ISO16_RS04995	19	'3	ISO16_RS05000		'3		False	outside
2	REP2593b;REP2593a	6;4	5.0	47	47.0	1131737	1131813	ISO16_RS05010	167	'5	ISO16_RS05015	46	'3	106.5	False	outside
2	REP2591c;REP2591b	5;4	4.5	-6	-6.0	1137042	1137073	ISO16_RS05045	127	'5	ISO16_RS05050	44	'3	85.5	True	outside
2	REP2588d;REP2588a	6;17	11.5	88	88.0	1152707	1152854	ISO16_RS05105	263	'5	ISO16_RS05110	27	'3	145.0	False	outside
2	REP265b;REP265d	10;6	8.0	53	53.0	1159257	1159353	ISO16_RS05140	178	'3	ISO16_RS05145		'3		False	inside
6	REP2584d;REP2584c;REP2584b;REP2584a;REP267a;REP267b	6;7;15;11;9;7	9.166666666666666	80;41;23;39;-8	35.0	1167895	1168216	ISO16_RS05175		'3	ISO16_RS05180		'3		True	inside
2	REP2579b;REP2579a	8;5	6.5	49	49.0	1181837	1181925	ISO16_RS05245		'3	ISO16_RS05250	11	'3		False	outside
2	REP268c;REP268d	6;5	5.5	78	78.0	1182172	1182280	ISO16_RS05245	262	'3	ISO16_RS05250		'3		False	inside
3	REP269a;REP269b;REP269c	20;4;8	10.666666666666666	-15;39	12.0	1187993	1188097	ISO16_RS05275	22	'3	ISO16_RS05280	706	'3	364.0	True	outside
2	REP2578d;REP2578c	5;5	5.0	10	10.0	1188339	1188378	ISO16_RS05275	368	'3	ISO16_RS05280	425	'3	396.5	False	outside
3	REP2573d;REP273a;REP2573a	7;7;7	7.0	48;10	29.0	1198480	1198589	ISO16_RS05325		'3	ISO16_RS05330	0	'3		False	outside
2	REP273c;REP273d	5;5	5.0	-6	-6.0	1198775	1198795	ISO16_RS05325	230	'3	ISO16_RS05330		'3		True	inside
3	REP274a;REP274b;REP274c	13;6;11	10.0	-6;48	21.0	1202418	1202535	ISO16_RS05340	9	'3	ISO16_RS05345	131	'5	70.0	True	outside
3	REP2572d;REP2572c;REP2572b	14;6;4	8.0	58;41	49.5	1207744	1207923	ISO16_RS05365		'3	ISO16_RS05370	275	'3		False	inside
2	REP278c;REP278d	9;6	7.5	16	16.0	1208532	1208594	ISO16_RS05370		'5	ISO16_RS05375	294	'5		False	inside
5	REP2571d;REP2571c;REP279b;REP2571a;REP279d	8;21;9;3;7	9.6	96;13;-29;62	35.5	1210228	1210512	ISO16_RS05375		'3	ISO16_RS05380		'3		True	inside
3	REP2570d;REP280a;REP2570a	6;6;18	10.0	93;21	57.0	1213374	1213562	ISO16_RS05390		'3	ISO16_RS05395	9	'3		False	outside
2	REP2569a;REP281a	12;7	9.5	80	80.0	1215807	1215945	ISO16_RS05400	-33	'3	ISO16_RS05405		'3		False	outside
2	REP281c;REP281d	6;8	7.0	70	70.0	1216216	1216325	ISO16_RS05400	376	'3	ISO16_RS05405		'3		False	inside
2	REP282a;REP282b	8;4	6.0	8	8.0	1221800	1221843	ISO16_RS05415	257	'3	ISO16_RS05420		'3		False	inside
3	REP2566c;REP2566b;REP2566a	5;7;9	7.0	88;-4	42.0	1231081	1231230	ISO16_RS05450		'3	ISO16_RS05455	45	'3		True	inside
3	REP284a;REP284c;REP284d	5;12;9	8.666666666666666	18;58	38.0	1231332	1231482	ISO16_RS05450	60	'3	ISO16_RS05455		'3		False	inside
2	REP285c;REP285d	5;8	6.5	69	69.0	1234893	1234999	ISO16_RS05475	182	'3	ISO16_RS05480		'3		False	inside
2	REP2564c;REP2564b	8;7	7.5	7	7.0	1240061	1240106	ISO16_RS05505	110	'3	ISO16_RS05510		'5		False	inside
4	REP286a;REP286b;REP286c;REP286d	4;4;4;11	5.75	26;61;90	59.0	1240595	1240837	ISO16_RS05510	261	'3	ISO16_RS05515		'3		False	inside
3	REP288b;REP288c;REP288d	5;5;2	4.0	93;82	87.5	1248150	1248363	ISO16_RS28900	219	'3	ISO16_RS05545	110	'5	164.5	False	outside
3	REP2562b;REP2562a;REP289b	2;13;8	7.666666666666667	30;7	18.5	1249880	1249983	ISO16_RS05545		'3	ISO16_RS05550		'3		False	inside
3	REP2560a;REP293b;REP293c	26;5;4	11.666666666666666	35;-3	16.0	1261716	1261837	ISO16_RS05595	4	'3	ISO16_RS05600		'3		True	outside
2	REP2559b;REP2559a	13;8	10.5	-16	-16.0	1266966	1267005	ISO16_RS05615	155	'3	ISO16_RS05620	130	'3	142.5	True	outside
2	REP294c;REP294d	5;7	6.0	53	53.0	1267116	1267202	ISO16_RS05615	305	'3	ISO16_RS05620		'3		False	outside
2	REP2558a;REP295b	16;4	10.0	23	23.0	1268853	1268925	ISO16_RS05625	8	'3	ISO16_RS05630		'3		False	outside
4	REP2556d;REP298d;REP2556b;REP2556a	21;4;6;6	9.25	83;67;88	79.33333333333333	1278585	1278918	ISO16_RS05670	504	'3	ISO16_RS05690	197	'3	350.5	False	outside
2	REP2555d;REP2555c	6;6	6.0	4	4.0	1284886	1284922	ISO16_RS05705		'3	ISO16_RS05710	297	'3		False	inside
3	REP2555b;REP300b;REP300c	13;17;7	12.333333333333334	-30;44	7.0	1285156	1285268	ISO16_RS05705	4	'3	ISO16_RS05710		'3		True	outside
2	REP303d;REP2551	3;5	4.0	13	13.0	1296242	1296285	ISO16_RS05770		'5	ISO16_RS05775	77	'3		False	outside
3	REP304a;REP304b;REP304c	12;8;10	10.0	97;22	59.5	1302822	1303014	ISO16_RS05800	20	'3	ISO16_RS05805		'3		False	inside
2	REP2548b;REP305c	4;6	5.0	54	54.0	1303880	1303965	ISO16_RS05810	42	'3	ISO16_RS05815		'3		False	outside
2	REP2546b;REP2546a	7;4	5.5	58	58.0	1315347	1315438	ISO16_RS05865		'3	ISO16_RS05870	176	'3		False	inside
2	REP308c;REP308d	6;4	5.0	85	85.0	1315924	1316035	ISO16_RS05865	393	'3	ISO16_RS05870		'3		False	inside
3	REP2545d;REP2545c;REP2545b	6;4;9	6.333333333333333	35;36	35.5	1318392	1318517	ISO16_RS05880		'3	ISO16_RS05885	453	'3		False	inside
2	REP309a;REP309c	7;11	9.0	-8	-8.0	1319100	1319137	ISO16_RS05880	134	'3	ISO16_RS05885		'3		True	inside
2	REP2544d;REP2544c	5;7	6.0	80	80.0	1321930	1322051	ISO16_RS05890	233	'5	ISO16_RS05895		'5		False	inside
3	REP2541d;REP2541b;REP313a	2;5;15	7.333333333333333	57;56	56.5	1345349	1345524	ISO16_RS06005		'3	ISO16_RS06010	54	'3		False	outside
3	REP313b;REP313c;REP313d	8;6;5	6.333333333333333	51;43	47.0	1345938	1346086	ISO16_RS06005	458	'3	ISO16_RS06015	395	'3	426.5	False	inside
2	REP2538b;REP2538a	7;16	11.5	44	44.0	1354176	1354276	ISO16_RS06060		'3	ISO16_RS06065	8	'3		False	outside
3	REP2536d;REP2536c;REP2536b	6;4;23	11.0	21;80	50.5	1357153	1357358	ISO16_RS06070	185	'5	ISO16_RS06075	62	'3	123.5	False	outside
4	REP2534b;REP2534a;REP317b;REP317c	4;18;8;5	8.75	34;66;6	35.333333333333336	1365382	1365587	ISO16_RS06100		'3	ISO16_RS06105		'3		False	inside
5	REP2532c;REP2532b;REP319a;REP319b;REP319c	8;4;13;7;6	7.6	49;87;64;21	55.25	1369010	1369335	ISO16_RS06120		'3	ISO16_RS06125		'3		False	inside
2	REP320a;REP320c	9;8	8.5	14	14.0	1375919	1375976	ISO16_RS06150	46	'3	ISO16_RS06155		'3		False	inside
2	REP321b;REP321c	6;10	8.0	51	51.0	1378836	1378928	ISO16_RS06165	219	'3	ISO16_RS06175	267	'3	243.0	False	inside
2	REP2527a;REP323b	6;9	7.5	9	9.0	1395917	1395964	ISO16_RS06240	5	'3	ISO16_RS06245		'3		False	outside
2	REP2526c;REP2526b	6;6	6.0	11	11.0	1400681	1400735	ISO16_RS06270	191	'5	ISO16_RS06275	49	'3	120.0	False	outside
3	REP2525d;REP2525c;REP2525b	6;7;9	7.333333333333333	5;52	28.5	1403386	1403497	ISO16_RS06280		'3	ISO16_RS06285	332	'3		False	inside
3	REP324a;REP324b;REP324c	9;9;6	8.0	26;70	48.0	1403837	1404000	ISO16_RS06280	8	'3	ISO16_RS06285		'3		False	inside
2	REP2523b;REP2523a	4;15	9.5	11	11.0	1405988	1406044	ISO16_RS06290	94	'5	ISO16_RS06295	24	'3	59.0	False	outside
2	REP325b;REP325d	4;4	4.0	79	79.0	1411047	1411153	ISO16_RS06310	373	'3	ISO16_RS06315		'3		False	inside
5	REP2519d;REP327a;REP327b;REP2519b;REP2519a	7;6;16;16;6	10.2	22;-15;-15;-15	-5.75	1423091	1423198	ISO16_RS06375		'3	ISO16_RS06380	9	'3		True	outside
4	REP2518d;REP2518b;REP2518a;REP329a	5;10;5;7	6.75	21;-4;56	24.333333333333332	1428900	1429052	ISO16_RS06405		'3	ISO16_RS06410	-10	'3		True	outside
3	REP331b;REP331c;REP331d	7;7;6	6.666666666666667	2;58	30.0	1433164	1433276	ISO16_RS06430	143	'3	ISO16_RS06435		'3		False	inside
2	REP2515b;REP2515a	6;6	6.0	-5	-5.0	1441518	1441551	ISO16_RS06470		'3	ISO16_RS06475	167	'3		True	inside
4	REP332a;REP332b;REP332c;REP332d	7;9;9;7	8.0	22;40;95	52.333333333333336	1441766	1442013	ISO16_RS06470	48	'3	ISO16_RS06475		'3		False	inside
2	REP2514c;REP2514b	17;6	11.5	33	33.0	1442619	1442712	ISO16_RS06475	484	'5	ISO16_RS06490	166	'3	325.0	False	outside
2	REP2511b;REP2511a	12;12	12.0	48	48.0	1448265	1448380	ISO16_RS06515	410	'5	ISO16_RS06525	13	'3	211.5	False	outside
2	REP2509d;REP2509c	5;9	7.0	83	83.0	1457381	1457503	ISO16_RS06570		'3	ISO16_RS06575	158	'3		False	inside
2	REP2508c;REP2508b	8;5	6.5	7	7.0	1460078	1460121	ISO16_RS06580	177	'3	ISO16_RS06590	163	'3	170.0	False	outside
2	REP2507d;REP2507b	11;6	8.5	51	51.0	1463508	1463604	ISO16_RS06590	236	'5	ISO16_RS06595		'5		False	inside
2	REP336c;REP336d	10;14	12.0	-12	-12.0	1464341	1464394	ISO16_RS06595	308	'3	ISO16_RS06600		'3		True	inside
3	REP2503d;REP2503c;REP2503a	7;11;7	8.333333333333334	19;81	50.0	1473686	1473858	ISO16_RS06640		'3	ISO16_RS06645	13	'3		False	inside
3	REP2502b;REP2502a;REP340b	10;7;8	8.333333333333334	-21;73	26.0	1476336	1476457	ISO16_RS06655		'3	ISO16_RS06660		'3		True	inside
2	REP2501b;REP2501a	7;11	9.0	70	70.0	1484979	1485092	ISO16_RS06680	20	'3	ISO16_RS06685		'5		False	inside
3	REP341b;REP341c;REP341d	7;6;5	6.0	10;49	29.5	1485322	1485437	ISO16_RS06685	66	'3	ISO16_RS28620		'3		False	inside
6	REP2500d;REP2500b;REP2500a;REP342a;REP342c;REP342d	13;11;20;5;6;13	11.333333333333334	60;27;44;33;-17	29.4	1488468	1488802	ISO16_RS06695		'3	ISO16_RS06700		'3		True	inside
2	REP2496b;REP344b	7;11	9.0	34	34.0	1503016	1503097	ISO16_RS06755	7	'3	ISO16_RS06760	18	'3	12.5	False	outside
2	REP2495c;REP2495a	8;5	6.5	35	35.0	1506926	1506999	ISO16_RS06775		'3	ISO16_RS06780	160	'3		False	inside
3	REP345b;REP345c;REP345d	7;10;9	8.666666666666666	51;29	40.0	1507350	1507508	ISO16_RS06775	216	'3	ISO16_RS06780		'3		False	inside
2	REP2494b;REP2494a	18;4	11.0	-12	-12.0	1510456	1510494	ISO16_RS06800	23	'3	ISO16_RS06805	100	'3	61.5	True	outside
3	REP2492b;REP2492a;REP348a	9;6;5	6.666666666666667	-17;34	8.5	1514081	1514157	ISO16_RS06825		'3	ISO16_RS06830		'3		True	inside
4	REP349a;REP349b;REP349c;REP349d	15;5;7;6	8.25	32;22;43	32.333333333333336	1516761	1516940	ISO16_RS06840	30	'3	ISO16_RS06845		'3		False	outside
3	REP2487c;REP2487b;REP2487a	8;7;11	8.666666666666666	9;70	39.5	1527414	1527562	ISO16_RS06885	19	'5	ISO16_RS06890	88	'3	53.5	False	outside
3	REP2483d;REP2483c;REP2483b	6;7;14	9.0	24;20	22.0	1541862	1541979	ISO16_RS06950		'3	ISO16_RS06955	70	'3		False	inside
2	REP352b;REP352c	8;7	7.5	50	50.0	1545868	1545964	ISO16_RS06970	218	'3	ISO16_RS06975		'3		False	inside
3	REP2481b;REP2481a;REP353a	6;5;5	5.333333333333333	43;74	58.5	1551599	1551767	ISO16_RS07000		'3	ISO16_RS07005		'3		False	inside
2	REP2479d;REP2479c	5;3	4.0	-7	-7.0	1559257	1559286	ISO16_RS07035	128	'5	ISO16_RS07040	71	'5	99.5	True	outside
3	REP356a;REP356b;REP356c	8;6;5	6.333333333333333	6;60	33.0	1567684	1567808	ISO16_RS07085	128	'3	ISO16_RS07095	208	'5	168.0	False	inside
2	REP2477c;REP2477b	8;8	8.0	71	71.0	1574022	1574141	ISO16_RS07120	240	'3	ISO16_RS07130		'5		False	inside
2	REP359c;REP359d	4;16	10.0	44	44.0	1574800	1574896	ISO16_RS07130	419	'3	ISO16_RS07135		'3		False	inside
2	REP2476d;REP2476c	6;4	5.0	13	13.0	1577417	1577458	ISO16_RS07140		'3	ISO16_RS07145	163	'3		False	inside
2	REP2476b;REP360c	6;9	7.5	93	93.0	1577591	1577722	ISO16_RS07140	7	'3	ISO16_RS07145		'3		False	outside
2	REP2475a;REP361a	8;6	7.0	82	82.0	1582137	1582256	ISO16_RS07160		'3	ISO16_RS07165		'3		False	inside
4	REP2474d;REP2474c;REP2474b;REP2474a	5;6;7;9	6.75	81;30;-2	36.333333333333336	1592889	1593076	ISO16_RS07200		'3	ISO16_RS07205	78	'3		True	outside
3	REP2473d;REP2473c;REP2473b	6;9;4	6.333333333333333	70;55	62.5	1594562	1594755	ISO16_RS07215		'3	ISO16_RS07220	74	'3		False	outside
4	REP2471d;REP2471c;REP2471b;REP2471a	4;8;5;8	6.25	73;12;59	48.0	1599432	1599645	ISO16_RS07230	83	'5	ISO16_RS07235	80	'3	81.5	False	outside
2	REP2470d;REP2470c	5;3	4.0	22	22.0	1601510	1601563	ISO16_RS07240		'3	ISO16_RS07245	207	'3		False	inside
2	REP365a;REP365b	5;4	4.5	10	10.0	1602328	1602366	ISO16_RS07245		'5	ISO16_RS07250	447	'3		False	inside
3	REP366a;REP366b;REP366c	19;3;6	9.333333333333334	-11;40	14.5	1610873	1610974	ISO16_RS07280	11	'3	ISO16_RS07285		'3		True	outside
2	REP2465d;REP2465c	7;5	6.0	60	60.0	1621078	1621173	ISO16_RS07340	405	'3	ISO16_RS07345		'5		False	inside
2	REP368b;REP368c	3;4	3.5	27	27.0	1621998	1622054	ISO16_RS07345	32	'3	ISO16_RS07350		'3		False	inside
2	REP2464d;REP2464c	4;9	6.5	98	98.0	1631759	1631896	ISO16_RS07390		'3	ISO16_RS07395	180	'3		False	inside
2	REP369a;REP369c	22;5	13.5	68	68.0	1632023	1632153	ISO16_RS07390	17	'3	ISO16_RS07395		'3		False	outside
2	REP370c;REP370d	7;12	9.5	8	8.0	1635637	1635701	ISO16_RS07410		'5	ISO16_RS07415	324	'3		False	inside
4	REP2461d;REP2461c;REP2461b;REP2461a	8;16;17;7	12.0	-21;-27;-16	-21.333333333333332	1635969	1636025	ISO16_RS07410	28	'5	ISO16_RS07415	0	'3	14.0	True	outside
4	REP2459b;REP371a;REP371b;REP371d	9;10;5;3	6.75	57;96;72	75.0	1642090	1642390	ISO16_RS07435		'3	ISO16_RS07445	115	'3		False	inside
2	REP2458a;REP372a	6;16	11.0	93	93.0	1644565	1644715	ISO16_RS07455		'3	ISO16_RS07460		'3		False	inside
2	REP2457d;REP2457c	5;6	5.5	83	83.0	1646217	1646334	ISO16_RS07470		'3	ISO16_RS07475	377	'3		False	inside
3	REP2455a;REP374a;REP374b	6;6;6	6.0	45;48	46.5	1655440	1655581	ISO16_RS07510		'3	ISO16_RS07515		'3		False	inside
2	REP374c;REP374d	6;6	6.0	37	37.0	1655748	1655819	ISO16_RS07510	261	'3	ISO16_RS07515		'3		False	inside
3	REP2454d;REP2454c;REP2454b	4;7;5	5.333333333333333	37;28	32.5	1664295	1664405	ISO16_RS07540		'3	ISO16_RS07545	274	'3		False	inside
3	REP2454a;REP375c;REP375d	20;4;9	11.0	77;59	68.0	1664634	1664848	ISO16_RS07540	15	'3	ISO16_RS07545		'3		False	outside
6	REP2453d;REP2453c;REP2453b;REP376a;REP376b;REP376c	6;5;7;19;6;12	9.166666666666666	81;-7;35;59;17	37.0	1668757	1669082	ISO16_RS07565	196	'5	ISO16_RS07575		'3		True	inside
2	REP2452d;REP2452c	5;4	4.5	4	4.0	1674424	1674458	ISO16_RS07595		'3	ISO16_RS07600	271	'3		False	inside
5	REP2452a;REP377a;REP377b;REP377c;REP377d	6;16;9;5;7	8.6	12;90;73;46	55.25	1674660	1675014	ISO16_RS07595	26	'3	ISO16_RS07600		'3		False	outside
2	REP378a;REP378b	15;5	10.0	45	45.0	1678357	1678448	ISO16_RS07615	15	'3	ISO16_RS07620		'3		False	outside
2	REP378c;REP378d	6;8	7.0	89	89.0	1678573	1678703	ISO16_RS07615	231	'3	ISO16_RS07620		'3		False	inside
3	REP2448b;REP2448a;REP379b	7;26;6	13.0	44;-8	18.0	1685417	1685543	ISO16_RS07640		'3	ISO16_RS07645	-8	'3		True	outside
2	REP2446c;REP380a	11;17	14.0	8	8.0	1688933	1689005	ISO16_RS07660	-13	'3	ISO16_RS07665	47	'3	17.0	False	outside
2	REP380c;REP380d	7;7	7.0	73	73.0	1689107	1689218	ISO16_RS07660	161	'3	ISO16_RS07665		'3		False	inside
4	REP381a;REP381b;REP381c;REP381d	6;8;6;10	7.5	-4;54;14	21.333333333333332	1693362	1693515	ISO16_RS07675	88	'3	ISO16_RS07680		'3		True	inside
3	REP2437d;REP2437a;REP383a	5;6;5	5.333333333333333	68;52	60.0	1716439	1716601	ISO16_RS07780		'3	ISO16_RS07785		'3		False	inside
2	REP383b;REP383c	16;6	11.0	82	82.0	1716808	1716946	ISO16_RS07780	234	'3	ISO16_RS07785		'3		False	inside
2	REP384b;REP384c	8;8	8.0	61	61.0	1720034	1720140	ISO16_RS07795		'5	ISO16_RS07800	170	'3		False	inside
3	REP386a;REP386b;REP386c	11;4;4	6.333333333333333	43;18	30.5	1722644	1722756	ISO16_RS07810	217	'3	ISO16_RS07815		'3		False	outside
2	REP2434d;REP2434a	7;6	6.5	25	25.0	1723735	1723793	ISO16_RS07815	29	'5	ISO16_RS07820	4	'3	16.5	False	outside
2	REP2433b;REP2433a	7;16	11.5	10	10.0	1726432	1726505	ISO16_RS07830	16	'5	ISO16_RS07835	13	'3	14.5	False	outside
2	REP387b;REP387c	12;5	8.5	36	36.0	1729257	1729335	ISO16_RS07860	49	'3	ISO16_RS07865		'3		False	outside
2	REP2429b;REP2429a	14;11	12.5	7	7.0	1732048	1732117	ISO16_RS07875	84	'5	ISO16_RS07880	94	'3	89.0	False	outside
2	REP2425a;REP2425b	20;3	11.5	-34	-34.0	1748932	1748952	ISO16_RS08010	17	'3	ISO16_RS08015	37	'3	27.0	True	outside
2	REP2423d;REP2423b	7;7	7.0	91	91.0	1770163	1770295	ISO16_RS08025	298	'5	ISO16_RS28635	182	'3	240.0	False	outside
2	REP2422d;REP2422b	10;6	8.0	65	65.0	1790119	1790231	ISO16_RS29050		'3	ISO16_RS08040	162	'3		False	inside
2	REP2417b;REP2417a	7;12	9.5	26	26.0	1851437	1851517	ISO16_RS08090		'3	ISO16_RS08095	12	'3		False	outside
2	REP2415b;REP2415a	5;14	9.5	67	67.0	1858044	1858157	ISO16_RS08115	47	'5	ISO16_RS08120	7	'3	27.0	False	outside
2	REP2414b;REP392b	5;10	7.5	79	79.0	1860120	1860238	ISO16_RS08125		'3	ISO16_RS08130	-16	'3		False	outside
2	REP392c;REP392d	4;8	6.0	90	90.0	1860385	1860509	ISO16_RS08125	176	'3	ISO16_RS08130		'3		False	inside
2	REP2413c;REP2413a	9;7	8.0	40	40.0	1864552	1864632	ISO16_RS08145	26	'5	ISO16_RS08150	10	'3	18.0	False	outside
2	REP2411d;REP2411c	6;9	7.5	46	46.0	1873405	1873489	ISO16_RS08190		'3	ISO16_RS08195	70	'3		False	inside
2	REP393a;REP393b	5;4	4.5	57	57.0	1873647	1873730	ISO16_RS08190	93	'3	ISO16_RS08195		'3		False	inside
2	REP2410d;REP2410c	9;6	7.5	38	38.0	1874595	1874674	ISO16_RS08195	25	'5	ISO16_RS08200	384	'3	204.5	False	outside
3	REP2409c;REP396a;REP396b	7;6;8	7.0	7;43	25.0	1882055	1882163	ISO16_RS08225		'3	ISO16_RS08230	12	'3		False	outside
2	REP2407d;REP2407c	11;4	7.5	71	71.0	1884083	1884191	ISO16_RS08240		'3	ISO16_RS08245	364	'3		False	inside
3	REP397a;REP397b;REP397c	11;8;10	9.666666666666666	-6;17	5.5	1884616	1884704	ISO16_RS08240	77	'3	ISO16_RS08245		'3		True	inside
3	REP2406b;REP2406a;REP399a	6;3;4	4.333333333333333	49;3	26.0	1887506	1887617	ISO16_RS08260		'3	ISO16_RS08265	91	'3		False	outside
3	REP399b;REP399c;REP399d	7;10;9	8.666666666666666	-9;89	40.0	1887920	1888068	ISO16_RS08260	365	'3	ISO16_RS08265		'3		True	inside
3	REP2405c;REP400c;REP400d	2;3;7	4.0	74;15	44.5	1891325	1891454	ISO16_RS08275	336	'3	ISO16_RS08280	0	'3	168.0	False	outside
2	REP2404d;REP2404c	7;7	7.0	2	2.0	1894162	1894205	ISO16_RS08290		'3	ISO16_RS08295	229	'3		False	inside
2	REP402a;REP402d	23;8	15.5	54	54.0	1903701	1903831	ISO16_RS08335	23	'3	ISO16_RS08340		'3		False	outside
2	REP404c;REP404d	7;5	6.0	-6	-6.0	1909218	1909244	ISO16_RS08365		'5	ISO16_RS08370	376	'3		True	inside
2	REP2399b;REP405c	10;4	7.0	9	9.0	1913595	1913641	ISO16_RS08385	65	'5	ISO16_RS08390	76	'3	70.5	False	outside
3	REP2397b;REP406a;REP406b	6;20;4	10.0	75;18	46.5	1918976	1919141	ISO16_RS08405		'3	ISO16_RS08410	-7	'3		False	outside
2	REP406c;REP406d	7;4	5.5	35	35.0	1919288	1919355	ISO16_RS08405	227	'3	ISO16_RS08410		'3		False	inside
2	REP407a;REP407b	14;13	13.5	1	1.0	1920983	1921047	ISO16_RS08415	6	'3	ISO16_RS08420	69	'5	37.5	False	outside
6	REP2396d;REP2396c;REP2396b;REP2396a;REP408a;REP408d	4;9;8;6;6;4	6.166666666666667	12;25;56;63;59	43.0	1921533	1921859	ISO16_RS08420		'3	ISO16_RS08425		'3		False	inside
4	REP2395c;REP409b;REP2395a;REP409d	5;7;15;4	7.75	-1;1;54	18.0	1926574	1926713	ISO16_RS08455	41	'3	ISO16_RS08460		'3		True	outside
3	REP2393d;REP2393c;REP2393b	6;7;5	6.0	77;79	78.0	1944961	1945167	ISO16_RS08540		'3	ISO16_RS08545	222	'3		False	inside
3	REP2392d;REP2392c;REP2392b	7;5;4	5.333333333333333	66;36	51.0	1949202	1949353	ISO16_RS08560		'3	ISO16_RS08565	154	'3		False	inside
2	REP2392a;REP411a	6;4	5.0	13	13.0	1949475	1949514	ISO16_RS08560	16	'3	ISO16_RS08565	-7	'3	4.5	False	outside
3	REP2390d;REP2390b;REP2390a	4;5;8	5.666666666666667	78;2	40.0	1954331	1954456	ISO16_RS08595	96	'5	ISO16_RS08600	39	'3	67.5	False	outside
2	REP2389c;REP2389b	4;8	6.0	56	56.0	1957398	1957488	ISO16_RS08605	252	'3	ISO16_RS08615	197	'3	224.5	False	inside
4	REP2384d;REP2384c;REP2384b;REP2384a	5;7;19;7	9.5	47;29;11	29.0	1978546	1978727	ISO16_RS08680	121	'5	ISO16_RS08685	16	'3	68.5	False	outside
2	REP2383b;REP2383a	5;6	5.5	5	5.0	1979166	1979200	ISO16_RS08685	36	'5	ISO16_RS08690	35	'3	35.5	False	outside
2	REP413b;REP413c	6;14	10.0	2	2.0	1985626	1985680	ISO16_RS08750	42	'3	ISO16_RS08755		'3		False	inside
5	REP2377b;REP2377a;REP414a;REP414c;REP414d	12;10;7;5;5	7.8	45;76;48;21	47.5	1988860	1989153	ISO16_RS08765		'3	ISO16_RS08770		'3		False	inside
4	REP415a;REP415b;REP415c;REP415d	17;6;7;7	9.25	-7;59;84	45.333333333333336	1994622	1994846	ISO16_RS08795	5	'3	ISO16_RS08800		'3		True	outside
3	REP2375d;REP2375c;REP2375b	9;4;7	6.666666666666667	18;50	34.0	1998432	1998555	ISO16_RS08820	104	'3	ISO16_RS08830	206	'3	155.0	False	inside
2	REP417a;REP417b	19;6	12.5	-2	-2.0	1998711	1998770	ISO16_RS08825	1	'3	ISO16_RS08830	-9	'3	-4.0	True	outside
3	REP2373d;REP2373b;REP2373a	4;6;2	4.0	36;72	54.0	2008747	2008897	ISO16_RS08880		'3	ISO16_RS08885	44	'3		False	inside
2	REP419b;REP419d	7;10	8.5	37	37.0	2009384	2009467	ISO16_RS08885	59	'5	ISO16_RS08890		'3		False	inside
3	REP420b;REP420c;REP420d	7;6;8	7.0	23;10	16.5	2013286	2013379	ISO16_RS08920	123	'3	ISO16_RS08925		'3		False	inside
2	REP422a;REP422b	12;8	10.0	22	22.0	2028174	2028246	ISO16_RS08985	110	'3	ISO16_RS08990		'3		False	inside
2	REP2367b;REP2367a	7;9	8.0	2	2.0	2030726	2030774	ISO16_RS09005	9	'5	ISO16_RS09010	23	'3	16.0	False	outside
3	REP423b;REP423c;REP423d	8;4;7	6.333333333333333	-4;13	4.5	2038897	2038959	ISO16_RS09040	441	'3	ISO16_RS09045		'3		True	inside
2	REP2365d;REP2365c	4;5	4.5	44	44.0	2040592	2040666	ISO16_RS09050	25	'5	ISO16_RS09055	125	'3	75.0	False	outside
3	REP2362d;REP2362c;REP2362b	4;5;10	6.333333333333333	34;48	41.0	2044111	2044248	ISO16_RS09080		'3	ISO16_RS09085	53	'3		False	inside
4	REP424a;REP424b;REP424c;REP424d	6;5;9;3	5.75	50;41;58	49.666666666666664	2044542	2044761	ISO16_RS09080	196	'3	ISO16_RS09085		'3		False	inside
2	REP2360b;REP2360a	6;13	9.5	16	16.0	2050241	2050307	ISO16_RS09110	146	'5	ISO16_RS09115	5	'3	75.5	False	outside
2	REP2359d;REP2359c	5;4	4.5	20	20.0	2054593	2054638	ISO16_RS09125		'3	ISO16_RS09130	80	'3		False	inside
2	REP2358d;REP2358c	6;11	8.5	50	50.0	2058386	2058479	ISO16_RS09140		'3	ISO16_RS09145	420	'3		False	inside
2	REP2357b;REP2357a	6;6	6.0	22	22.0	2059296	2059355	ISO16_RS09145	58	'5	ISO16_RS09150	262	'3	160.0	False	outside
3	REP2354b;REP2354a;REP431b	6;8;5	6.333333333333333	41;84	62.5	2072321	2072496	ISO16_RS09210		'3	ISO16_RS09215		'3		False	inside
2	REP432c;REP432d	8;6	7.0	86	86.0	2076987	2077121	ISO16_RS09235	286	'3	ISO16_RS09245	246	'5	266.0	False	inside
2	REP2352d;REP2352c	4;4	4.0	27	27.0	2077968	2078021	ISO16_RS09245		'3	ISO16_RS09250	123	'3		False	inside
2	REP2351d;REP2351b	6;3	4.5	92	92.0	2079219	2079338	ISO16_RS09255		'3	ISO16_RS09260	135	'3		False	inside
2	REP436b;REP436c	8;11	9.5	-11	-11.0	2087481	2087519	ISO16_RS09275	251	'3	ISO16_RS09280	4	'5	127.5	True	outside
2	REP2350d;REP2350a	8;7	7.5	83	83.0	2089084	2089202	ISO16_RS09285		'3	ISO16_RS09290	136	'3		False	inside
2	REP437a;REP437b	7;9	8.0	34	34.0	2089336	2089411	ISO16_RS09285	21	'3	ISO16_RS09290		'3		False	outside
2	REP2347c;REP2347a	6;5	5.5	24	24.0	2098061	2098119	ISO16_RS09335		'3	ISO16_RS09340	182	'3		False	inside
2	REP438a;REP438b	5;12	8.5	9	9.0	2098316	2098369	ISO16_RS09335	36	'3	ISO16_RS09340		'3		False	inside
2	REP439a;REP439b	4;4	4.0	68	68.0	2099283	2099376	ISO16_RS09345	135	'3	ISO16_RS09350		'3		False	inside
2	REP2345d;REP2345c	5;5	5.0	93	93.0	2100903	2101023	ISO16_RS09355		'3	ISO16_RS09360	176	'3		False	inside
4	REP2345a;REP440b;REP440c;REP440d	16;6;6;12	10.0	28;15;64	35.666666666666664	2101158	2101374	ISO16_RS09355	19	'3	ISO16_RS09360		'3		False	outside
3	REP441a;REP441b;REP2344a	17;7;7	10.333333333333334	13;6	9.5	2101970	2102066	ISO16_RS09365	32	'3	ISO16_RS09370	2	'3	17.0	False	outside
2	REP2342b;REP2342a	3;5	4.0	-9	-9.0	2113386	2113407	ISO16_RS09430		'3	ISO16_RS09435	171	'3		True	inside
2	REP445a;REP445b	9;9	9.0	-13	-13.0	2116670	2116703	ISO16_RS09465	280	'3	ISO16_RS28915		'3		True	inside
2	REP446a;REP446b	7;3	5.0	18	18.0	2118417	2118465	ISO16_RS09480	52	'3	ISO16_RS09485		'3		False	inside
2	REP447a;REP447b	15;10	12.5	-2	-2.0	2128831	2128900	ISO16_RS09520	24	'3	ISO16_RS09525	169	'5	96.5	True	outside
3	REP448a;REP448b;REP448d	25;7;5	12.333333333333334	79;28	53.5	2141231	2141424	ISO16_RS09570	6	'3	ISO16_RS09575		'3		False	outside
2	REP449b;REP449c	9;5	7.0	70	70.0	2144037	2144146	ISO16_RS09585	361	'3	ISO16_RS09590		'3		False	inside
2	REP2332b;REP2332a	13;13	13.0	-9	-9.0	2146269	2146335	ISO16_RS09595	60	'5	ISO16_RS09600	24	'3	42.0	True	outside
3	REP2329c;REP2329b;REP2329a	4;7;5	5.333333333333333	65;72	68.5	2154477	2154658	ISO16_RS09620		'3	ISO16_RS09625	82	'3		False	inside
2	REP450c;REP450d	5;5	5.0	63	63.0	2155136	2155233	ISO16_RS09620	406	'3	ISO16_RS09630	368	'3	387.0	False	inside
2	REP2328c;REP2328b	9;4	6.5	41	41.0	2157537	2157622	ISO16_RS09640		'3	ISO16_RS09645	90	'5		False	inside
2	REP453c;REP453d	6;6	6.0	78	78.0	2160530	2160640	ISO16_RS09655	598	'3	ISO16_RS09660	474	'3	536.0	False	outside
2	REP2327d;REP2327a	7;14	10.5	45	45.0	2160990	2161096	ISO16_RS09655	1058	'3	ISO16_RS09660	18	'3	538.0	False	outside
3	REP2326c;REP2326b;REP2326a	8;8;12	9.333333333333334	79;20	49.5	2162777	2162960	ISO16_RS09660	37	'5	ISO16_RS09665	29	'3	33.0	False	outside
2	REP2324c;REP2324b	6;6	6.0	43	43.0	2171450	2171531	ISO16_RS09695		'3	ISO16_RS09700	265	'3		False	inside
2	REP454c;REP454d	4;5	4.5	-6	-6.0	2171898	2171920	ISO16_RS09695	105	'3	ISO16_RS09700		'3		True	inside
6	REP2322d;REP2322c;REP2322b;REP456a;REP456c;REP456d	15;11;9;10;11;10	11.0	39;-6;93;81;83	58.0	2180140	2180611	ISO16_RS09735		'3	ISO16_RS09740		'3		True	inside
2	REP457a;REP457b	4;9	6.5	-9	-9.0	2187330	2187358	ISO16_RS09770	157	'3	ISO16_RS09775		'3		True	inside
2	REP2319d;REP2319a	7;7	7.0	40	40.0	2193820	2193900	ISO16_RS09810		'3	ISO16_RS09815	58	'3		False	inside
2	REP461a;REP461b	5;4	4.5	69	69.0	2206628	2206723	ISO16_RS09880	117	'3	ISO16_RS09885		'3		False	inside
5	REP2313c;REP463a;REP2313b;REP463c;REP463d	5;6;22;5;5	8.6	55;-7;-6;24	16.5	2220922	2221100	ISO16_RS09935		'3	ISO16_RS09940		'3		True	inside
2	REP2307b;REP2307a	6;9	7.5	28	28.0	2237595	2237661	ISO16_RS10005	67	'5	ISO16_RS10010	220	'3	143.5	False	outside
2	REP2306d;REP2306c	7;7	7.0	64	64.0	2242062	2242161	ISO16_RS10025	35	'5	ISO16_RS10030	178	'3	106.5	False	outside
3	REP2303d;REP2303c;REP2303b	4;8;9	7.0	58;71	64.5	2251430	2251614	ISO16_RS10065		'3	ISO16_RS10070	247	'3		False	inside
4	REP2302d;REP2302b;REP2302a;REP467b	5;8;21;6	10.0	57;43;-3	32.333333333333336	2253775	2253970	ISO16_RS10080		'3	ISO16_RS10085	-1	'3		True	outside
3	REP468a;REP468b;REP468c	10;11;7	9.333333333333334	31;43	37.0	2259806	2259959	ISO16_RS10095	164	'3	ISO16_RS10100		'3		False	inside
3	REP470b;REP470c;REP470d	12;8;6	8.666666666666666	15;2	8.5	2263669	2263755	ISO16_RS10115	253	'3	ISO16_RS10120	84	'5	168.5	False	outside
3	REP471b;REP471c;REP471d	7;4;4	5.0	26;46	36.0	2266153	2266270	ISO16_RS10120	169	'3	ISO16_RS10125		'3		False	inside
4	REP2297c;REP2297a;REP473c;REP473d	19;5;9;3	9.0	18;-17;96	32.333333333333336	2270278	2270478	ISO16_RS10145	0	'3	ISO16_RS10150		'3		True	outside
2	REP2296b;REP474a	6;5	5.5	76	76.0	2278303	2278408	ISO16_RS10170		'3	ISO16_RS10175		'3		False	inside
2	REP474b;REP474c	5;7	6.0	56	56.0	2278532	2278627	ISO16_RS10170	208	'3	ISO16_RS10175		'3		False	inside
2	REP2295c;REP2295b	7;6	6.5	8	8.0	2286872	2286915	ISO16_RS10205		'3	ISO16_RS10210	293	'3		False	inside
3	REP2295a;REP475a;REP475b	10;6;7	7.666666666666667	33;24	28.5	2287122	2287243	ISO16_RS10205		'3	ISO16_RS10210		'3		False	inside
6	REP2291d;REP2291c;REP2291b;REP2291a;REP477c;REP477d	3;6;6;20;8;4	7.833333333333333	44;54;69;57;-4	44.0	2294667	2295015	ISO16_RS10250		'3	ISO16_RS10255		'3		True	inside
2	REP2290d;REP2290b	4;4	4.0	74	74.0	2297096	2297198	ISO16_RS10260	186	'3	ISO16_RS10265		'5		False	inside
2	REP481a;REP481b	9;5	7.0	46	46.0	2317149	2317237	ISO16_RS10360	24	'3	ISO16_RS10365		'3		False	inside
3	REP482b;REP482c;REP482d	6;6;6	6.0	39;39	39.0	2319836	2319967	ISO16_RS10370	372	'3	ISO16_RS10375	1007	'5	689.5	False	outside
3	REP486a;REP486b;REP486c	6;9;7	7.333333333333333	59;55	57.0	2331615	2331785	ISO16_RS28985	6	'3	ISO16_RS10415	2351	'5	1178.5	False	outside
2	REP2285b;REP2285a	8;3	5.5	73	73.0	2340205	2340310	ISO16_RS10445		'3	ISO16_RS10450	109	'3		False	inside
2	REP2284c;REP2284b	8;4	6.0	-5	-5.0	2343298	2343324	ISO16_RS10450	62	'5	ISO16_RS10455	143	'3	102.5	True	outside
2	REP2282b;REP2282a	7;10	8.5	66	66.0	2355708	2355816	ISO16_RS10510		'3	ISO16_RS10515	34	'3		False	inside
2	REP2278b;REP2278a	7;7	7.0	31	31.0	2363701	2363772	ISO16_RS10545		'3	ISO16_RS10550	304	'3		False	inside
2	REP491b;REP491d	7;5	6.0	64	64.0	2364320	2364417	ISO16_RS10545	249	'3	ISO16_RS10555	198	'3	223.5	False	inside
3	REP492a;REP492b;REP492c	8;5;10	7.666666666666667	1;11	6.0	2368905	2368994	ISO16_RS28650	21	'3	ISO16_RS10585	29	'3	25.0	False	outside
2	REP494a;REP494b	4;8	6.0	69	69.0	2379298	2379403	ISO16_RS10625	111	'3	ISO16_RS10630	73	'5	92.0	False	outside
2	REP495a;REP495b	16;4	10.0	89	89.0	2382086	2382226	ISO16_RS10635	29	'3	ISO16_RS10640	28	'5	28.5	False	outside
2	REP2276d;REP2276c	5;5	5.0	48	48.0	2386321	2386401	ISO16_RS10655	249	'3	ISO16_RS10660		'5		False	inside
2	REP2276a;REP496b	18;7	12.5	52	52.0	2386712	2386830	ISO16_RS10660	3	'3	ISO16_RS10665		'3		False	outside
2	REP2275a;REP498a	4;8	6.0	90	90.0	2396346	2396469	ISO16_RS10705		'3	ISO16_RS10710	-15	'3		False	outside
2	REP500a;REP500b	24;13	18.5	48	48.0	2405718	2405851	ISO16_RS10755	53	'3	ISO16_RS10760		'3		False	outside
3	REP2272d;REP2272b;REP501b	10;8;6	8.0	56;80	68.0	2410551	2410748	ISO16_RS10780		'3	ISO16_RS10785		'3		False	inside
2	REP503b;REP503c	18;13	15.5	-3	-3.0	2426626	2426697	ISO16_RS10825	328	'3	ISO16_RS10830	-17	'3	155.5	True	outside
2	REP2269c;REP2269b	4;6	5.0	7	7.0	2434247	2434281	ISO16_RS10850		'3	ISO16_RS10855	186	'3		False	inside
2	REP2268b;REP2268a	4;14	9.0	80	80.0	2435671	2435796	ISO16_RS10855	52	'5	ISO16_RS10860	19	'3	35.5	False	outside
3	REP2267d;REP2267c;REP2267b	7;7;4	6.0	66;68	67.0	2442277	2442471	ISO16_RS10880	147	'3	ISO16_RS10890	136	'3	141.5	False	inside
3	REP2267a;REP507b;REP507c	7;5;5	5.666666666666667	11;33	22.0	2442577	2442668	ISO16_RS10885	7	'3	ISO16_RS10890		'3		False	outside
2	REP2265b;REP2265a	8;6	7.0	13	13.0	2445065	2445116	ISO16_RS10900		'3	ISO16_RS10905	51	'3		False	inside
3	REP508a;REP508c;REP508d	18;8;6	10.666666666666666	73;64	68.5	2445246	2445466	ISO16_RS10900	49	'3	ISO16_RS10905		'3		False	inside
2	REP2264c;REP2264b	6;5	5.5	44	44.0	2469476	2469548	ISO16_RS10920		'3	ISO16_RS10925	653	'3		False	inside
2	REP2256b;REP2256a	8;9	8.5	-14	-14.0	2487003	2487042	ISO16_RS11000	108	'5	ISO16_RS11005	77	'3	92.5	True	outside
3	REP2255d;REP2255c;REP2255b	7;7;7	7.0	53;66	59.5	2494211	2494390	ISO16_RS11025	314	'3	ISO16_RS11030	208	'3	261.0	False	outside
2	REP2254b;REP2254a	5;4	4.5	24	24.0	2496358	2496408	ISO16_RS11035		'3	ISO16_RS11040	300	'3		False	outside
5	REP2253c;REP2253a;REP514b;REP514c;REP514d	9;12;4;7;7	7.8	27;55;87;58	56.75	2501707	2502060	ISO16_RS11060		'3	ISO16_RS11070	209	'3		False	inside
2	REP515c;REP515d	5;12	8.5	10	10.0	2510609	2510662	ISO16_RS11120		'5	ISO16_RS11125	34	'3		False	inside
3	REP516a;REP516b;REP516c	5;5;4	4.666666666666667	68;31	49.5	2513382	2513522	ISO16_RS11140	214	'3	ISO16_RS11145		'3		False	inside
2	REP521a;REP521b	7;5	6.0	15	15.0	2528312	2528363	ISO16_RS11215		'5	ISO16_RS11220	70	'3		False	inside
2	REP2242d;REP2242b	5;7	6.0	25	25.0	2533980	2534040	ISO16_RS11255	366	'5	ISO16_RS11260	252	'3	309.0	False	outside
2	REP2241c;REP2241b	7;6	6.5	47	47.0	2539841	2539924	ISO16_RS11265	1	'5	ISO16_RS11270	28	'3	14.5	False	outside
4	REP2236d;REP2236c;REP2236b;REP2236a	6;4;10;7	6.75	63;50;19	44.0	2559127	2559328	ISO16_RS11340	37	'5	ISO16_RS11345	62	'3	49.5	False	outside
3	REP525b;REP525c;REP525d	7;5;6	6.0	63;22	42.5	2567499	2567638	ISO16_RS11385	159	'3	ISO16_RS11390		'3		False	inside
2	REP526a;REP526b	10;4	7.0	45	45.0	2572791	2572871	ISO16_RS28680	74	'3	ISO16_RS11420	1421	'3	747.5	False	outside
2	REP526c;REP526d	6;9	7.5	24	24.0	2573124	2573191	ISO16_RS28680	407	'3	ISO16_RS11420	1101	'3	754.0	False	outside
2	REP2233d;REP2233c	7;5	6.0	16	16.0	2573396	2573444	ISO16_RS28680	679	'3	ISO16_RS11420	848	'3	763.5	False	outside
4	REP2231d;REP2231c;REP2231b;REP2231a	4;8;4;8	6.0	14;46;23	27.666666666666668	2575646	2575811	ISO16_RS29070	510	'5	ISO16_RS11440	129	'3	319.5	False	outside
2	REP529b;REP529d	11;8	9.5	86	86.0	2580612	2580746	ISO16_RS29075	234	'3	ISO16_RS28995		'3		False	inside
4	REP2226d;REP2226c;REP2226b;REP2226a	14;14;6;7	10.25	-16;-15;-7	-12.666666666666666	2584247	2584332	ISO16_RS11475	17	'5	ISO16_RS11480	11	'3	14.0	True	outside
2	REP2223b;REP2223a	4;10	7.0	48	48.0	2601447	2601537	ISO16_RS11550	71	'5	ISO16_RS11555	132	'3	101.5	False	outside
2	REP2220c;REP2220b	4;8	6.0	68	68.0	2608096	2608199	ISO16_RS11585	74	'5	ISO16_RS11590	47	'3	60.5	False	outside
3	REP2219b;REP535a;REP535b	7;6;8	7.0	66;-6	30.0	2622673	2622790	ISO16_RS11655		'3	ISO16_RS11660	-15	'3		True	outside
2	REP535c;REP535d	6;6	6.0	71	71.0	2622963	2623065	ISO16_RS11655	223	'3	ISO16_RS11660		'3		False	inside
3	REP2216b;REP536a;REP536b	5;5;6	5.333333333333333	60;30	45.0	2627168	2627307	ISO16_RS11680		'3	ISO16_RS11685		'3		False	inside
3	REP537b;REP537c;REP537d	7;4;13	8.0	19;45	32.0	2630410	2630533	ISO16_RS11695	272	'3	ISO16_RS11700		'3		False	inside
2	REP538b;REP538c	6;6	6.0	5	5.0	2636823	2636859	ISO16_RS11730		'5	ISO16_RS11735	173	'5		False	inside
2	REP2213d;REP2213c	10;8	9.0	26	26.0	2644046	2644115	ISO16_RS11755		'3	ISO16_RS11760	517	'3		False	inside
2	REP2210d;REP544b	8;7	7.5	86	86.0	2654459	2654582	ISO16_RS11805		'3	ISO16_RS28695	68	'5		False	outside
5	REP2209d;REP2209c;REP546a;REP546b;REP546c	5;4;10;21;5	9.0	46;48;53;81	57.0	2660577	2660918	ISO16_RS11845		'3	ISO16_RS11850		'3		False	inside
2	REP2208d;REP2208b	5;5	5.0	86	86.0	2672148	2672261	ISO16_RS11890		'3	ISO16_RS11895	200	'3		False	inside
3	REP548b;REP548c;REP548d	5;4;5	4.666666666666667	49;71	60.0	2672644	2672803	ISO16_RS11890	337	'3	ISO16_RS11895		'3		False	inside
3	REP2206d;REP2206c;REP2206b	6;9;10	8.333333333333334	81;46	63.5	2678867	2679055	ISO16_RS11910		'3	ISO16_RS11915	72	'3		False	outside
3	REP550a;REP550b;REP550d	17;13;6	12.0	-4;-15	-9.5	2681419	2681492	ISO16_RS11920	81	'3	ISO16_RS11925	126	'5	103.5	True	outside
2	REP2205d;REP2205c	7;6	6.5	39	39.0	2685087	2685159	ISO16_RS11935		'3	ISO16_RS11940	490	'3		False	inside
2	REP2205b;REP2205a	5;5	5.0	25	25.0	2685386	2685439	ISO16_RS11935		'3	ISO16_RS11940	210	'3		False	inside
4	REP2204a;REP556b;REP556c;REP556d	20;11;3;5	9.75	14;64;16	31.333333333333332	2691244	2691447	ISO16_RS11965	13	'3	ISO16_RS11970		'3		False	outside
5	REP2203c;REP2203b;REP2203a;REP557b;REP557c	10;2;17;7;4	8.0	70;42;96;95	75.75	2692856	2693268	ISO16_RS11975		'3	ISO16_RS11980		'3		False	inside
2	REP2201d;REP2201c	11;4	7.5	61	61.0	2705200	2705303	ISO16_RS12030		'3	ISO16_RS12035	216	'3		False	inside
2	REP558a;REP558b	11;7	9.0	80	80.0	2705611	2705738	ISO16_RS12030	200	'3	ISO16_RS12035		'3		False	inside
3	REP2197d;REP559b;REP2197b	18;4;5	9.0	29;38	33.5	2717458	2717590	ISO16_RS12085	11	'3	ISO16_RS12090	121	'3	66.0	False	outside
3	REP2196d;REP2196c;REP2196b	7;6;7	6.666666666666667	72;84	78.0	2719807	2720028	ISO16_RS12095		'3	ISO16_RS12100	308	'3		False	inside
2	REP2196a;REP560b	19;7	13.0	20	20.0	2720277	2720358	ISO16_RS12095	136	'3	ISO16_RS12100		'3		False	outside
5	REP563a;REP2194d;REP563b;REP563c;REP2194b	5;5;6;6;3	5.0	-1;6;-1;27	7.75	2730298	2730411	ISO16_RS12150	116	'3	ISO16_RS12155	188	'3	152.0	True	outside
3	REP2193c;REP2193b;REP2193a	7;5;6	6.0	9;-6	1.5	2743208	2743258	ISO16_RS12205	151	'5	ISO16_RS12210	53	'3	102.0	True	outside
3	REP564a;REP564b;REP564c	4;9;4	5.666666666666667	-3;88	42.5	2744686	2744820	ISO16_RS12215	142	'3	ISO16_RS12225	120	'5	131.0	True	outside
2	REP2191a;REP565b	9;9	9.0	16	16.0	2746123	2746191	ISO16_RS12225	55	'3	ISO16_RS12230		'3		False	outside
3	REP2190d;REP2190b;REP2190a	4;9;15	9.333333333333334	33;2	17.5	2753354	2753474	ISO16_RS12255	862	'5	ISO16_RS12260	40	'3	451.0	False	outside
2	REP2189c;REP2189b	12;9	10.5	35	35.0	2755749	2755852	ISO16_RS12265	194	'3	ISO16_RS12275	260	'3	227.0	False	inside
2	REP566a;REP566b	7;9	8.0	87	87.0	2756252	2756388	ISO16_RS12270	206	'3	ISO16_RS12275		'3		False	inside
2	REP568b;REP568c	5;6	5.5	40	40.0	2763105	2763176	ISO16_RS12305	135	'3	ISO16_RS12310		'3		False	inside
2	REP569a;REP569b	4;7	5.5	73	73.0	2764494	2764603	ISO16_RS12315	35	'3	ISO16_RS12320		'3		False	inside
2	REP2185b;REP2185a	4;5	4.5	39	39.0	2767804	2767872	ISO16_RS12335		'3	ISO16_RS12340	114	'3		False	inside
4	REP570a;REP570b;REP570c;REP570d	7;3;11;7	7.0	31;-11;-13	2.3333333333333335	2768005	2768094	ISO16_RS12335	33	'3	ISO16_RS12340		'3		True	inside
2	REP2183d;REP2183c	10;4	7.0	51	51.0	2772451	2772545	ISO16_RS12360	451	'3	ISO16_RS12370	387	'5	419.0	False	inside
2	REP572c;REP572d	5;5	5.0	64	64.0	2773640	2773735	ISO16_RS12370	393	'3	ISO16_RS12375		'3		False	inside
2	REP574a;REP574b	8;7	7.5	-13	-13.0	2778138	2778165	ISO16_RS12400	75	'3	ISO16_RS12405	60	'5	67.5	True	outside
2	REP576a;REP576b	4;6	5.0	72	72.0	2781371	2781472	ISO16_RS12415	38	'3	ISO16_RS12420		'3		False	inside
4	REP2177d;REP2177c;REP2177b;REP2177a	6;7;9;7	7.25	46;1;24	23.666666666666668	2782615	2782766	ISO16_RS12420	63	'5	ISO16_RS12425	32	'3	47.5	False	outside
2	REP2176b;REP577a	12;7	9.5	30	30.0	2785985	2786067	ISO16_RS12430		'3	ISO16_RS12435		'3		False	inside
2	REP2175c;REP2175b	8;8	8.0	-8	-8.0	2791718	2791751	ISO16_RS12455	40	'3	ISO16_RS12460	170	'3	105.0	True	outside
4	REP2174d;REP2174b;REP2174c;REP2174a	9;18;8;5	10.0	79;-47;36	22.666666666666668	2794315	2794489	ISO16_RS12460	18	'5	ISO16_RS12465	51	'3	34.5	True	outside
3	REP580a;REP580b;REP580c	4;10;11	8.333333333333334	11;44	27.5	2802274	2802396	ISO16_RS12505	89	'3	ISO16_RS12510		'3		False	inside
3	REP583a;REP583b;REP583d	19;8;5	10.666666666666666	4;81	42.5	2812910	2813078	ISO16_RS12545	8	'3	ISO16_RS12550		'3		False	outside
4	REP2169d;REP2169c;REP2169b;REP2169a	5;6;6;7	6.0	10;3;35	16.0	2815766	2815877	ISO16_RS12555		'3	ISO16_RS12560	110	'3		False	inside
2	REP584c;REP584d	12;7	9.5	24	24.0	2816395	2816468	ISO16_RS12555	312	'3	ISO16_RS12560		'3		False	inside
3	REP2168b;REP2168a;REP586b	5;21;6	10.666666666666666	85;2	43.5	2823790	2823960	ISO16_RS12590		'3	ISO16_RS12595	6	'3		False	outside
2	REP587a;REP587b	23;4	13.5	-6	-6.0	2827583	2827645	ISO16_RS12615	29	'3	ISO16_RS12620	59	'5	44.0	True	outside
4	REP2167d;REP2167c;REP2167b;REP588a	2;7;10;20	9.75	8;-10;49	15.666666666666666	2828089	2828242	ISO16_RS12620		'3	ISO16_RS12625	12	'3		True	outside
2	REP588b;REP588d	9;13	11.0	18	18.0	2828391	2828466	ISO16_RS12620	210	'3	ISO16_RS12625		'3		False	inside
2	REP2165b;REP2165a	7;8	7.5	64	64.0	2840780	2840884	ISO16_RS12665	9	'5	ISO16_RS12670	4	'3	6.5	False	outside
3	REP2164c;REP2164b;REP2164a	5;5;5	5.0	15;15	15.0	2841576	2841647	ISO16_RS12670	43	'5	ISO16_RS12675	44	'3	43.5	False	outside
2	REP591a;REP591b	5;6	5.5	1	1.0	2851014	2851046	ISO16_RS12700	57	'3	ISO16_RS12705	24	'5	40.5	False	outside
3	REP2161c;REP2161b;REP2161a	6;11;6	7.666666666666667	3;7	5.0	2860414	2860492	ISO16_RS12740		'3	ISO16_RS12745	62	'3		False	inside
2	REP595a;REP595c	10;8	9.0	42	42.0	2860703	2860792	ISO16_RS12740	145	'3	ISO16_RS12745		'3		False	inside
2	REP2160d;REP2160c	8;5	6.5	45	45.0	2861861	2861941	ISO16_RS12750		'3	ISO16_RS12755	280	'3		False	inside
2	REP2159b;REP2159a	7;4	5.5	31	31.0	2862851	2862914	ISO16_RS12755	24	'5	ISO16_RS12760	18	'3	21.0	False	outside
2	REP2157c;REP2157b	4;3	3.5	73	73.0	2865437	2865536	ISO16_RS12765	209	'5	ISO16_RS12770		'5		False	inside
2	REP597b;REP2156b	7;5	6.0	9	9.0	2866360	2866407	ISO16_RS28700	18	'5	ISO16_RS12775	122	'3	70.0	False	outside
2	REP598a;REP598b	7;9	8.0	39	39.0	2868116	2868203	ISO16_RS12780	81	'3	ISO16_RS12785	458	'3	269.5	False	outside
3	REP598c;REP598d;REP2155a	4;10;6	6.666666666666667	42;12	27.0	2868460	2868577	ISO16_RS12780	425	'3	ISO16_RS12785	84	'3	254.5	False	outside
2	REP2153c;REP2153b	8;7	7.5	-1	-1.0	2870038	2870085	ISO16_RS12790	249	'5	ISO16_RS12795	149	'3	199.0	True	outside
2	REP2151a;REP601b	5;4	4.5	-5	-5.0	2876983	2877009	ISO16_RS29000	98	'3	ISO16_RS12830	17	'3	57.5	True	outside
6	REP2149c;REP2149b;REP2149a;REP602a;REP602b;REP602c	6;7;4;4;11;8	6.666666666666667	35;32;38;66;62	46.6	2882476	2882830	ISO16_RS12855		'3	ISO16_RS12860		'3		False	inside
2	REP603b;REP603c	10;3	6.5	45	45.0	2884908	2884998	ISO16_RS12865	56	'3	ISO16_RS12870		'3		False	inside
3	REP604a;REP604b;REP604d	6;24;10	13.333333333333334	-5;-21	-13.0	2889651	2889716	ISO16_RS12895	14	'3	ISO16_RS12900	8	'3	11.0	True	outside
3	REP2146c;REP2146b;REP2146a	12;13;4	9.666666666666666	-7;80	36.5	2893423	2893584	ISO16_RS12910	-34	'3	ISO16_RS12915	54	'3	10.0	True	outside
2	REP2145c;REP2145b	7;7	7.0	-2	-2.0	2895767	2895803	ISO16_RS12920	393	'5	ISO16_RS12925	137	'3	265.0	True	outside
2	REP2144b;REP2144a	7;5	6.0	52	52.0	2907041	2907124	ISO16_RS12975	22	'5	ISO16_RS12980	38	'3	30.0	False	outside
2	REP2142c;REP2142b	2;6	4.0	51	51.0	2912015	2912094	ISO16_RS13015		'3	ISO16_RS13020	157	'3		False	inside
3	REP2142a;REP608b;REP608d	5;5;6	5.333333333333333	18;71	44.5	2912211	2912353	ISO16_RS13015	81	'3	ISO16_RS13020		'3		False	outside
4	REP2141a;REP609a;REP609c;REP609d	7;11;4;7	7.25	42;53;95	63.333333333333336	2914761	2915033	ISO16_RS13025		'3	ISO16_RS13030		'3		False	inside
2	REP610a;REP610b	7;10	8.5	-8	-8.0	2916695	2916737	ISO16_RS13035	2	'3	ISO16_RS13040	60	'5	31.0	True	outside
2	REP611b;REP611c	5;12	8.5	60	60.0	2918846	2918949	ISO16_RS13045	271	'3	ISO16_RS13055	225	'3	248.0	False	inside
3	REP2138d;REP2138c;REP2138b	3;4;6	4.333333333333333	59;76	67.5	2923544	2923725	ISO16_RS13065		'3	ISO16_RS13070	214	'3		False	inside
3	REP613b;REP613c;REP613d	11;13;4	9.333333333333334	36;51	43.5	2929096	2929260	ISO16_RS13090	262	'3	ISO16_RS13095		'3		False	inside
2	REP2133b;REP2133a	4;6	5.0	13	13.0	2933296	2933340	ISO16_RS13110		'3	ISO16_RS13115	93	'3		False	inside
2	REP614b;REP614c	4;3	3.5	18	18.0	2933726	2933767	ISO16_RS13115	5	'5	ISO16_RS13120	55	'5	30.0	False	outside
2	REP615a;REP615b	7;5	6.0	64	64.0	2934903	2935002	ISO16_RS13120	283	'3	ISO16_RS13125		'3		False	inside
2	REP2129b;REP2129a	6;7	6.5	24	24.0	2946248	2946310	ISO16_RS13180		'3	ISO16_RS13185	85	'3		False	inside
3	REP618b;REP618c;REP2128	10;4;7	7.0	27;37	32.0	2946965	2947089	ISO16_RS13185		'5	ISO16_RS13190	43	'3		False	outside
2	REP622b;REP622c	10;7	8.5	51	51.0	2954116	2954211	ISO16_RS13220	52	'3	ISO16_RS13225	89	'5	70.5	False	outside
2	REP2126d;REP2126c	4;6	5.0	91	91.0	2958409	2958533	ISO16_RS13240		'3	ISO16_RS13245	270	'3		False	inside
2	REP2122b;REP2122a	5;4	4.5	87	87.0	2970998	2971112	ISO16_RS13300		'3	ISO16_RS13305	123	'3		False	inside
2	REP627a;REP627c	24;6	15.0	56	56.0	2973471	2973592	ISO16_RS13310	58	'3	ISO16_RS13315		'3		False	outside
4	REP2120d;REP2120c;REP2120b;REP628d	4;7;7;3	5.25	16;22;-4	11.333333333333334	2975825	2975924	ISO16_RS13320	359	'3	ISO16_RS13325	112	'3	235.5	True	outside
2	REP629a;REP629b	17;12	14.5	4	4.0	2977673	2977746	ISO16_RS13330	33	'3	ISO16_RS13335	-2	'3	15.5	False	outside
2	REP2117c;REP2117b	5;5	5.0	28	28.0	2986839	2986897	ISO16_RS13370	92	'3	ISO16_RS13375		'5		False	inside
4	REP2117a;REP631a;REP631c;REP631d	8;10;14;7	9.75	44;-20;-21	1.0	2987019	2987127	ISO16_RS13375		'3	ISO16_RS13380		'3		True	inside
2	REP633a;REP633b	8;5	6.5	41	41.0	2993091	2993170	ISO16_RS13400	7	'3	ISO16_RS13405	73	'5	40.0	False	outside
4	REP2115c;REP634a;REP634c;REP634d	8;16;6;7	9.25	28;68;-3	31.0	2995267	2995456	ISO16_RS13410		'3	ISO16_RS13415		'3		True	inside
2	REP2114c;REP2114b	8;15	11.5	-17	-17.0	3000714	3000763	ISO16_RS13435		'3	ISO16_RS13440	199	'3		True	inside
3	REP2112b;REP636a;REP636b	6;6;7	6.333333333333333	77;-1	38.0	3009029	3009161	ISO16_RS13470		'3	ISO16_RS13475		'3		True	inside
4	REP2110c;REP2110b;REP637d;REP2110a	3;7;7;5	5.5	63;-18;97	47.333333333333336	3012034	3012240	ISO16_RS13485	243	'3	ISO16_RS13490	244	'3	243.5	True	outside
4	REP639a;REP2104c;REP2104b;REP2104a	16;4;14;13	11.75	77;-11;38	34.666666666666664	3022027	3022243	ISO16_RS13530	48	'3	ISO16_RS13535	5	'3	26.5	True	outside
2	REP2103d;REP2103c	6;6	6.0	-13	-13.0	3028847	3028864	ISO16_RS13560		'3	ISO16_RS13565	190	'3		True	inside
3	REP2103b;REP641c;REP641d	13;9;7	9.666666666666666	83;33	58.0	3028996	3029191	ISO16_RS13560	45	'3	ISO16_RS13565		'3		False	outside
3	REP642a;REP642b;REP642c	7;7;7	7.0	6;63	34.5	3034547	3034680	ISO16_RS13585	22	'3	ISO16_RS13590		'3		False	inside
6	REP644a;REP644b;REP2101d;REP644d;REP2101b;REP2101a	19;6;4;4;4;20	9.5	83;30;37;72;13	47.0	3040222	3040602	ISO16_RS13605	14	'3	ISO16_RS13610	28	'3	21.0	False	outside
2	REP2097d;REP2097c	4;7	5.5	47	47.0	3058742	3058827	ISO16_RS13690	54	'3	ISO16_RS13695		'5		False	inside
4	REP2095d;REP2095c;REP2095a;REP648d	8;9;13;9	9.75	-12;78;54	40.0	3066969	3067187	ISO16_RS13730		'3	ISO16_RS13735		'3		True	inside
3	REP2091d;REP2091c;REP649c	9;6;26	13.666666666666666	53;59	56.0	3079473	3079679	ISO16_RS13795	83	'3	ISO16_RS13800	47	'3	65.0	False	outside
2	REP650c;REP650d	4;4	4.0	34	34.0	3092190	3092247	ISO16_RS13850		'5	ISO16_RS13855	203	'5		False	inside
2	REP2089c;REP2089b	5;5	5.0	95	95.0	3092876	3093003	ISO16_RS13855		'3	ISO16_RS13860	305	'3		False	inside
2	REP653b;REP653d	7;7	7.0	71	71.0	3100492	3100601	ISO16_RS28715	247	'3	ISO16_RS13895	92	'3	169.5	False	outside
2	REP2085c;REP2085b	5;8	6.5	-2	-2.0	3102132	3102164	ISO16_RS13905		'3	ISO16_RS13910	340	'3		True	inside
2	REP654b;REP654c	9;6	7.5	90	90.0	3102493	3102625	ISO16_RS13905	74	'3	ISO16_RS13910		'3		False	outside
3	REP2084d;REP2084c;REP2084b	7;3;8	6.0	-15;37	11.0	3106838	3106914	ISO16_RS13925		'3	ISO16_RS13930	235	'3		True	inside
3	REP2082c;REP2082b;REP2082a	14;8;6	9.333333333333334	13;-3	5.0	3116393	3116489	ISO16_RS13985	180	'3	ISO16_RS13990	183	'3	181.5	True	outside
2	REP2081b;REP2081a	6;6	6.0	48	48.0	3117341	3117420	ISO16_RS13990	237	'5	ISO16_RS13995	209	'3	223.0	False	outside
3	REP2080d;REP2080c;REP2080b	8;9;13	10.0	98;33	65.5	3120184	3120394	ISO16_RS14000		'3	ISO16_RS14005	172	'3		False	inside
2	REP662c;REP662d	10;4	7.0	3	3.0	3121109	3121154	ISO16_RS14005		'5	ISO16_RS14010	422	'3		False	inside
3	REP2079c;REP2079b;REP2079a	6;8;16	10.0	1;-2	-0.5	3126869	3126940	ISO16_RS14015	47	'5	ISO16_RS14020	10	'3	28.5	True	outside
3	REP2078d;REP2078b;REP663a	7;7;24	12.666666666666666	73;41	57.0	3127744	3127951	ISO16_RS14025		'3	ISO16_RS14030	14	'3		False	outside
2	REP663c;REP663d	9;12	10.5	96	96.0	3128220	3128371	ISO16_RS14025	324	'3	ISO16_RS14030		'3		False	inside
2	REP2076d;REP2076c	7;4	5.5	63	63.0	3133560	3133652	ISO16_RS14055		'3	ISO16_RS14060	199	'3		False	inside
2	REP664a;REP664b	4;6	5.0	-4	-4.0	3133933	3133956	ISO16_RS14055	89	'3	ISO16_RS14060		'3		True	inside
2	REP2072c;REP2072b	8;6	7.0	6	6.0	3145128	3145170	ISO16_RS14110		'3	ISO16_RS14115	138	'3		False	inside
2	REP668c;REP668d	6;5	5.5	24	24.0	3145506	3145564	ISO16_RS14110	284	'3	ISO16_RS14115		'3		False	inside
2	REP2069c;REP2069b	5;4	4.5	37	37.0	3164568	3164634	ISO16_RS14195	234	'3	ISO16_RS14200		'5		False	inside
2	REP2067b;REP2067a	5;14	9.5	17	17.0	3178509	3178576	ISO16_RS14265	194	'5	ISO16_RS14270	13	'3	103.5	False	outside
3	REP2066c;REP2066b;REP2066a	4;5;7	5.333333333333333	35;28	31.5	3182121	3182235	ISO16_RS14280		'3	ISO16_RS14285	104	'3		False	inside
2	REP677b;REP677d	5;4	4.5	68	68.0	3200729	3200823	ISO16_RS14370	280	'3	ISO16_RS14375		'3		False	inside
2	REP2061d;REP2061c	10;6	8.0	13	13.0	3211437	3211502	ISO16_RS14405		'3	ISO16_RS14410	268	'3		False	inside
2	REP679b;REP679c	5;4	4.5	50	50.0	3212179	3212258	ISO16_RS14405	412	'3	ISO16_RS14410		'3		False	inside
3	REP2060d;REP2060b;REP2060a	7;4;13	8.0	47;21	34.0	3214190	3214319	ISO16_RS14415		'3	ISO16_RS14420	7	'3		False	inside
2	REP2059b;REP2059a	6;6	6.0	7	7.0	3217451	3217493	ISO16_RS14430	130	'5	ISO16_RS14435	16	'3	73.0	False	outside
2	REP2057a;REP681a	8;7	7.5	-2	-2.0	3219997	3220035	ISO16_RS14445	-11	'3	ISO16_RS14450	1	'3	-5.0	True	outside
2	REP681b;REP681c	6;8	7.0	-14	-14.0	3220317	3220347	ISO16_RS14445	309	'3	ISO16_RS14450		'3		True	inside
2	REP682a;REP682b	17;7	12.0	25	25.0	3222651	3222734	ISO16_RS14460	59	'3	ISO16_RS14465	18	'5	38.5	False	outside
3	REP2056d;REP2056c;REP2056a	6;14;8	9.333333333333334	45;55	50.0	3223017	3223201	ISO16_RS14465		'3	ISO16_RS14470	11	'3		False	outside
2	REP683b;REP683c	8;4	6.0	10	10.0	3223477	3223524	ISO16_RS14465	281	'3	ISO16_RS14470		'3		False	inside
2	REP685c;REP685d	5;6	5.5	58	58.0	3228129	3228215	ISO16_RS14485	138	'3	ISO16_RS14490		'3		False	inside
2	REP2054b;REP2054a	7;12	9.5	29	29.0	3229661	3229752	ISO16_RS14495	33	'5	ISO16_RS14500	29	'3	31.0	False	outside
2	REP686a;REP686b	4;8	6.0	76	76.0	3234053	3234166	ISO16_RS14520	103	'3	ISO16_RS14525	81	'5	92.0	False	outside
2	REP687b;REP687c	7;4	5.5	40	40.0	3237858	3237927	ISO16_RS14540	492	'3	ISO16_RS28935	347	'5	419.5	False	outside
2	REP2053c;REP2053b	4;5	4.5	-7	-7.0	3239866	3239884	ISO16_RS14555		'3	ISO16_RS14560	178	'3		True	inside
3	REP689a;REP689b;REP689c	20;6;4	10.0	63;74	68.5	3240013	3240222	ISO16_RS14555	25	'3	ISO16_RS14560		'3		False	outside
3	REP2051c;REP2051b;REP2051a	5;7;11	7.666666666666667	57;4	30.5	3245135	3245261	ISO16_RS14580		'3	ISO16_RS14585	94	'3		False	inside
3	REP690b;REP690c;REP690d	4;5;8	5.666666666666667	74;67	70.5	3245634	3245826	ISO16_RS14585	21	'5	ISO16_RS14590		'3		False	inside
2	REP691a;REP691b	4;3	3.5	89	89.0	3250365	3250479	ISO16_RS14605	17	'3	ISO16_RS14610		'3		False	inside
2	REP692a;REP692c	14;4	9.0	56	56.0	3251667	3251766	ISO16_RS14615	92	'3	ISO16_RS14625	81	'5	86.5	False	outside
2	REP693b;REP2048	3;2	2.5	69	69.0	3253503	3253596	ISO16_RS14630		'5	ISO16_RS14635	50	'3		False	outside
2	REP2047a;REP694c	21;7	14.0	82	82.0	3254748	3254903	ISO16_RS14640	9	'3	ISO16_RS14645		'3		False	outside
3	REP2046b;REP695a;REP695b	8;18;6	10.666666666666666	25;1	13.0	3262220	3262320	ISO16_RS14680		'3	ISO16_RS14685	-9	'3		False	outside
2	REP695c;REP695d	7;5	6.0	69	69.0	3262424	3262531	ISO16_RS14680	167	'3	ISO16_RS14685		'3		False	inside
2	REP2043d;REP2043a	20;4	12.0	22	22.0	3275600	3275679	ISO16_RS14760	63	'5	ISO16_RS14765	121	'3	92.0	False	outside
2	REP2041b;REP2041a	6;19	12.5	51	51.0	3278177	3278288	ISO16_RS14775	48	'5	ISO16_RS14780	15	'3	31.5	False	outside
5	REP2040c;REP2040b;REP2040a;REP697a;REP697b	5;7;4;6;7	5.8	2;52;-12;71	28.25	3282461	3282669	ISO16_RS14795		'3	ISO16_RS14800		'3		True	inside
2	REP2038b;REP2038a	10;5	7.5	1	1.0	3288082	3288123	ISO16_RS14825		'3	ISO16_RS14830	125	'3		False	inside
2	REP698a;REP698d	6;7	6.5	66	66.0	3288278	3288381	ISO16_RS14825	36	'3	ISO16_RS14830		'3		False	inside
2	REP2037d;REP2037c	6;4	5.0	86	86.0	3291948	3292061	ISO16_RS14840	293	'3	ISO16_RS14850	233	'3	263.0	False	inside
2	REP2037b;REP2037a	6;19	12.5	22	22.0	3292193	3292283	ISO16_RS14845		'3	ISO16_RS14850	11	'3		False	outside
2	REP700c;REP700d	17;3	10.0	-5	-5.0	3292406	3292453	ISO16_RS14845	187	'3	ISO16_RS14850		'3		True	inside
3	REP2036c;REP2036b;REP2036a	4;6;15	8.333333333333334	77;7	42.0	3305491	3305643	ISO16_RS14895		'3	ISO16_RS14900	18	'3		False	outside
3	REP704a;REP704b;REP2035d	7;9;6	7.333333333333333	3;85	44.0	3309297	3309440	ISO16_RS14915	19	'3	ISO16_RS14920		'5		False	outside
3	REP2035c;REP2035b;REP2035a	10;13;6	9.666666666666666	34;-18	8.0	3309750	3309852	ISO16_RS14920		'3	ISO16_RS14925	45	'3		True	inside
2	REP706a;REP706b	19;7	13.0	11	11.0	3312430	3312510	ISO16_RS14930	5	'3	ISO16_RS14935	3	'3	4.0	False	outside
2	REP706c;REP706d	10;8	9.0	-9	-9.0	3312866	3312921	ISO16_RS14930	441	'3	ISO16_RS14935		'3		True	inside
3	REP707b;REP707c;REP707d	12;4;6	7.333333333333333	56;75	65.5	3316511	3316705	ISO16_RS14950	27	'3	ISO16_RS14960	70	'3	48.5	False	inside
3	REP2028d;REP2028b;REP2028a	5;5;18	9.333333333333334	54;54	54.0	3324242	3324417	ISO16_RS14990		'3	ISO16_RS14995	6	'3		False	outside
3	REP2027c;REP2027b;REP2027a	5;9;20	11.333333333333334	22;22	22.0	3329193	3329319	ISO16_RS15015		'3	ISO16_RS15020	15	'3		False	outside
2	REP709b;REP709c	6;7	6.5	2	2.0	3329440	3329476	ISO16_RS15015	193	'3	ISO16_RS15020		'3		False	inside
3	REP710a;REP710b;REP710d	7;6;11	8.0	-7;19	6.0	3331102	3331184	ISO16_RS15025	18	'3	ISO16_RS15030	88	'5	53.0	True	outside
3	REP711a;REP711b;REP711d	7;15;5	9.0	8;97	52.5	3332021	3332198	ISO16_RS15030	8	'3	ISO16_RS15035	95	'5	51.5	False	outside
2	REP712a;REP712b	6;15	10.5	-9	-9.0	3333449	3333494	ISO16_RS15035	34	'3	ISO16_RS15040	30	'5	32.0	True	outside
2	REP713a;REP713c	7;8	7.5	81	81.0	3337553	3337673	ISO16_RS15055	323	'3	ISO16_RS15065	300	'5	311.5	False	outside
2	REP2024d;REP2024c	5;6	5.5	17	17.0	3354403	3354455	ISO16_RS15140		'3	ISO16_RS15145	708	'3		False	inside
2	REP2022b;REP2022a	5;2	3.5	48	48.0	3360737	3360810	ISO16_RS15165	100	'5	ISO16_RS15170	83	'3	91.5	False	outside
2	REP2020d;REP2020c	5;4	4.5	53	53.0	3381584	3381673	ISO16_RS15260		'3	ISO16_RS15265	274	'3		False	inside
2	REP717a;REP717b	17;22	19.5	18	18.0	3381834	3381935	ISO16_RS15260	14	'3	ISO16_RS15265	12	'3	13.0	False	outside
2	REP2018b;REP2018a	7;8	7.5	-12	-12.0	3392321	3392352	ISO16_RS15315	30	'5	ISO16_RS15320	3	'3	16.5	True	outside
3	REP2017c;REP2017b;REP2017a	7;4;9	6.666666666666667	43;-3	20.0	3394242	3394351	ISO16_RS15325		'3	ISO16_RS15330	23	'3		True	inside
3	REP721a;REP721b;REP721c	3;8;7	6.0	26;11	18.5	3397603	3397699	ISO16_RS15350	269	'3	ISO16_RS15355		'3		False	inside
3	REP2014c;REP2014b;REP2014a	3;5;13	7.0	53;71	62.0	3400137	3400318	ISO16_RS15360		'3	ISO16_RS15365	41	'3		False	outside
3	REP722b;REP722c;REP722d	12;4;6	7.333333333333333	62;85	73.5	3400456	3400672	ISO16_RS15360	175	'3	ISO16_RS15370	69	'3	122.0	False	outside
2	REP2012d;REP2012c	8;7	7.5	-15	-15.0	3410880	3410904	ISO16_RS15415		'3	ISO16_RS15420	247	'3		True	inside
2	REP723a;REP723b	2;7	4.5	-2	-2.0	3411278	3411308	ISO16_RS15415	179	'3	ISO16_RS15420		'3		True	inside
2	REP723c;REP723d	5;8	6.5	31	31.0	3411466	3411533	ISO16_RS15415	367	'3	ISO16_RS15420		'3		False	inside
2	REP2010d;REP2010c	4;4	4.0	27	27.0	3421162	3421215	ISO16_RS15465		'3	ISO16_RS15470	122	'3		False	inside
6	REP724c;REP724d;REP2009d;REP2009c;REP2009b;REP2009a	11;4;6;10;11;10	8.666666666666666	-6;92;20;10;-11	21.0	3421413	3421659	ISO16_RS15465	141	'3	ISO16_RS15475	5	'3	73.0	True	outside
2	REP727b;REP727c	7;7	7.0	60	60.0	3428060	3428155	ISO16_RS15510	98	'3	ISO16_RS15515		'3		False	inside
4	REP2007d;REP2007c;REP2007b;REP2007a	7;10;3;7	6.75	-13;42;57	28.666666666666668	3429880	3430046	ISO16_RS15520		'3	ISO16_RS15525	88	'3		True	inside
4	REP2003d;REP2003c;REP2003a;REP730b	7;4;20;6	9.25	15;95;-3	35.666666666666664	3447909	3448109	ISO16_RS15595		'3	ISO16_RS15600	-1	'3		True	outside
4	REP2002c;REP2002b;REP731c;REP731d	13;6;12;6	9.25	16;95;20	43.666666666666664	3451518	3451744	ISO16_RS15610	16	'3	ISO16_RS15615		'3		False	outside
2	REP2000b;REP2000a	2;18	10.0	47	47.0	3460746	3460845	ISO16_RS15645		'3	ISO16_RS15655	857	'3		False	outside
2	REP733b;REP1998c	8;4	6.0	17	17.0	3471571	3471620	ISO16_RS15690	29	'3	ISO16_RS15695	72	'3	50.5	False	outside
2	REP737a;REP737b	9;9	9.0	63	63.0	3483688	3483797	ISO16_RS15775	26	'3	ISO16_RS15780	91	'5	58.5	False	outside
4	REP1994b;REP1994a;REP740a;REP740b	4;7;5;3	4.75	37;41;15	31.0	3488533	3488682	ISO16_RS15800		'3	ISO16_RS15805		'3		False	inside
2	REP741a;REP741c	15;7	11.0	43	43.0	3493899	3494000	ISO16_RS15820	8	'3	ISO16_RS15825	75	'5	41.5	False	outside
2	REP1993d;REP1993c	5;7	6.0	1	1.0	3501595	3501626	ISO16_RS15850		'3	ISO16_RS15855	304	'3		False	inside
2	REP1992b;REP1992a	7;10	8.5	-13	-13.0	3504056	3504091	ISO16_RS15860	13	'5	ISO16_RS15865	30	'3	21.5	True	outside
2	REP745a;REP745c	5;6	5.5	77	77.0	3506260	3506364	ISO16_RS15880	321	'3	ISO16_RS15885	13	'5	167.0	False	outside
2	REP1990b;REP1990a	7;10	8.5	41	41.0	3509455	3509536	ISO16_RS15895		'3	ISO16_RS15900	10	'3		False	outside
2	REP746b;REP746c	5;4	4.5	82	82.0	3509795	3509904	ISO16_RS15895	271	'3	ISO16_RS15900		'3		False	inside
2	REP747c;REP747d	9;5	7.0	68	68.0	3515980	3516085	ISO16_RS15920	308	'3	ISO16_RS15925		'3		False	inside
2	REP1988d;REP1988c	8;5	6.5	60	60.0	3521991	3522086	ISO16_RS15940		'3	ISO16_RS15945	216	'3		False	inside
2	REP748a;REP748c	8;3	5.5	65	65.0	3522330	3522429	ISO16_RS15940	38	'3	ISO16_RS15945		'3		False	inside
2	REP1987c;REP1987b	6;9	7.5	-6	-6.0	3524977	3525011	ISO16_RS15960		'3	ISO16_RS15965	132	'3		True	inside
2	REP1985a;REP752a	8;5	6.5	52	52.0	3532247	3532341	ISO16_RS16000		'3	ISO16_RS16005	12	'3		False	outside
2	REP1984a;REP753a	7;4	5.5	56	56.0	3536884	3536970	ISO16_RS16025		'3	ISO16_RS16030		'3		False	inside
2	REP753c;REP753d	11;7	9.0	-3	-3.0	3537238	3537289	ISO16_RS16025	325	'3	ISO16_RS16030		'3		True	inside
2	REP1983b;REP1983a	6;5	5.5	44	44.0	3539209	3539281	ISO16_RS16035		'3	ISO16_RS16040	43	'3		False	inside
2	REP754a;REP754c	7;11	9.0	76	76.0	3539412	3539536	ISO16_RS16035	84	'3	ISO16_RS16040		'3		False	inside
2	REP1981c;REP1981a	4;18	11.0	50	50.0	3546332	3546434	ISO16_RS16075	71	'5	ISO16_RS16080	8	'3	39.5	False	outside
2	REP1980b;REP1980a	20;9	14.5	-25	-25.0	3547777	3547827	ISO16_RS16080	33	'5	ISO16_RS16085	18	'3	25.5	True	outside
2	REP757b;REP757c	5;6	5.5	44	44.0	3552393	3552465	ISO16_RS16090	272	'3	ISO16_RS16095		'3		False	inside
4	REP1977d;REP1977c;REP1977a;REP761a	5;3;7;4	4.75	69;43;65	59.0	3564072	3564308	ISO16_RS16135		'3	ISO16_RS16140		'3		False	inside
2	REP764a;REP764b	8;9	8.5	64	64.0	3572715	3572821	ISO16_RS16175	99	'3	ISO16_RS16180		'3		False	inside
2	REP764c;REP764d	5;4	4.5	74	74.0	3573161	3573263	ISO16_RS16180		'5	ISO16_RS16185	221	'3		False	inside
2	REP1973b;REP1973a	2;16	9.0	-1	-1.0	3584086	3584137	ISO16_RS16230	310	'5	ISO16_RS16235	37	'3	173.5	True	outside
3	REP1972d;REP767a;REP1972a	5;6;7	6.0	88;28	58.0	3587671	3587843	ISO16_RS16255	-4	'3	ISO16_RS28730	60	'3	28.0	False	outside
2	REP1971c;REP1971a	6;6	6.0	40	40.0	3588779	3588850	ISO16_RS28730	654	'5	ISO16_RS16265	62	'3	358.0	False	outside
2	REP768b;REP768c	10;6	8.0	-5	-5.0	3593399	3593436	ISO16_RS16275	308	'3	ISO16_RS16280		'3		True	inside
2	REP769a;REP769c	20;5	12.5	60	60.0	3601565	3601689	ISO16_RS16310	30	'3	ISO16_RS16315	127	'5	78.5	False	outside
2	REP773a;REP773b	14;6	10.0	33	33.0	3621126	3621207	ISO16_RS16395	13	'3	ISO16_RS16400	77	'5	45.0	False	outside
2	REP774b;REP774c	6;8	7.0	53	53.0	3629085	3629175	ISO16_RS16425	38	'3	ISO16_RS16430		'3		False	inside
2	REP776a;REP776b	3;4	3.5	40	40.0	3638484	3638548	ISO16_RS16475	23	'3	ISO16_RS16480	82	'5	52.5	False	outside
2	REP1964c;REP1964a	13;13	13.0	-20	-20.0	3641830	3641870	ISO16_RS16490		'3	ISO16_RS16495	32	'3		True	inside
2	REP777a;REP777c	13;7	10.0	32	32.0	3642102	3642192	ISO16_RS16490	190	'3	ISO16_RS16495		'3		False	inside
4	REP1963b;REP1963a;REP779a;REP779b	7;8;5;6	6.5	54;88;44	62.0	3646343	3646603	ISO16_RS16510		'3	ISO16_RS16515		'3		False	inside
3	REP1961c;REP1961b;REP1961a	3;6;17	8.666666666666666	45;7	26.0	3653937	3654056	ISO16_RS16530	343	'5	ISO16_RS16535	10	'3	176.5	False	outside
3	REP781a;REP781b;REP781c	7;12;14	11.0	0;-28	-14.0	3658617	3658677	ISO16_RS16570	6	'3	ISO16_RS16575	33	'3	19.5	True	outside
2	REP1959b;REP1959a	7;11	9.0	93	93.0	3662992	3663131	ISO16_RS16580	166	'5	ISO16_RS16585	29	'3	97.5	False	outside
4	REP1958d;REP1958c;REP1958b;REP1958a	7;7;10;24	12.0	74;9;31	38.0	3667494	3667742	ISO16_RS16610		'3	ISO16_RS16615	20	'3		False	outside
2	REP1956d;REP1956b	7;6	6.5	20	20.0	3672759	3672815	ISO16_RS16640		'3	ISO16_RS16645	152	'3		False	inside
4	REP785a;REP785b;REP785c;REP785d	8;7;9;5	7.25	-18;41;97	40.0	3673081	3673290	ISO16_RS16640	16	'3	ISO16_RS16645		'3		True	inside
2	REP1952c;REP1952b	6;2	4.0	60	60.0	3687153	3687240	ISO16_RS16730	84	'3	ISO16_RS16740	126	'3	105.0	False	inside
2	REP787a;REP787b	7;8	7.5	62	62.0	3687415	3687520	ISO16_RS16735	60	'3	ISO16_RS16740		'3		False	inside
2	REP788a;REP788c	7;6	6.5	75	75.0	3690619	3690730	ISO16_RS16750	92	'3	ISO16_RS16755		'3		False	inside
3	REP1950c;REP1950b;REP1950a	6;20;7	11.0	-13;-9	-11.0	3698340	3698408	ISO16_RS16785	-1	'3	ISO16_RS16790	5	'3	2.0	True	outside
2	REP790a;REP790b	23;6	14.5	7	7.0	3702675	3702767	ISO16_RS16805	23	'3	ISO16_RS16810	78	'5	50.5	False	outside
3	REP1949d;REP1949c;REP1949a	6;4;6	5.333333333333333	39;77	58.0	3704722	3704891	ISO16_RS16810		'3	ISO16_RS16815	82	'3		False	inside
2	REP1946c;REP1946a	4;4	4.0	90	90.0	3713461	3713574	ISO16_RS16840	41	'5	ISO16_RS16845	17	'3	29.0	False	outside
2	REP792c;REP792d	4;10	7.0	28	28.0	3722745	3722808	ISO16_RS16870	8	'5	ISO16_RS16875		'3		False	inside
2	REP1943b;REP793a	3;9	6.0	51	51.0	3724526	3724621	ISO16_RS16880		'3	ISO16_RS16885	73	'3		False	outside
2	REP796b;REP796c	6;4	5.0	38	38.0	3749005	3749070	ISO16_RS16970	149	'3	ISO16_RS16975	441	'5	295.0	False	outside
2	REP1937a;REP798a	6;4	5.0	-5	-5.0	3753069	3753095	ISO16_RS16985	107	'3	ISO16_RS16990	44	'3	75.5	True	outside
2	REP798c;REP798d	4;5	4.5	-4	-4.0	3753351	3753375	ISO16_RS16990		'5	ISO16_RS16995	189	'3		True	inside
3	REP799a;REP1935d;REP799b	6;4;8	6.0	62;-6	28.0	3755208	3755311	ISO16_RS17005	144	'3	ISO16_RS17010	501	'3	322.5	True	outside
2	REP799c;REP1935a	10;10	10.0	68	68.0	3755544	3755668	ISO16_RS17005	480	'3	ISO16_RS17010	144	'3	312.0	False	outside
2	REP1934d;REP1934c	5;4	4.5	17	17.0	3762374	3762432	ISO16_RS17035		'3	ISO16_RS17040	137	'3		False	inside
2	REP800c;REP800d	3;6	4.5	30	30.0	3762908	3762966	ISO16_RS17040		'5	ISO16_RS17045	64	'3		False	outside
2	REP1932d;REP1932a	4;6	5.0	66	66.0	3765220	3765317	ISO16_RS17055		'3	ISO16_RS17060	118	'3		False	inside
2	REP801a;REP801b	4;8	6.0	53	53.0	3765625	3765713	ISO16_RS17055	194	'3	ISO16_RS17060		'3		False	inside
2	REP1931d;REP1931c	10;6	8.0	14	14.0	3767287	3767347	ISO16_RS17065	121	'3	ISO16_RS17070		'5		False	inside
3	REP802a;REP802c;REP802d	5;14;6	8.333333333333334	14;75	44.5	3767921	3768080	ISO16_RS17070	74	'3	ISO16_RS17075		'3		False	inside
2	REP1930b;REP1930a	17;5	11.0	28	28.0	3770759	3770838	ISO16_RS17085	6	'5	ISO16_RS17090	41	'3	23.5	False	outside
2	REP803b;REP803c	8;5	6.5	62	62.0	3774631	3774729	ISO16_RS17100	267	'3	ISO16_RS17105		'3		False	inside
2	REP1928d;REP1928c	4;6	5.0	17	17.0	3778549	3778594	ISO16_RS17115		'3	ISO16_RS17120	490	'3		False	inside
2	REP1928b;REP1928a	4;5	4.5	38	38.0	3778736	3778817	ISO16_RS17115		'3	ISO16_RS17120	267	'3		False	inside
3	REP804a;REP804b;REP804c	5;5;10	6.666666666666667	37;61	49.0	3779324	3779478	ISO16_RS17115	274	'3	ISO16_RS17125	393	'5	333.5	False	inside
2	REP1927d;REP1927c	3;3	3.0	79	79.0	3781939	3782044	ISO16_RS17130		'3	ISO16_RS17135	279	'3		False	inside
3	REP806b;REP806c;REP806d	5;4;4	4.333333333333333	30;-6	12.0	3782542	3782611	ISO16_RS17130	231	'3	ISO16_RS17135		'3		True	inside
2	REP1926c;REP1926a	6;9	7.5	7	7.0	3784503	3784549	ISO16_RS17145		'3	ISO16_RS17150	193	'3		False	inside
2	REP1925c;REP1925b	4;9	6.5	19	19.0	3788579	3788646	ISO16_RS17160		'3	ISO16_RS17165	62	'3		False	outside
2	REP1923b;REP1923a	6;4	5.0	63	63.0	3808450	3808543	ISO16_RS17225		'3	ISO16_RS17230	79	'3		False	inside
2	REP811a;REP811b	7;6	6.5	36	36.0	3808658	3808728	ISO16_RS17225	48	'3	ISO16_RS17230		'3		False	inside
3	REP1921d;REP1921c;REP1921b	4;4;5	4.333333333333333	29;73	51.0	3816504	3816644	ISO16_RS17255	571	'3	ISO16_RS17265	610	'3	590.5	False	inside
2	REP1920c;REP1920b	6;7	6.5	-6	-6.0	3820815	3820850	ISO16_RS17275	754	'5	ISO16_RS17280	50	'3	402.0	True	outside
3	REP815a;REP815b;REP815c	11;3;4	6.0	63;70	66.5	3826550	3826731	ISO16_RS17310	21	'3	ISO16_RS17315	333	'5	177.0	False	outside
2	REP817b;REP817c	10;7	8.5	-4	-4.0	3833087	3833130	ISO16_RS17340	36	'3	ISO16_RS17345	87	'5	61.5	True	outside
2	REP818a;REP818b	7;4	5.5	19	19.0	3835408	3835459	ISO16_RS17345	157	'3	ISO16_RS17350	130	'5	143.5	False	outside
3	REP821b;REP1918b;REP1918a	7;7;15	9.666666666666666	66;53	59.5	3846032	3846224	ISO16_RS17385	224	'3	ISO16_RS17400	12	'3	118.0	False	outside
6	REP1916c;REP1916b;REP823a;REP823b;REP823c;REP823d	8;5;4;9;7;4	6.166666666666667	31;86;16;55;32	44.0	3853168	3853494	ISO16_RS17440		'3	ISO16_RS17445		'3		False	inside
2	REP1914d;REP1914c	6;4	5.0	3	3.0	3856591	3856621	ISO16_RS17460		'3	ISO16_RS17465	551	'3		False	inside
3	REP826a;REP826b;REP826c	11;5;7	7.666666666666667	-4;42	19.0	3859608	3859711	ISO16_RS17470	83	'3	ISO16_RS17475		'3		True	inside
2	REP1912b;REP1912a	7;5	6.0	67	67.0	3861789	3861893	ISO16_RS17485		'3	ISO16_RS17490	35	'3		False	inside
2	REP828a;REP828b	6;4	5.0	4	4.0	3864501	3864537	ISO16_RS17505	270	'3	ISO16_RS17510		'3		False	inside
2	REP831a;REP831b	18;8	13.0	-5	-5.0	3885999	3886060	ISO16_RS17580	23	'3	ISO16_RS17585	22	'5	22.5	True	outside
3	REP1907d;REP1907c;REP1907b	5;4;12	7.0	69;5	37.0	3887492	3887626	ISO16_RS17590		'3	ISO16_RS17595	320	'3		False	inside
3	REP1904b;REP834c;REP834d	5;6;14	8.333333333333334	40;-15	12.5	3891683	3891773	ISO16_RS17620	38	'5	ISO16_RS17625	20	'3	29.0	True	outside
2	REP1901b;REP1901a	4;9	6.5	18	18.0	3902440	3902499	ISO16_RS17655	20	'5	ISO16_RS17660	15	'3	17.5	False	outside
2	REP836a;REP836c	4;3	3.5	45	45.0	3921428	3921495	ISO16_RS29085	104	'3	ISO16_RS17725		'3		False	inside
2	REP1895b;REP1895a	5;15	10.0	75	75.0	3925446	3925578	ISO16_RS17735	470	'5	ISO16_RS17740	31	'3	250.5	False	outside
2	REP1894d;REP1894c	4;7	5.5	85	85.0	3937762	3937876	ISO16_RS17790	235	'3	ISO16_RS17800	141	'5	188.0	False	inside
3	REP1891c;REP1891b;REP1891a	5;18;8	10.333333333333334	85;63	74.0	3941491	3941718	ISO16_RS28950	342	'5	ISO16_RS17815	-1	'3	170.5	False	outside
2	REP1890b;REP1890a	5;5	5.0	60	60.0	3944595	3944683	ISO16_RS17825		'3	ISO16_RS17830	114	'3		False	inside
2	REP1888d;REP1888b	7;7	7.0	61	61.0	3950314	3950417	ISO16_RS17855		'3	ISO16_RS17860	108	'3		False	inside
2	REP841c;REP841d	20;7	13.5	-36	-36.0	3950690	3950734	ISO16_RS17855	215	'3	ISO16_RS17860		'3		True	inside
2	REP1886c;REP1886b	6;4	5.0	69	69.0	3955167	3955269	ISO16_RS17870	154	'5	ISO16_RS17880	138	'3	146.0	False	inside
2	REP844c;REP844d	8;5	6.5	39	39.0	3961667	3961744	ISO16_RS17910	909	'3	ISO16_RS17915		'3		False	inside
4	REP845a;REP845b;REP845c;REP845d	17;7;7;6	9.25	57;66;20	47.666666666666664	3965574	3965818	ISO16_RS28740	13	'3	ISO16_RS17940	308	'5	160.5	False	outside
2	REP846b;REP846c	2;6	4.0	18	18.0	3966871	3966918	ISO16_RS17945	80	'3	ISO16_RS17950	391	'5	235.5	False	outside
2	REP847c;REP847d	7;11	9.0	30	30.0	3969276	3969352	ISO16_RS17950	257	'3	ISO16_RS17955		'3		False	inside
2	REP1879b;REP1879a	10;5	7.5	25	25.0	3973509	3973587	ISO16_RS17970	83	'5	ISO16_RS17975	19	'3	51.0	False	outside
3	REP1877d;REP1877c;REP851b	6;4;7	5.666666666666667	-7;6	-0.5	3979693	3979739	ISO16_RS18005	212	'3	ISO16_RS28745	66	'5	139.0	True	outside
2	REP852a;REP852b	4;7	5.5	60	60.0	3980031	3980121	ISO16_RS28745	67	'3	ISO16_RS18015		'3		False	inside
2	REP852c;REP852d	4;9	6.5	25	25.0	3980296	3980358	ISO16_RS28745	332	'3	ISO16_RS18015		'3		False	inside
2	REP853c;REP1876b	5;13	9.0	18	18.0	3984718	3984790	ISO16_RS18030	346	'3	ISO16_RS28750	157	'3	251.5	False	outside
4	REP1875d;REP1875c;REP854a;REP854b	4;6;10;12	8.0	37;-8;80	36.333333333333336	3985959	3986165	ISO16_RS18045		'3	ISO16_RS18050	-5	'3		True	outside
2	REP1874d;REP1874c	8;7	7.5	62	62.0	3991311	3991415	ISO16_RS18065		'3	ISO16_RS18070	459	'3		False	inside
3	REP1874b;REP1874a;REP856a	8;8;10	8.666666666666666	5;39	22.0	3991820	3991933	ISO16_RS18065		'3	ISO16_RS18070		'3		False	inside
2	REP1872d;REP1872c	6;4	5.0	79	79.0	3994531	3994638	ISO16_RS18075	324	'5	ISO16_RS18085	273	'3	298.5	False	inside
3	REP1872a;REP857a;REP857c	16;4;8	9.333333333333334	72;41	56.5	3994849	3995040	ISO16_RS18080		'3	ISO16_RS18085		'3		False	inside
2	REP858a;REP858b	7;5	6.0	-12	-12.0	3996359	3996382	ISO16_RS29095	46	'3	ISO16_RS18095	8	'5	27.0	True	outside
3	REP1870c;REP1870b;REP1870a	8;5;9	7.333333333333333	-19;83	32.0	4000661	4000793	ISO16_RS18105		'3	ISO16_RS18110	176	'3		True	inside
2	REP859a;REP859b	9;6	7.5	22	22.0	4000979	4001045	ISO16_RS18105	57	'3	ISO16_RS18110		'3		False	inside
2	REP1866d;REP1866c	8;8	8.0	52	52.0	4011087	4011179	ISO16_RS18160		'3	ISO16_RS18165	709	'3		False	inside
2	REP861c;REP861d	8;8	8.0	56	56.0	4012347	4012449	ISO16_RS18165		'5	ISO16_RS18170	325	'3		False	inside
2	REP863b;REP863c	4;8	6.0	-9	-9.0	4015900	4015923	ISO16_RS18180	159	'3	ISO16_RS18185		'3		True	inside
2	REP1862b;REP1862a	8;17	12.5	24	24.0	4019122	4019212	ISO16_RS18200	78	'5	ISO16_RS18205	13	'3	45.5	False	outside
4	REP1861b;REP1861a;REP864a;REP864b	7;6;5;7	6.25	51;81;67	66.33333333333333	4022545	4022820	ISO16_RS18220		'3	ISO16_RS18225		'3		False	inside
3	REP1860d;REP1860c;REP1860b	9;6;7	7.333333333333333	5;38	21.5	4026723	4026828	ISO16_RS18245		'3	ISO16_RS18250	68	'3		False	outside
2	REP865c;REP865d	7;4	5.5	69	69.0	4027032	4027132	ISO16_RS18245	241	'3	ISO16_RS18250		'3		False	inside
2	REP1858d;REP1858c	4;8	6.0	97	97.0	4029959	4030089	ISO16_RS18265	199	'5	ISO16_RS18275	237	'3	218.0	False	inside
3	REP1856d;REP1856c;REP1856b	8;4;5	5.666666666666667	25;35	30.0	4037038	4037147	ISO16_RS18300		'3	ISO16_RS18305	284	'3		False	inside
3	REP1856a;REP868a;REP868b	6;4;10	6.666666666666667	74;38	56.0	4037376	4037546	ISO16_RS18300		'3	ISO16_RS18305		'3		False	inside
3	REP1855d;REP1855c;REP1855b	11;5;17	11.0	11;54	32.5	4048774	4048933	ISO16_RS18365		'3	ISO16_RS18370	131	'3		False	inside
2	REP871c;REP871d	10;13	11.5	-19	-19.0	4049560	4049596	ISO16_RS18370		'5	ISO16_RS18375	471	'3		True	inside
2	REP1853b;REP1853a	3;8	5.5	80	80.0	4053023	4053135	ISO16_RS18390		'3	ISO16_RS18395	21	'3		False	inside
2	REP1851c;REP1851a	8;6	7.0	13	13.0	4057174	4057236	ISO16_RS18420	234	'5	ISO16_RS18425	54	'3	144.0	False	outside
4	REP1849d;REP1849c;REP1849b;REP1849a	8;9;3;5	6.25	-7;28;9	10.0	4061707	4061816	ISO16_RS18435		'3	ISO16_RS18440	190	'3		True	inside
2	REP878b;REP878c	14;8	11.0	-18	-18.0	4073889	4073927	ISO16_RS18500	39	'5	ISO16_RS18505	51	'5	45.0	True	outside
4	REP879a;REP879b;REP879c;REP879d	5;8;11;5	7.25	55;67;8	43.333333333333336	4076363	4076569	ISO16_RS18510	80	'3	ISO16_RS18515		'3		False	inside
4	REP1842d;REP1842c;REP1842b;REP883b	7;8;5;7	6.75	19;36;92	49.0	4086319	4086555	ISO16_RS18565		'3	ISO16_RS18570	120	'3		False	outside
2	REP883c;REP883d	5;4	4.5	23	23.0	4086732	4086782	ISO16_RS18565	365	'3	ISO16_RS18570		'3		False	inside
4	REP885a;REP1841d;REP885c;REP885d	9;5;4;4	5.5	-1;74;52	41.666666666666664	4090664	4090847	ISO16_RS18580	8	'3	ISO16_RS18585	128	'3	68.0	True	outside
2	REP886a;REP886b	10;9	9.5	22	22.0	4096545	4096613	ISO16_RS18600	92	'3	ISO16_RS18605	196	'5	144.0	False	outside
3	REP1838d;REP1838c;REP1838a	4;9;19	10.666666666666666	65;71	68.0	4105446	4105677	ISO16_RS18635		'3	ISO16_RS18640	27	'3		False	outside
2	REP1836d;REP1836c	9;5	7.0	-7	-7.0	4111925	4111957	ISO16_RS18670		'3	ISO16_RS18675	388	'3		True	inside
2	REP1835b;REP893a	7;12	9.5	54	54.0	4116249	4116350	ISO16_RS18680		'3	ISO16_RS18685	16	'3		False	outside
2	REP1834b;REP1834a	8;3	5.5	38	38.0	4117556	4117637	ISO16_RS18685	122	'5	ISO16_RS18690	83	'3	102.5	False	outside
6	REP1832d;REP1832c;REP1832a;REP894a;REP894b;REP894d	6;5;8;6;8;19	8.666666666666666	11;80;27;15;44	35.4	4123042	4123372	ISO16_RS18710		'3	ISO16_RS18715		'3		False	inside
2	REP1827b;REP903a	5;5	5.0	63	63.0	4163729	4163821	ISO16_RS18845		'3	ISO16_RS18850	41	'3		False	outside
2	REP903b;REP903c	4;6	5.0	31	31.0	4164001	4164063	ISO16_RS18845	215	'3	ISO16_RS18850		'3		False	inside
3	REP1824d;REP1824b;REP1824a	3;4;9	5.333333333333333	84;-11	36.5	4175218	4175346	ISO16_RS18895		'3	ISO16_RS18900	336	'3		True	inside
2	REP1823b;REP1823a	5;23	14.0	8	8.0	4176593	4176667	ISO16_RS18900	56	'5	ISO16_RS18905	14	'3	35.0	False	outside
3	REP908a;REP908b;REP1822a	8;5;14	9.0	23;-7	8.0	4182865	4182949	ISO16_RS18930	174	'3	ISO16_RS18935	31	'3	102.5	True	outside
2	REP909a;REP909c	15;4	9.5	26	26.0	4184658	4184733	ISO16_RS18940	106	'3	ISO16_RS18950	93	'5	99.5	False	outside
3	REP1821d;REP1821c;REP1821b	6;7;9	7.333333333333333	88;6	47.0	4186336	4186482	ISO16_RS18950	199	'3	ISO16_RS18955		'5		False	inside
3	REP912b;REP1819b;REP912c	5;4;13	7.333333333333333	-9;12	1.5	4191187	4191249	ISO16_RS18970	292	'3	ISO16_RS18985	41	'3	166.5	True	outside
2	REP1818d;REP1818c	7;7	7.0	34	34.0	4201529	4201601	ISO16_RS19005	6045	'5	ISO16_RS19025	15	'5	3030.0	False	outside
3	REP1816b;REP915b;REP915c	16;3;4	7.666666666666667	0;14	7.0	4207811	4207887	ISO16_RS19055	139	'3	ISO16_RS19065	-10	'3	64.5	False	outside
3	REP918b;REP918c;REP918d	3;4;4	3.6666666666666665	53;19	36.0	4218696	4218803	ISO16_RS19100	638	'3	ISO16_RS19105		'3		False	inside
2	REP1814d;REP1814a	3;9	6.0	78	78.0	4233039	4233153	ISO16_RS19105	1144	'5	ISO16_RS19110	21	'3	582.5	False	outside
3	REP919b;REP919c;REP919d	7;8;8	7.666666666666667	79;45	62.0	4240624	4240810	ISO16_RS19130	238	'3	ISO16_RS19135		'3		False	inside
2	REP1811c;REP1811a	18;7	12.5	-20	-20.0	4242073	4242115	ISO16_RS19140	-30	'3	ISO16_RS19145	1	'3	-14.5	True	outside
2	REP1810d;REP1810c	6;7	6.5	85	85.0	4244834	4244951	ISO16_RS19150		'3	ISO16_RS19155	655	'3		False	inside
4	REP923a;REP923b;REP1809a;REP923d	6;9;6;4	6.25	-14;-4;21	1.0	4250732	4250805	ISO16_RS19175	21	'3	ISO16_RS19180		'3		True	outside
2	REP1805b;REP1805a	7;4	5.5	71	71.0	4260727	4260826	ISO16_RS19230		'3	ISO16_RS19235	79	'3		False	inside
2	REP926a;REP926b	18;6	12.0	52	52.0	4266030	4266138	ISO16_RS19260	45	'5	ISO16_RS19275	285	'5	165.0	False	outside
2	REP1801d;REP1801c	7;6	6.5	84	84.0	4268417	4268541	ISO16_RS19280	355	'5	ISO16_RS19290	430	'3	392.5	False	outside
2	REP1801b;REP1801a	3;6	4.5	56	56.0	4268717	4268808	ISO16_RS19285		'3	ISO16_RS19290	163	'3		False	inside
2	REP930a;REP930b	8;7	7.5	49	49.0	4271851	4271946	ISO16_RS19305	73	'3	ISO16_RS19310	39	'5	56.0	False	outside
2	REP1799c;REP1799a	6;11	8.5	-5	-5.0	4272782	4272824	ISO16_RS19310	107	'3	ISO16_RS19320	88	'3	97.5	True	inside
2	REP933c;REP933d	5;7	6.0	57	57.0	4275490	4275581	ISO16_RS19325	583	'3	ISO16_RS19330	123	'5	353.0	False	outside
3	REP935c;REP935b;REP935d	12;2;4	6.0	-35;19	-8.0	4281240	4281284	ISO16_RS19340	292	'3	ISO16_RS19345	666	'3	479.0	True	outside
2	REP1796d;REP1796c	10;9	9.5	14	14.0	4283985	4284059	ISO16_RS19350	185	'5	ISO16_RS19355	189	'3	187.0	False	outside
2	REP1795d;REP1795c	6;13	9.5	35	35.0	4285659	4285747	ISO16_RS19360		'3	ISO16_RS19365	249	'3		False	inside
3	REP1795a;REP936a;REP936b	5;10;13	9.333333333333334	76;52	64.0	4285920	4286123	ISO16_RS19360		'3	ISO16_RS19365		'3		False	inside
2	REP937a;REP937b	6;4	5.0	42	42.0	4291004	4291073	ISO16_RS19390	359	'3	ISO16_RS19395		'3		False	inside
3	REP939b;REP939c;REP939d	13;6;7	8.666666666666666	44;57	50.5	4296250	4296416	ISO16_RS19410	201	'3	ISO16_RS19415		'3		False	inside
2	REP1789a;REP941d	12;9	10.5	-4	-4.0	4307440	4307496	ISO16_RS19455	201	'3	ISO16_RS19460	18	'3	109.5	True	outside
2	REP1787c;REP1787a	6;6	6.0	66	66.0	4313881	4313980	ISO16_RS19490	47	'5	ISO16_RS19495	39	'3	43.0	False	outside
2	REP943a;REP943b	27;7	17.0	55	55.0	4319715	4319853	ISO16_RS19510	22	'3	ISO16_RS19515	57	'5	39.5	False	outside
2	REP1785d;REP1785c	6;10	8.0	-3	-3.0	4327591	4327628	ISO16_RS19540		'3	ISO16_RS19545	336	'3		True	inside
2	REP946c;REP946d	6;5	5.5	69	69.0	4331358	4331457	ISO16_RS19555	90	'3	ISO16_RS19560		'3		False	inside
2	REP947a;REP947b	14;3	8.5	31	31.0	4335197	4335276	ISO16_RS19580	5	'3	ISO16_RS19585		'3		False	outside
4	REP1782b;REP1782a;REP948b;REP948c	9;20;4;6	9.75	64;17;74	51.666666666666664	4339668	4339925	ISO16_RS19600		'3	ISO16_RS19605		'3		False	inside
2	REP949a;REP949b	7;4	5.5	7	7.0	4344729	4344767	ISO16_RS19625	21	'3	ISO16_RS19630	214	'5	117.5	False	outside
2	REP1781c;REP1781b	7;3	5.0	75	75.0	4346878	4346985	ISO16_RS19635		'3	ISO16_RS19640	187	'3		False	inside
2	REP950a;REP950c	6;4	5.0	92	92.0	4347166	4347285	ISO16_RS19635	20	'3	ISO16_RS19640		'3		False	outside
3	REP1780a;REP952b;REP1779	13;9;10	10.666666666666666	92;59	75.5	4349595	4349825	ISO16_RS19655	5	'3	ISO16_RS19665	163	'3	84.0	False	outside
2	REP953b;REP953c	6;5	5.5	96	96.0	4351226	4351352	ISO16_RS19670	32	'3	ISO16_RS19675	774	'5	403.0	False	outside
2	REP955a;REP955b	7;14	10.5	4	4.0	4355907	4355966	ISO16_RS19685	28	'3	ISO16_RS19690	87	'5	57.5	False	outside
2	REP1778b;REP956a	8;18	13.0	13	13.0	4361242	4361317	ISO16_RS19715	-16	'3	ISO16_RS19720	25	'3	4.5	False	outside
2	REP956c;REP956d	6;6	6.0	36	36.0	4361748	4361813	ISO16_RS19715	490	'3	ISO16_RS19720		'3		False	inside
2	REP1776b;REP1776a	7;15	11.0	12	12.0	4376024	4376091	ISO16_RS19780	7	'3	ISO16_RS19785	19	'3	13.0	False	outside
2	REP960c;REP960d	5;8	6.5	31	31.0	4384462	4384528	ISO16_RS19825		'5	ISO16_RS19830	327	'3		False	inside
4	REP1773d;REP1773b;REP961a;REP961b	5;7;20;7	9.75	60;15;52	42.333333333333336	4388518	4388753	ISO16_RS19840		'3	ISO16_RS19845		'3		False	inside
2	REP963a;REP963b	5;8	6.5	32	32.0	4400327	4400393	ISO16_RS19900	97	'3	ISO16_RS19905	224	'5	160.5	False	outside
2	REP965a;REP965b	4;4	4.0	20	20.0	4405229	4405275	ISO16_RS19915	56	'3	ISO16_RS19920	398	'5	227.0	False	outside
3	REP966a;REP966b;REP966c	6;7;8	7.0	79;-18	30.5	4406901	4407017	ISO16_RS19920	145	'3	ISO16_RS19925	594	'5	369.5	True	outside
2	REP969c;REP969d	5;5	5.0	89	89.0	4420688	4420805	ISO16_RS19975	255	'3	ISO16_RS19980		'3		False	inside
2	REP970b;REP970c	4;9	6.5	73	73.0	4424298	4424406	ISO16_RS19990	169	'3	ISO16_RS29100		'3		False	inside
2	REP971a;REP971b	16;5	10.5	83	83.0	4430468	4430606	ISO16_RS20015		'5	ISO16_RS20020	166	'3		False	inside
2	REP972a;REP972b	7;11	9.0	-15	-15.0	4437768	4437800	ISO16_RS20040	48	'3	ISO16_RS20045	172	'5	110.0	True	outside
2	REP974a;REP974c	8;5	6.5	61	61.0	4442836	4442930	ISO16_RS20065	31	'3	ISO16_RS20070		'3		False	inside
2	REP975c;REP975d	9;6	7.5	83	83.0	4444136	4444264	ISO16_RS20080		'5	ISO16_RS20085	152	'3		False	inside
2	REP1761d;REP1761b	6;5	5.5	51	51.0	4446617	4446698	ISO16_RS20095		'3	ISO16_RS20100	121	'3		False	inside
3	REP976a;REP976c;REP976d	4;9;9	7.333333333333333	70;15	42.5	4446823	4446970	ISO16_RS20095	43	'3	ISO16_RS20100		'3		False	inside
3	REP1758d;REP1758c;REP1758b	4;3;6	4.333333333333333	5;34	19.5	4450433	4450519	ISO16_RS20115		'3	ISO16_RS20120	170	'3		False	outside
2	REP977a;REP977b	9;7	8.0	18	18.0	4450649	4450714	ISO16_RS20115	152	'3	ISO16_RS20120		'3		False	outside
2	REP977c;REP977d	12;4	8.0	46	46.0	4450950	4451045	ISO16_RS20115	453	'3	ISO16_RS20120		'3		False	inside
2	REP979c;REP979d	6;3	4.5	72	72.0	4455356	4455455	ISO16_RS20135	23	'5	ISO16_RS20140	2	'3	12.5	False	outside
2	REP1755d;REP1755c	6;5	5.5	64	64.0	4457264	4457355	ISO16_RS20145	435	'3	ISO16_RS20155	463	'3	449.0	False	inside
2	REP981a;REP981b	9;11	10.0	-6	-6.0	4457884	4457931	ISO16_RS20150	158	'3	ISO16_RS20155		'3		True	inside
2	REP981c;REP981d	6;5	5.5	52	52.0	4458094	4458178	ISO16_RS20150	368	'3	ISO16_RS20160	320	'5	344.0	False	inside
3	REP1754c;REP1754b;REP1754a	7;3;8	6.0	45;24	34.5	4460702	4460832	ISO16_RS20170		'3	ISO16_RS20175	94	'3		False	inside
2	REP983a;REP983b	8;6	7.0	-5	-5.0	4460979	4461008	ISO16_RS20170	71	'3	ISO16_RS20175		'3		True	inside
3	REP1753d;REP1753c;REP1753b	7;7;2	5.333333333333333	75;3	39.0	4462874	4463005	ISO16_RS20180	192	'3	ISO16_RS20190	267	'3	229.5	False	inside
2	REP1753a;REP984c	23;7	15.0	66	66.0	4463202	4463348	ISO16_RS20185	14	'3	ISO16_RS20190		'3		False	outside
2	REP986a;REP986b	15;7	11.0	-12	-12.0	4468385	4468428	ISO16_RS20210	41	'3	ISO16_RS20215	27	'5	34.0	True	outside
2	REP1752c;REP1752b	12;5	8.5	8	8.0	4482694	4482742	ISO16_RS20285		'3	ISO16_RS20290	158	'3		False	inside
2	REP1751c;REP1751b	7;4	5.5	97	97.0	4485913	4486039	ISO16_RS20310		'3	ISO16_RS20315	170	'3		False	inside
2	REP1750d;REP988d	7;3	5.0	95	95.0	4486754	4486883	ISO16_RS20315	110	'5	ISO16_RS20320	100	'5	105.0	False	outside
2	REP989b;REP989c	6;4	5.0	44	44.0	4487428	4487504	ISO16_RS20320	103	'3	ISO16_RS20325		'3		False	inside
2	REP1749d;REP1749c	7;5	6.0	11	11.0	4488234	4488280	ISO16_RS20325	15	'5	ISO16_RS20330	205	'3	110.0	False	outside
2	REP1748a;REP990a	8;10	9.0	32	32.0	4497160	4497241	ISO16_RS20360		'3	ISO16_RS20365	-25	'3		False	outside
2	REP1747c;REP1747b	4;12	8.0	59	59.0	4502470	4502572	ISO16_RS20390		'3	ISO16_RS20395	83	'3		False	inside
2	REP995c;REP995d	5;8	6.5	27	27.0	4508487	4508548	ISO16_RS20410	237	'3	ISO16_RS20415		'3		False	inside
2	REP1743d;REP1743c	11;15	13.0	-17	-17.0	4512238	4512285	ISO16_RS20430	132	'5	ISO16_RS20440	145	'3	138.5	True	outside
3	REP1742d;REP1742b;REP997a	5;7;7	6.333333333333333	96;-10	43.0	4513818	4513958	ISO16_RS20445		'3	ISO16_RS20450	11	'3		True	outside
4	REP1741b;REP1741a;REP998a;REP998b	6;9;11;8	8.5	15;50;27	30.666666666666668	4516857	4517033	ISO16_RS20455		'3	ISO16_RS20460		'3		False	inside
2	REP1000b;REP1000c	7;9	8.0	-15	-15.0	4525759	4525784	ISO16_RS20515		'5	ISO16_RS20520	465	'3		True	inside
2	REP1737c;REP1737b	5;4	4.5	11	11.0	4529384	4529422	ISO16_RS20530		'3	ISO16_RS20535	183	'3		False	inside
2	REP1001b;REP1001c	6;9	7.5	56	56.0	4529592	4529689	ISO16_RS20530	58	'3	ISO16_RS20535		'3		False	outside
2	REP1736c;REP1736b	5;5	5.0	35	35.0	4532275	4532338	ISO16_RS20540		'3	ISO16_RS20545	571	'3		False	inside
2	REP1005a;REP1005b	7;16	11.5	6	6.0	4541673	4541733	ISO16_RS20590	33	'3	ISO16_RS20595	36	'5	34.5	False	outside
2	REP1734c;REP1734a	7;4	5.5	75	75.0	4546011	4546119	ISO16_RS20605		'3	ISO16_RS20610	30	'3		False	inside
2	REP1007b;REP1007c	3;7	5.0	19	19.0	4546555	4546608	ISO16_RS20610	19	'5	ISO16_RS20615	22	'5	20.5	False	outside
3	REP1008a;REP1008b;REP1008d	5;20;5	10.0	13;6	9.5	4547932	4548027	ISO16_RS20615	114	'3	ISO16_RS20625	215	'5	164.5	False	outside
2	REP1733d;REP1733c	4;4	4.0	55	55.0	4555843	4555924	ISO16_RS20645		'3	ISO16_RS20650	547	'3		False	inside
2	REP1011c;REP1011d	6;6	6.0	-5	-5.0	4559986	4560011	ISO16_RS20665	325	'3	ISO16_RS20670		'3		True	inside
3	REP1012a;REP1012b;REP1012c	4;4;7	5.0	10;14	12.0	4566887	4566958	ISO16_RS20680	199	'3	ISO16_RS20685		'3		False	inside
2	REP1729;REP1012d	4;4	4.0	3	3.0	4567250	4567282	ISO16_RS20685	33	'5	ISO16_RS20690	0	'3	16.5	False	outside
3	REP1727d;REP1727c;REP1727b	4;7;4	5.0	61;14	37.5	4574426	4574550	ISO16_RS20725		'3	ISO16_RS20730	71	'3		False	inside
4	REP1014a;REP1014b;REP1014c;REP1014d	4;5;5;6	5.0	51;28;72	50.333333333333336	4574931	4575139	ISO16_RS20725	297	'3	ISO16_RS20730		'3		False	inside
4	REP1018a;REP1018b;REP1018c;REP1018d	4;7;7;10	7.0	24;-3;22	14.333333333333334	4590818	4590937	ISO16_RS20805	109	'3	ISO16_RS20810	28	'5	68.5	True	outside
2	REP1725c;REP1725a	10;4	7.0	61	61.0	4595103	4595201	ISO16_RS20820		'3	ISO16_RS20825	4	'3		False	outside
3	REP1724d;REP1724c;REP1724b	11;3;5	6.333333333333333	80;94	87.0	4596758	4596994	ISO16_RS20830		'3	ISO16_RS20835	306	'3		False	inside
2	REP1021a;REP1021d	13;14	13.5	38	38.0	4597319	4597418	ISO16_RS20830	43	'3	ISO16_RS20835		'3		False	inside
2	REP1723c;REP1723b	6;9	7.5	37	37.0	4601307	4601388	ISO16_RS20845		'3	ISO16_RS20850	115	'3		False	inside
5	REP1722b;REP1722a;REP1023a;REP1023b;REP1023c	4;7;9;7;10	7.4	22;86;56;19	45.75	4602989	4603271	ISO16_RS20860		'3	ISO16_RS20865		'3		False	inside
2	REP1721b;REP1721a	4;5	4.5	94	94.0	4605423	4605545	ISO16_RS20875		'3	ISO16_RS20880	62	'3		False	inside
2	REP1024c;REP1024d	12;3	7.5	24	24.0	4606116	4606184	ISO16_RS20875	551	'3	ISO16_RS20880		'3		False	inside
2	REP1718c;REP1718b	6;6	6.0	38	38.0	4615300	4615368	ISO16_RS20925	173	'3	ISO16_RS20930		'5		False	inside
2	REP1027a;REP1027b	4;8	6.0	43	43.0	4615800	4615873	ISO16_RS20930	43	'3	ISO16_RS20935		'3		False	inside
2	REP1714d;REP1714c	4;4	4.0	7	7.0	4639942	4639973	ISO16_RS21025	221	'3	ISO16_RS21030		'5		False	inside
2	REP1713b;REP1713a	4;10	7.0	89	89.0	4646838	4646964	ISO16_RS21045		'3	ISO16_RS21050	20	'3		False	inside
2	REP1034c;REP1712c	6;7	6.5	81	81.0	4647408	4647529	ISO16_RS21050	22	'5	ISO16_RS21055	62	'3	42.0	False	outside
2	REP1709c;REP1709b	4;6	5.0	46	46.0	4657898	4657974	ISO16_RS21105		'3	ISO16_RS21110	455	'3		False	inside
2	REP1038b;REP1038c	6;7	6.5	-13	-13.0	4666572	4666593	ISO16_RS21135	303	'3	ISO16_RS21140		'3		True	inside
3	REP1704d;REP1704c;REP1704a	6;8;8	7.333333333333333	62;60	61.0	4673031	4673213	ISO16_RS21160	426	'3	ISO16_RS21170	480	'3	453.0	False	inside
2	REP1039a;REP1039b	18;5	11.5	34	34.0	4673687	4673781	ISO16_RS21165	9	'3	ISO16_RS21170		'3		False	outside
2	REP1040c;REP1040d	8;3	5.5	27	27.0	4678573	4678635	ISO16_RS21195	199	'3	ISO16_RS21200	105	'5	152.0	False	outside
3	REP1702d;REP1702c;REP1702b	2;6;5	4.333333333333333	15;38	26.5	4679904	4680014	ISO16_RS21200		'3	ISO16_RS21205	373	'3		False	inside
2	REP1041a;REP1041c	7;8	7.5	32	32.0	4680480	4680562	ISO16_RS21200	231	'3	ISO16_RS21205		'3		False	inside
4	REP1042a;REP1042b;REP1042c;REP1042d	7;5;8;9	7.25	54;71;52	59.0	4682992	4683246	ISO16_RS28965	9	'3	ISO16_RS21230	61	'3	35.0	False	inside
2	REP1699d;REP1699c	6;6	6.0	30	30.0	4688011	4688081	ISO16_RS21250		'3	ISO16_RS21255	165	'3		False	inside
2	REP1699a;REP1043b	7;11	9.0	59	59.0	4688224	4688328	ISO16_RS21250	3	'3	ISO16_RS21255		'3		False	outside
4	REP1696d;REP1696c;REP1696b;REP1696a	12;5;6;22	11.25	61;30;-4	29.0	4700755	4700958	ISO16_RS21315		'3	ISO16_RS21320	2	'3		True	outside
3	REP1044b;REP1044c;REP1044d	4;7;4	5.0	47;10	28.5	4701077	4701185	ISO16_RS21315	183	'3	ISO16_RS21325	248	'3	215.5	False	inside
2	REP1046b;REP1046c	12;6	9.0	11	11.0	4709202	4709259	ISO16_RS21350	234	'3	ISO16_RS21355		'3		False	inside
2	REP1692d;REP1692b	7;12	9.5	82	82.0	4713268	4713407	ISO16_RS21375		'3	ISO16_RS21380	346	'3		False	inside
3	REP1048b;REP1048c;REP1048d	12;6;8	8.666666666666666	88;5	46.5	4717658	4717823	ISO16_RS21395	91	'3	ISO16_RS21400	88	'5	89.5	False	outside
3	REP1690c;REP1690b;REP1690a	4;4;8	5.333333333333333	59;65	62.0	4720738	4720912	ISO16_RS21405		'3	ISO16_RS21410	85	'3		False	inside
4	REP1689b;REP1689a;REP1052b;REP1052c	7;6;16;3	8.0	69;59;-8	40.0	4728354	4728566	ISO16_RS21445		'3	ISO16_RS21450		'3		True	inside
2	REP1054a;REP1054b	8;8	8.0	8	8.0	4739245	4739296	ISO16_RS21495	45	'3	ISO16_RS21500	25	'5	35.0	False	outside
3	REP1055b;REP1055c;REP1055d	6;4;9	6.333333333333333	21;54	37.5	4740603	4740728	ISO16_RS21500	337	'3	ISO16_RS21505	22	'5	179.5	False	outside
2	REP1686c;REP1686b	3;5	4.0	92	92.0	4750409	4750528	ISO16_RS21545	191	'3	ISO16_RS21555	284	'3	237.5	False	inside
4	REP1056a;REP1056b;REP1056c;REP1056d	6;7;6;7	6.5	-2;12;21	10.333333333333334	4750941	4751048	ISO16_RS21550	142	'3	ISO16_RS21555		'3		True	inside
3	REP1685b;REP1685a;REP1057d	4;16;8	9.333333333333334	34;7	20.5	4757655	4757766	ISO16_RS21580	56	'3	ISO16_RS21585	-7	'3	24.5	False	outside
2	REP1059a;REP1059c	4;6	5.0	82	82.0	4764099	4764212	ISO16_RS21615	63	'3	ISO16_RS21620	129	'5	96.0	False	outside
2	REP1061b;REP1061d	10;9	9.5	54	54.0	4768832	4768941	ISO16_RS21635	131	'3	ISO16_RS21640		'3		False	inside
2	REP1064b;REP1064d	6;7	6.5	59	59.0	4787768	4787861	ISO16_RS21720	178	'3	ISO16_RS21725	752	'5	465.0	False	outside
2	REP1065c;REP1065d	4;4	4.0	55	55.0	4790095	4790176	ISO16_RS21725	546	'3	ISO16_RS21730		'3		False	inside
3	REP1680b;REP1067a;REP1680a	6;6;6	6.0	27;1	14.0	4797078	4797164	ISO16_RS21755	18	'3	ISO16_RS21760	132	'3	75.0	False	outside
2	REP1067c;REP1067d	5;6	5.5	43	43.0	4797591	4797664	ISO16_RS21755	531	'3	ISO16_RS21760		'3		False	inside
3	REP1679c;REP1679b;REP1679a	3;14;18	11.666666666666666	67;10	38.5	4799753	4799915	ISO16_RS21765	62	'5	ISO16_RS21770	35	'3	48.5	False	outside
2	REP1068b;REP1068c	3;13	8.0	-1	-1.0	4803764	4803816	ISO16_RS21785	161	'3	ISO16_RS21790		'3		True	inside
2	REP1676b;REP1676a	7;5	6.0	33	33.0	4818656	4818721	ISO16_RS21855	40	'3	ISO16_RS21860		'5		False	inside
2	REP1070c;REP1070d	2;8	5.0	65	65.0	4819116	4819215	ISO16_RS21860	264	'3	ISO16_RS21865		'3		False	inside
3	REP1073b;REP1073c;REP1073d	8;6;10	8.0	-9;-13	-11.0	4827055	4827096	ISO16_RS21905	482	'3	ISO16_RS21910		'3		True	inside
2	REP1075c;REP1075d	5;4	4.5	31	31.0	4837521	4837579	ISO16_RS21960		'5	ISO16_RS21965	115	'5		False	inside
2	REP1669d;REP1669c	13;5	9.0	28	28.0	4844012	4844084	ISO16_RS21995		'3	ISO16_RS22000	124	'3		False	inside
2	REP1077c;REP1077d	8;4	6.0	72	72.0	4846694	4846803	ISO16_RS22010	675	'3	ISO16_RS22015		'3		False	inside
4	REP1666d;REP1666c;REP1666b;REP1666a	6;3;6;7	5.5	14;56;62	44.0	4861409	4861608	ISO16_RS22085	28	'3	ISO16_RS22095	186	'3	107.0	False	inside
3	REP1664b;REP1664a;REP1080a	9;7;6	7.333333333333333	68;79	73.5	4865794	4866009	ISO16_RS22115		'3	ISO16_RS22120		'3		False	inside
2	REP1080c;REP1080d	9;12	10.5	31	31.0	4866217	4866304	ISO16_RS22115	264	'3	ISO16_RS22120		'3		False	inside
2	REP1081a;REP1081b	7;7	7.0	36	36.0	4878239	4878313	ISO16_RS22140	29	'3	ISO16_RS22145	56	'3	42.5	False	outside
2	REP1081d;REP1662d	4;9	6.5	30	30.0	4878867	4878929	ISO16_RS22145	45	'5	ISO16_RS22150	27	'5	36.0	False	outside
2	REP1662a;REP1082a	10;9	9.5	93	93.0	4879481	4879623	ISO16_RS22150		'3	ISO16_RS22155		'3		False	inside
2	REP1088a;REP1088b	11;7	9.0	-18	-18.0	4901280	4901313	ISO16_RS22225	16	'3	ISO16_RS22230	144	'5	80.0	True	outside
2	REP1090a;REP1090b	7;10	8.5	26	26.0	4903480	4903557	ISO16_RS22235	51	'3	ISO16_RS22240	50	'5	50.5	False	outside
2	REP1661b;REP1091c	7;7	7.0	34	34.0	4904312	4904383	ISO16_RS22240	12	'3	ISO16_RS22245	31	'3	21.5	False	outside
2	REP1660d;REP1660c	5;4	4.5	56	56.0	4909355	4909440	ISO16_RS22260		'3	ISO16_RS22265	507	'3		False	inside
2	REP1093a;REP1093b	26;5	15.5	55	55.0	4913811	4913938	ISO16_RS22275	21	'3	ISO16_RS22280		'3		False	outside
2	REP1656b;REP1656a	5;5	5.0	25	25.0	4919011	4919075	ISO16_RS22300	46	'5	ISO16_RS22305	88	'3	67.0	False	outside
2	REP1655b;REP1655a	7;4	5.5	62	62.0	4920888	4920980	ISO16_RS22310		'3	ISO16_RS22315	144	'3		False	inside
2	REP1654d;REP1654c	6;9	7.5	6	6.0	4923536	4923588	ISO16_RS22320		'3	ISO16_RS22325	555	'3		False	inside
2	REP1095b;REP1095d	7;4	5.5	90	90.0	4924324	4924443	ISO16_RS22320	151	'3	ISO16_RS22325		'3		False	inside
2	REP1653b;REP1096a	9;5	7.0	31	31.0	4926060	4926129	ISO16_RS22330		'3	ISO16_RS22335	-8	'3		False	outside
2	REP1097a;REP1097b	6;5	5.5	16	16.0	4928835	4928887	ISO16_RS22345	74	'3	ISO16_RS29015		'3		False	inside
2	REP1097c;REP1097d	8;5	6.5	-2	-2.0	4929057	4929091	ISO16_RS22345	296	'3	ISO16_RS29015		'3		True	inside
2	REP1098a;REP1098b	16;12	14.0	10	10.0	4931947	4932024	ISO16_RS22355	15	'3	ISO16_RS22360	109	'5	62.0	False	outside
2	REP1100c;REP1100d	12;7	9.5	39	39.0	4934096	4934184	ISO16_RS28970	332	'5	ISO16_RS22375	468	'5	400.0	False	outside
2	REP1650b;REP1650a	5;9	7.0	68	68.0	4938214	4938323	ISO16_RS22390		'3	ISO16_RS22395	13	'3		False	inside
2	REP1102c;REP1102d	5;10	7.5	-3	-3.0	4942000	4942038	ISO16_RS22410	346	'3	ISO16_RS22415		'3		True	inside
2	REP1646b;REP1646a	7;4	5.5	72	72.0	4957811	4957913	ISO16_RS22495	352	'3	ISO16_RS22505	273	'3	312.5	False	inside
2	REP1107a;REP1107b	6;7	6.5	56	56.0	4958346	4958447	ISO16_RS22500	170	'3	ISO16_RS22505		'3		False	inside
2	REP1107c;REP1107d	16;9	12.5	-18	-18.0	4958684	4958733	ISO16_RS22505		'5	ISO16_RS22510	251	'3		True	inside
2	REP1644d;REP1644c	7;6	6.5	93	93.0	4964813	4964947	ISO16_RS22525	299	'3	ISO16_RS22535	207	'3	253.0	False	inside
2	REP1644b;REP1644a	5;4	4.5	-5	-5.0	4965072	4965095	ISO16_RS22530		'3	ISO16_RS22535	59	'3		True	inside
3	REP1109a;REP1109b;REP1109d	5;6;4	5.0	69;21	45.0	4967608	4967745	ISO16_RS22545	187	'3	ISO16_RS22555	232	'5	209.5	False	inside
2	REP1111a;REP1111d	17;5	11.0	46	46.0	4970798	4970903	ISO16_RS22560	25	'3	ISO16_RS22565	195	'5	110.0	False	outside
2	REP1115b;REP1642a	18;17	17.5	94	94.0	4982255	4982425	ISO16_RS22610	67	'3	ISO16_RS22615	15	'3	41.0	False	outside
2	REP1116a;REP1116b	6;11	8.5	49	49.0	4986592	4986690	ISO16_RS22635	87	'3	ISO16_RS22640	27	'5	57.0	False	outside
2	REP1641d;REP1641c	5;4	4.5	73	73.0	4992521	4992621	ISO16_RS22655		'3	ISO16_RS22660	393	'3		False	inside
3	REP1641b;REP1117b;REP1641a	4;8;9	7.0	36;2	19.0	4992769	4992862	ISO16_RS22655	110	'3	ISO16_RS22660	152	'3	131.0	False	outside
2	REP1640d;REP1640c	7;8	7.5	22	22.0	4994750	4994814	ISO16_RS22665		'3	ISO16_RS22670	391	'3		False	inside
5	REP1640b;REP1118a;REP1118b;REP1118c;REP1118d	3;15;7;5;12	8.4	57;63;83;-2	50.25	4995095	4995404	ISO16_RS22665		'3	ISO16_RS22675	109	'3		True	inside
2	REP1119a;REP1119b	14;9	11.5	34	34.0	5004355	5004445	ISO16_RS22720	33	'3	ISO16_RS22725		'3		False	outside
2	REP1636d;REP1636c	3;5	4.0	53	53.0	5012515	5012593	ISO16_RS22765		'3	ISO16_RS22790	649	'3		False	inside
2	REP1636a;REP1121d	18;4	11.0	22	22.0	5013191	5013267	ISO16_RS22765	565	'3	ISO16_RS22790		'3		False	outside
2	REP1122b;REP1122d	5;6	5.5	76	76.0	5019651	5019763	ISO16_RS22810	356	'3	ISO16_RS22820	310	'3	333.0	False	inside
2	REP1633b;REP1633a	5;7	6.0	21	21.0	5024659	5024712	ISO16_RS22840	285	'5	ISO16_RS22845	60	'3	172.5	False	outside
2	REP1123a;REP1123c	10;5	7.5	62	62.0	5029450	5029550	ISO16_RS22865	161	'3	ISO16_RS22870	17	'5	89.0	False	outside
5	REP1632d;REP1632c;REP1632b;REP1632a;REP1125d	5;20;4;20;12	12.2	44;6;0;32	20.5	5042257	5042488	ISO16_RS22905		'3	ISO16_RS22910		'3		False	inside
2	REP1127b;REP1127c	10;9	9.5	90	90.0	5056614	5056764	ISO16_RS22960	261	'3	ISO16_RS22965		'3		False	inside
2	REP1630c;REP1630b	3;9	6.0	14	14.0	5072497	5072554	ISO16_RS23045		'3	ISO16_RS23050	342	'3		False	inside
3	REP1629d;REP1629c;REP1133a	5;5;15	8.333333333333334	85;52	68.5	5078772	5078981	ISO16_RS23070		'3	ISO16_RS23075	85	'3		False	outside
3	REP1134a;REP1134b;REP1134c	6;7;24	12.333333333333334	97;43	70.0	5087360	5087600	ISO16_RS23110	59	'3	ISO16_RS23115		'3		False	inside
3	REP1626c;REP1626b;REP1626a	5;4;24	11.0	63;26	44.5	5096079	5096245	ISO16_RS23160		'3	ISO16_RS23165	22	'3		False	outside
2	REP1136b;REP1136c	6;10	8.0	24	24.0	5096594	5096666	ISO16_RS23160	368	'3	ISO16_RS23165		'3		False	inside
2	REP1625c;REP1625b	5;6	5.5	79	79.0	5099232	5099345	ISO16_RS23175		'3	ISO16_RS23180	125	'3		False	inside
3	REP1137a;REP1137b;REP1137c	2;5;5	4.0	-2;21	9.5	5099665	5099722	ISO16_RS23175	243	'3	ISO16_RS23180		'3		True	inside
2	REP1624b;REP1624a	16;4	10.0	71	71.0	5100331	5100451	ISO16_RS23180	36	'5	ISO16_RS23185	56	'3	46.0	False	outside
2	REP1620c;REP1620a	9;13	11.0	5	5.0	5121333	5121398	ISO16_RS23275		'3	ISO16_RS23280	76	'3		False	inside
2	REP1141a;REP1141b	6;6	6.0	2	2.0	5121530	5121570	ISO16_RS23275	30	'3	ISO16_RS23280		'3		False	inside
2	REP1141c;REP1141d	6;8	7.0	68	68.0	5121910	5122020	ISO16_RS23280		'5	ISO16_RS23285	206	'3		False	inside
2	REP1619c;REP1619b	7;8	7.5	42	42.0	5125540	5125637	ISO16_RS23295		'3	ISO16_RS23300	131	'3		False	inside
4	REP1617d;REP1617c;REP1617b;REP1617a	8;4;4;7	5.75	32;91;82	68.33333333333333	5130965	5131238	ISO16_RS23320		'3	ISO16_RS23325	16	'3		False	inside
2	REP1143c;REP1143d	5;5	5.0	34	34.0	5131585	5131646	ISO16_RS23320	290	'3	ISO16_RS23325		'3		False	inside
2	REP1145b;REP1145c	6;7	6.5	-12	-12.0	5138873	5138896	ISO16_RS23345	325	'3	ISO16_RS23350	17	'5	171.0	True	outside
3	REP1616d;REP1616b;REP1616a	6;6;4	5.333333333333333	68;23	45.5	5143753	5143893	ISO16_RS23365		'3	ISO16_RS23370	76	'3		False	inside
3	REP1146b;REP1146c;REP1146d	4;4;7	5.0	31;53	42.0	5144273	5144399	ISO16_RS23365	269	'3	ISO16_RS23370		'3		False	inside
3	REP1615c;REP1615b;REP1615a	6;3;8	5.666666666666667	80;1	40.5	5147300	5147443	ISO16_RS23375	215	'5	ISO16_RS23380	43	'3	129.0	False	outside
2	REP1149a;REP1149b	19;9	14.0	-27	-27.0	5163645	5163693	ISO16_RS23440	58	'3	ISO16_RS23445	199	'5	128.5	True	outside
2	REP1613b;REP1613a	8;5	6.5	28	28.0	5165892	5165963	ISO16_RS23450		'3	ISO16_RS23455	110	'3		False	inside
2	REP1151c;REP1151d	4;7	5.5	20	20.0	5166281	5166335	ISO16_RS23450	283	'3	ISO16_RS23455		'3		False	inside
3	REP1612d;REP1612c;REP1612a	7;4;11	7.333333333333333	68;97	82.5	5168143	5168373	ISO16_RS23460		'3	ISO16_RS23465		'5		False	inside
2	REP1609c;REP1609a	8;3	5.5	86	86.0	5181162	5181285	ISO16_RS23525		'3	ISO16_RS23530	61	'3		False	inside
2	REP1156c;REP1156d	8;7	7.5	16	16.0	5181655	5181710	ISO16_RS23530		'5	ISO16_RS23535	202	'3		False	inside
2	REP1608b;REP1608a	8;7	7.5	-9	-9.0	5187577	5187609	ISO16_RS23555		'3	ISO16_RS23560	222	'3		True	inside
2	REP1157c;REP1157d	6;4	5.0	41	41.0	5188006	5188073	ISO16_RS23555	187	'3	ISO16_RS23560		'3		False	inside
2	REP1606a;REP1158b	21;9	15.0	40	40.0	5192109	5192216	ISO16_RS23570	6	'3	ISO16_RS23575		'3		False	outside
2	REP1159a;REP1159b	19;7	13.0	46	46.0	5194433	5194542	ISO16_RS23590	25	'3	ISO16_RS23595		'3		False	outside
2	REP1159c;REP1159d	5;5	5.0	81	81.0	5194654	5194761	ISO16_RS23590	246	'3	ISO16_RS23600	196	'3	221.0	False	inside
2	REP1603c;REP1603b	6;13	9.5	98	98.0	5201578	5201725	ISO16_RS23615	224	'3	ISO16_RS23625	202	'3	213.0	False	inside
2	REP1160b;REP1160c	10;9	9.5	41	41.0	5202041	5202134	ISO16_RS23620	151	'3	ISO16_RS23630	117	'5	134.0	False	inside
3	REP1602a;REP1162a;REP1162b	6;6;6	6.0	19;16	17.5	5205402	5205484	ISO16_RS23645	1	'3	ISO16_RS23650		'3		False	outside
2	REP1600c;REP1600b	6;5	5.5	61	61.0	5211566	5211658	ISO16_RS23675		'3	ISO16_RS23680	213	'3		False	inside
4	REP1600a;REP1163a;REP1163b;REP1163c	9;6;7;4	6.5	39;18;84	47.0	5211833	5212045	ISO16_RS23675		'3	ISO16_RS23680		'3		False	inside
3	REP1599d;REP1599c;REP1165a	6;9;16	10.333333333333334	35;11	23.0	5216980	5217104	ISO16_RS28805		'3	ISO16_RS23710	26	'3		False	outside
4	REP1598a;REP1166a;REP1166b;REP1166c	11;18;9;9	11.75	70;47;4	40.333333333333336	5221997	5222242	ISO16_RS23730		'3	ISO16_RS23735		'3		False	inside
2	REP1597d;REP1597c	9;7	8.0	-2	-2.0	5223117	5223157	ISO16_RS23740		'3	ISO16_RS23745	210	'3		True	inside
4	REP1596d;REP1596c;REP1596b;REP1596a	4;7;5;6	5.5	39;-18;86	35.666666666666664	5224731	5224906	ISO16_RS23750		'3	ISO16_RS23755	57	'3		True	inside
2	REP1168b;REP1168d	5;5	5.0	65	65.0	5225180	5225273	ISO16_RS23750	188	'3	ISO16_RS23755		'3		False	inside
3	REP1595c;REP1595b;REP1169b	6;4;7	5.666666666666667	44;85	64.5	5228132	5228316	ISO16_RS23770		'3	ISO16_RS23775		'3		False	inside
2	REP1593b;REP1593a	4;5	4.5	27	27.0	5238488	5238541	ISO16_RS23820	5	'3	ISO16_RS23825	51	'3	28.0	False	outside
3	REP1171b;REP1171c;REP1171d	4;6;21	10.333333333333334	21;17	19.0	5238710	5238837	ISO16_RS23820	227	'3	ISO16_RS23825		'3		False	inside
2	REP1172b;REP1172d	8;6	7.0	98	98.0	5245293	5245429	ISO16_RS23860	57	'5	ISO16_RS23865		'3		False	outside
2	REP1176c;REP1176d	5;5	5.0	28	28.0	5252131	5252186	ISO16_RS23900	302	'5	ISO16_RS23905		'3		False	inside
2	REP1590b;REP1177a	6;18	12.0	49	49.0	5261234	5261340	ISO16_RS23945		'3	ISO16_RS23950	9	'3		False	outside
2	REP1589b;REP1589a	6;23	14.5	95	95.0	5262807	5262969	ISO16_RS23950	93	'5	ISO16_RS23955	83	'3	88.0	False	outside
2	REP1183b;REP1183d	9;6	7.5	72	72.0	5276185	5276303	ISO16_RS24010	70	'3	ISO16_RS24015	28	'5	49.0	False	outside
2	REP1184a;REP1184b	8;5	6.5	30	30.0	5278601	5278672	ISO16_RS24015	8	'3	ISO16_RS24020	55	'5	31.5	False	outside
2	REP1588c;REP1588b	14;8	11.0	16	16.0	5279508	5279578	ISO16_RS24020	13	'3	ISO16_RS24025	-16	'5	-1.5	False	outside
4	REP1187a;REP1187b;REP1187c;REP1187d	18;10;10;9	11.75	84;59;95	79.33333333333333	5284276	5284635	ISO16_RS24060	10	'3	ISO16_RS24065		'3		False	outside
2	REP1188a;REP1188b	5;4	4.5	44	44.0	5286248	5286317	ISO16_RS28810	55	'3	ISO16_RS28815	31	'5	43.0	False	outside
2	REP1583c;REP1193a	7;18	12.5	35	35.0	5299270	5299366	ISO16_RS24135	-15	'3	ISO16_RS24140	98	'3	41.5	False	outside
2	REP1193c;REP1193d	7;7	7.0	25	25.0	5299595	5299654	ISO16_RS24140		'5	ISO16_RS24145	82	'3		False	inside
3	REP1581d;REP1581b;REP1581a	4;3;5	4.0	46;91	68.5	5302314	5302490	ISO16_RS24155		'3	ISO16_RS24160	36	'3		False	inside
2	REP1580c;REP1580b	7;6	6.5	76	76.0	5306281	5306392	ISO16_RS24170		'3	ISO16_RS24175	223	'3		False	inside
3	REP1577c;REP1577b;REP1577a	7;4;2	4.333333333333333	-11;32	10.5	5312644	5312707	ISO16_RS24205		'3	ISO16_RS24210	94	'3		True	inside
3	REP1198b;REP1198c;REP1198d	12;12;6	10.0	42;41	41.5	5319460	5319630	ISO16_RS24230	482	'3	ISO16_RS24235		'3		False	inside
2	REP1574d;REP1574c	6;5	5.5	55	55.0	5325092	5325184	ISO16_RS24250		'3	ISO16_RS24255	350	'3		False	inside
3	REP1573c;REP1573b;REP1573a	5;6;22	11.0	91;80	85.5	5330559	5330811	ISO16_RS24270		'3	ISO16_RS24275	11	'3		False	outside
2	REP1572d;REP1572c	5;4	4.5	48	48.0	5336168	5336241	ISO16_RS24295		'3	ISO16_RS24300	580	'3		False	inside
2	REP1570a;REP1205c	18;6	12.0	95	95.0	5342404	5342558	ISO16_RS24320	19	'3	ISO16_RS24325		'3		False	outside
2	REP1569d;REP1569c	5;11	8.0	5	5.0	5345085	5345129	ISO16_RS24335	118	'5	ISO16_RS24340		'5		False	inside
2	REP1569b;REP1569a	5;10	7.5	33	33.0	5345244	5345325	ISO16_RS24340		'3	ISO16_RS24345	22	'3		False	outside
2	REP1568b;REP1207a	5;8	6.5	83	83.0	5352435	5352569	ISO16_RS24375		'3	ISO16_RS24380		'3		False	inside
2	REP1207c;REP1207d	5;5	5.0	83	83.0	5352919	5353034	ISO16_RS24375	451	'3	ISO16_RS24385	552	'3	501.5	False	inside
3	REP1567d;REP1567c;REP1567b	9;5;4	6.0	41;64	52.5	5362467	5362623	ISO16_RS24440	350	'3	ISO16_RS24450	270	'3	310.0	False	inside
3	REP1211a;REP1211c;REP1211d	7;9;5	7.0	88;29	58.5	5362968	5363148	ISO16_RS24445	164	'3	ISO16_RS24455	273	'3	218.5	False	inside
2	REP1565c;REP1565b	6;5	5.5	56	56.0	5368992	5369079	ISO16_RS24485		'3	ISO16_RS24490	179	'3		False	inside
2	REP1213b;REP1213c	5;10	7.5	-17	-17.0	5372227	5372251	ISO16_RS24505	102	'3	ISO16_RS24510	50	'5	76.0	True	outside
3	REP1214b;REP1214c;REP1214d	6;13;11	10.0	93;9	51.0	5373308	5373494	ISO16_RS24510	146	'3	ISO16_RS24515		'3		False	inside
2	REP1563b;REP1563a	3;6	4.5	-9	-9.0	5376603	5376628	ISO16_RS24530		'3	ISO16_RS24535	258	'3		True	inside
2	REP1215a;REP1215b	7;4	5.5	38	38.0	5376967	5377040	ISO16_RS24530	85	'3	ISO16_RS24535		'3		False	inside
2	REP1562a;REP1216a	5;8	6.5	38	38.0	5378632	5378709	ISO16_RS24540		'3	ISO16_RS24545	1	'3		False	outside
2	REP1216b;REP1216d	10;8	9.0	82	82.0	5378882	5379009	ISO16_RS24540	206	'3	ISO16_RS24550	143	'5	174.5	False	inside
3	REP1561c;REP1561b;REP1561a	13;7;9	9.666666666666666	76;6	41.0	5382038	5382208	ISO16_RS24565		'3	ISO16_RS24570	36	'3		False	inside
2	REP1219b;REP1219c	5;18	11.5	83	83.0	5386174	5386325	ISO16_RS24580	61	'3	ISO16_RS24585	174	'5	117.5	False	outside
4	REP1220a;REP1220b;REP1220c;REP1220d	12;8;4;5	7.25	69;28;86	61.0	5390534	5390797	ISO16_RS24585	54	'3	ISO16_RS24590		'3		False	inside
2	REP1558d;REP1558c	7;5	6.0	79	79.0	5398322	5398438	ISO16_RS24620		'3	ISO16_RS24625	259	'3		False	inside
3	REP1558b;REP1558a;REP1221a	3;8;7	6.0	18;70	44.0	5398626	5398770	ISO16_RS24620		'3	ISO16_RS24625		'3		False	inside
4	REP1557d;REP1557c;REP1557b;REP1557a	4;10;5;11	7.5	17;17;17	17.0	5400728	5400860	ISO16_RS24635		'3	ISO16_RS24640	2	'3		False	outside
2	REP1222b;REP1222d	9;4	6.5	58	58.0	5401006	5401100	ISO16_RS24635	184	'3	ISO16_RS24640		'3		False	inside
2	REP1224a;REP1556d	16;9	12.5	-13	-13.0	5407092	5407142	ISO16_RS24665	104	'3	ISO16_RS24670	288	'5	196.0	True	outside
2	REP1224c;REP1556b	8;7	7.5	7	7.0	5407364	5407410	ISO16_RS24665	376	'3	ISO16_RS24670	20	'5	198.0	False	outside
3	REP1556a;REP1225b;REP1225c	21;17;6	14.666666666666666	7;35	21.0	5407655	5407800	ISO16_RS24670	18	'3	ISO16_RS24675		'3		False	outside
2	REP1555c;REP1555b	6;8	7.0	41	41.0	5411173	5411254	ISO16_RS24685		'3	ISO16_RS24690	286	'3		False	inside
2	REP1554d;REP1554c	7;6	6.5	53	53.0	5413008	5413092	ISO16_RS24690	286	'5	ISO16_RS24700	270	'3	278.0	False	inside
3	REP1554a;REP1227a;REP1227b	15;7;6	9.333333333333334	66;92	79.0	5413315	5413549	ISO16_RS24695	-20	'3	ISO16_RS24700		'3		False	outside
2	REP1553c;REP1553b	4;9	6.5	26	26.0	5419696	5419767	ISO16_RS24730		'3	ISO16_RS24735	88	'3		False	outside
3	REP1228b;REP1228c;REP1228d	6;4;17	9.0	63;31	47.0	5419928	5420099	ISO16_RS24730	199	'3	ISO16_RS24735		'3		False	inside
2	REP1552b;REP1552a	7;6	6.5	55	55.0	5423802	5423889	ISO16_RS24745		'3	ISO16_RS24750	95	'3		False	inside
2	REP1229a;REP1229b	4;6	5.0	77	77.0	5424038	5424144	ISO16_RS24745	62	'3	ISO16_RS24750		'3		False	inside
2	REP1231b;REP1231c	5;10	7.5	72	72.0	5435166	5435286	ISO16_RS24795	95	'3	ISO16_RS24800		'3		False	inside
2	REP1543a;REP1234b	7;5	6.0	9	9.0	5451446	5451487	ISO16_RS24865	12	'3	ISO16_RS24870	7	'3	9.5	False	outside
2	REP1542b;REP1542a	8;7	7.5	-14	-14.0	5452506	5452533	ISO16_RS24870	112	'5	ISO16_RS24875	2	'3	57.0	True	outside
2	REP1540b;REP1540a	4;6	5.0	36	36.0	5456622	5456689	ISO16_RS24890		'3	ISO16_RS24895	188	'3		False	inside
2	REP1539c;REP1539b	6;8	7.0	7	7.0	5460785	5460827	ISO16_RS24905		'3	ISO16_RS24910	125	'3		False	inside
2	REP1237a;REP1237d	8;7	7.5	58	58.0	5474464	5474558	ISO16_RS24965	15	'3	ISO16_RS24970		'3		False	inside
3	REP1238a;REP1238c;REP1238d	8;8;4	6.666666666666667	-2;35	16.5	5478161	5478258	ISO16_RS24985	23	'3	ISO16_RS24990	198	'5	110.5	True	outside
2	REP1239b;REP1239c	5;6	5.5	32	32.0	5480164	5480230	ISO16_RS24990	571	'3	ISO16_RS24995		'3		False	inside
2	REP1240a;REP1240b	2;4	3.0	35	35.0	5483862	5483922	ISO16_RS25010	60	'3	ISO16_RS25015		'3		False	inside
3	REP1241a;REP1241b;REP1241c	5;4;7	5.333333333333333	39;39	39.0	5488792	5488912	ISO16_RS25040	149	'3	ISO16_RS28835	244	'5	196.5	False	outside
3	REP1535d;REP1535c;REP1535b	6;8;8	7.333333333333333	9;72	40.5	5494879	5495019	ISO16_RS25060		'3	ISO16_RS25065	184	'3		False	inside
2	REP1243c;REP1243d	7;7	7.0	-7	-7.0	5495522	5495549	ISO16_RS25060	356	'3	ISO16_RS25065		'3		True	inside
2	REP1534d;REP1534c	5;4	4.5	33	33.0	5502743	5502803	ISO16_RS25100		'3	ISO16_RS25110	466	'3		False	inside
4	REP1532b;REP1532a;REP1247a;REP1247b	4;10;8;8	7.5	61;79;14	51.333333333333336	5506946	5507181	ISO16_RS25125		'3	ISO16_RS25130		'3		False	inside
2	REP1247c;REP1247d	8;4	6.0	70	70.0	5507358	5507460	ISO16_RS25130	140	'5	ISO16_RS25135		'3		False	inside
4	REP1531d;REP1531c;REP1531b;REP1531a	13;11;7;5	9.0	21;-4;31	16.0	5508114	5508263	ISO16_RS25135	102	'5	ISO16_RS25140	24	'3	63.0	True	outside
4	REP1530c;REP1530b;REP1530a;REP1248c	4;5;15;6	7.5	69;32;71	57.333333333333336	5510189	5510446	ISO16_RS25145		'3	ISO16_RS25150		'3		False	inside
4	REP1248d;REP1529c;REP1529b;REP1529a	6;14;6;7	8.25	-15;-15;-7	-12.333333333333334	5510637	5510695	ISO16_RS25150	63	'5	ISO16_RS25155	41	'5	52.0	True	outside
2	REP1528b;REP1528a	4;9	6.5	4	4.0	5518012	5518052	ISO16_RS25180		'3	ISO16_RS25185	68	'3		False	inside
2	REP1251a;REP1251b	11;8	9.5	32	32.0	5518156	5518236	ISO16_RS25180	32	'3	ISO16_RS25185		'3		False	inside
3	REP1527c;REP1527b;REP1527a	3;5;13	7.0	79;80	79.5	5523328	5523541	ISO16_RS25200		'3	ISO16_RS25205	39	'3		False	outside
4	REP1524d;REP1524c;REP1255a;REP1255c	4;4;19;4	7.75	34;30;84	49.333333333333336	5530575	5530801	ISO16_RS25240		'3	ISO16_RS25245		'3		False	inside
2	REP1256b;REP1256c	4;7	5.5	26	26.0	5534558	5534612	ISO16_RS25255	133	'3	ISO16_RS25260	80	'5	106.5	False	outside
2	REP1257a;REP1257c	21;7	14.0	96	96.0	5536064	5536230	ISO16_RS25260	16	'3	ISO16_RS25265		'3		False	outside
3	REP1521b;REP1521a;REP1258a	4;13;4	7.0	56;30	43.0	5539437	5539578	ISO16_RS25280		'3	ISO16_RS25285	-7	'3		False	outside
4	REP1259a;REP1259b;REP1259c;REP1259d	17;7;4;7	8.75	46;73;89	69.33333333333333	5543315	5543610	ISO16_RS25300	18	'3	ISO16_RS25305		'3		False	outside
2	REP1519c;REP1519b	8;18	13.0	37	37.0	5546364	5546460	ISO16_RS25310		'3	ISO16_RS25315	7	'3		False	outside
2	REP1260c;REP1260d	4;4	4.0	19	19.0	5546723	5546765	ISO16_RS25310	307	'3	ISO16_RS25315		'3		False	inside
3	REP1517d;REP1517c;REP1517b	6;3;5	4.666666666666667	29;35	32.0	5550180	5550298	ISO16_RS25325	111	'5	ISO16_RS25330		'5		False	outside
2	REP1262a;REP1262b	8;9	8.5	12	12.0	5554224	5554282	ISO16_RS25350	55	'3	ISO16_RS25355		'3		False	inside
3	REP1263a;REP1263c;REP1263d	10;8;6	8.0	-1;65	32.0	5560579	5560704	ISO16_RS25370	30	'3	ISO16_RS25375		'3		True	inside
2	REP1264a;REP1514a	7;8	7.5	72	72.0	5564019	5564131	ISO16_RS25390	7	'3	ISO16_RS25395	56	'3	31.5	False	outside
2	REP1512c;REP1512b	7;7	7.0	12	12.0	5567930	5567980	ISO16_RS25400	356	'5	ISO16_RS25405	674	'3	515.0	False	outside
2	REP1509b;REP1509a	5;4	4.5	22	22.0	5572113	5572169	ISO16_RS25420		'3	ISO16_RS25425	132	'3		False	inside
2	REP1508c;REP1508b	3;6	4.5	51	51.0	5574552	5574635	ISO16_RS25435		'3	ISO16_RS25440	337	'3		False	inside
4	REP1268a;REP1268b;REP1268c;REP1268d	7;7;4;8	6.5	28;68;10	35.333333333333336	5578868	5579053	ISO16_RS25450	126	'3	ISO16_RS25455		'3		False	outside
2	REP1269b;REP1269c	11;5	8.0	9	9.0	5580293	5580343	ISO16_RS25465	37	'3	ISO16_RS25470	27	'5	32.0	False	outside
2	REP1506d;REP1506c	5;4	4.5	54	54.0	5588607	5588695	ISO16_RS25480		'3	ISO16_RS25485	169	'5		False	inside
3	REP1270a;REP1270b;REP1270d	4;4;8	5.333333333333333	83;92	87.5	5589745	5589967	ISO16_RS25490	315	'3	ISO16_RS25495		'3		False	inside
2	REP1271c;REP1271d	7;3	5.0	89	89.0	5594780	5594898	ISO16_RS25515	306	'3	ISO16_RS25520		'3		False	inside
2	REP1273a;REP1273b	11;4	7.5	7	7.0	5609384	5609429	ISO16_RS25585	90	'3	ISO16_RS25590		'3		False	inside
2	REP1273c;REP1273d	11;23	17.0	-29	-29.0	5609604	5609662	ISO16_RS25590	122	'5	ISO16_RS25595	59	'5	90.5	True	outside
2	REP1501d;REP1501c	8;8	8.0	91	91.0	5611377	5611516	ISO16_RS25600		'3	ISO16_RS25605	53	'3		False	inside
2	REP1499d;REP1499c	9;7	8.0	86	86.0	5620299	5620428	ISO16_RS25645	363	'3	ISO16_RS25650		'5		False	inside
3	REP1279a;REP1279c;REP1279d	16;4;3	7.666666666666667	28;17	22.5	5620977	5621085	ISO16_RS25650	10	'3	ISO16_RS25655		'3		False	outside
2	REP1498d;REP1498c	6;4	5.0	21	21.0	5624235	5624286	ISO16_RS25665		'3	ISO16_RS25670	238	'3		False	inside
3	REP1498b;REP1280b;REP1280c	16;22;9	15.666666666666666	12;16	14.0	5624412	5624552	ISO16_RS25665	9	'3	ISO16_RS25670		'3		False	outside
2	REP1281b;REP1281d	7;9	8.0	27	27.0	5630816	5630890	ISO16_RS25695	146	'3	ISO16_RS25700		'3		False	inside
2	REP1284a;REP1284c	19;6	12.5	50	50.0	5633265	5633376	ISO16_RS25715	39	'3	ISO16_RS25720		'3		False	outside
2	REP1494c;REP1494a	7;4	5.5	28	28.0	5636515	5636572	ISO16_RS25730		'3	ISO16_RS25735	67	'3		False	inside
3	REP1285a;REP1285b;REP1285c	8;11;7	8.666666666666666	38;66	52.0	5636805	5636982	ISO16_RS25735		'5	ISO16_RS25740		'3		False	inside
3	REP1286c;REP1286b;REP1286d	7;4;7	6.0	-21;81	30.0	5638493	5638615	ISO16_RS25745	288	'3	ISO16_RS25755	325	'5	306.5	True	inside
4	REP1491d;REP1491c;REP1491b;REP1491a	5;5;3;4	4.25	41;54;47	47.333333333333336	5640324	5640519	ISO16_RS25760		'3	ISO16_RS25765	187	'3		False	inside
3	REP1488d;REP1488b;REP1488a	4;7;10	7.0	59;26	42.5	5644912	5645058	ISO16_RS25780		'3	ISO16_RS25785	24	'3		False	inside
3	REP1289b;REP1289c;REP1289d	5;4;5	4.666666666666667	39;61	50.0	5645213	5645353	ISO16_RS25780	75	'3	ISO16_RS25790	42	'5	58.5	False	inside
3	REP1290b;REP1290c;REP1290d	5;5;4	4.666666666666667	83;26	54.5	5646143	5646295	ISO16_RS25795	163	'5	ISO16_RS25800	86	'5	124.5	False	outside
2	REP1486b;REP1486a	4;9	6.5	80	80.0	5651596	5651714	ISO16_RS25820		'3	ISO16_RS25825	78	'3		False	inside
2	REP1485d;REP1485c	5;6	5.5	37	37.0	5667807	5667876	ISO16_RS25890		'3	ISO16_RS25895	161	'3		False	inside
2	REP1485b;REP1297a	7;10	8.5	39	39.0	5667991	5668074	ISO16_RS25890		'3	ISO16_RS25895		'3		False	inside
2	REP1299a;REP1299b	9;12	10.5	4	4.0	5678010	5678067	ISO16_RS25945	9	'3	ISO16_RS25950	46	'5	27.5	False	outside
2	REP1483a;REP1301a	4;7	5.5	34	34.0	5681418	5681485	ISO16_RS25960		'3	ISO16_RS25965	-13	'3		False	outside
2	REP1482d;REP1482c	4;4	4.0	45	45.0	5685181	5685250	ISO16_RS25980	205	'3	ISO16_RS25990	261	'3	233.0	False	inside
3	REP1482b;REP1303a;REP1303b	5;20;6	10.333333333333334	79;-3	38.0	5685359	5685512	ISO16_RS25985		'3	ISO16_RS25990	-1	'3		True	outside
2	REP1304b;REP1304d	18;5	11.5	-3	-3.0	5691598	5691657	ISO16_RS26015	11	'3	ISO16_RS26020	61	'5	36.0	True	outside
2	REP1480c;REP1480b	7;6	6.5	23	23.0	5697294	5697352	ISO16_RS26045		'3	ISO16_RS26050	146	'3		False	inside
2	REP1479c;REP1308d	12;6	9.0	21	21.0	5700932	5701000	ISO16_RS26060	72	'3	ISO16_RS26065	15	'3	43.5	False	outside
2	REP1309a;REP1309b	7;5	6.0	-2	-2.0	5704584	5704614	ISO16_RS26075	148	'3	ISO16_RS26080		'3		True	inside
2	REP1310b;REP1310c	6;8	7.0	18	18.0	5709097	5709153	ISO16_RS26095	370	'3	ISO16_RS26100	19	'5	194.5	False	outside
4	REP1476d;REP1476c;REP1476b;REP1476a	7;7;6;15	8.75	62;-5;18	25.0	5711173	5711342	ISO16_RS26105		'3	ISO16_RS26110	10	'3		True	inside
2	REP1312a;REP1312b	7;3	5.0	21	21.0	5711446	5711499	ISO16_RS26105	52	'3	ISO16_RS26110		'3		False	inside
3	REP1317b;REP1317c;REP1317d	7;14;7	9.333333333333334	-17;12	-2.5	5735356	5735428	ISO16_RS26200	119	'3	ISO16_RS26205		'3		True	inside
3	REP1470d;REP1470c;REP1470a	6;5;8	6.333333333333333	16;29	22.5	5738311	5738415	ISO16_RS26215		'3	ISO16_RS26220	127	'3		False	inside
2	REP1467b;REP1467a	6;7	6.5	2	2.0	5743245	5743282	ISO16_RS26235	13	'5	ISO16_RS26240	12	'3	12.5	False	outside
2	REP1322b;REP1322c	5;6	5.5	15	15.0	5749096	5749143	ISO16_RS26260	223	'3	ISO16_RS26265		'3		False	inside
2	REP1464b;REP1464a	6;4	5.0	50	50.0	5749755	5749832	ISO16_RS26265	32	'5	ISO16_RS26270	-1	'3	15.5	False	outside
2	REP1463c;REP1463b	4;13	8.5	-6	-6.0	5752701	5752754	ISO16_RS26280		'3	ISO16_RS26285	155	'3		True	inside
3	REP1463a;REP1323a;REP1323b	7;7;3	5.666666666666667	64;24	44.0	5752872	5753012	ISO16_RS26280		'3	ISO16_RS26285		'3		False	inside
2	REP1324a;REP1324b	14;8	11.0	10	10.0	5757790	5757855	ISO16_RS26300	28	'3	ISO16_RS26305	135	'5	81.5	False	outside
3	REP1462d;REP1462c;REP1462a	13;4;4	7.0	23;16	19.5	5768348	5768451	ISO16_RS26355		'3	ISO16_RS26360	192	'3		False	inside
2	REP1331a;REP1331b	5;7	6.0	39	39.0	5789001	5789072	ISO16_RS26450	42	'3	ISO16_RS26455	67	'5	54.5	False	outside
2	REP1332b;REP1332c	8;6	7.0	42	42.0	5794082	5794164	ISO16_RS26470	156	'3	ISO16_RS26475	79	'5	117.5	False	outside
2	REP1460c;REP1460a	7;18	12.5	43	43.0	5801590	5801695	ISO16_RS26495		'3	ISO16_RS26505	1440	'3		False	outside
2	REP1459c;REP1459b	21;5	13.0	81	81.0	5802768	5802911	ISO16_RS26500	39	'5	ISO16_RS26505	224	'3	131.5	False	outside
3	REP1458d;REP1458c;REP1458a	5;8;7	6.666666666666667	11;51	31.0	5806529	5806643	ISO16_RS26525		'3	ISO16_RS26530	42	'3		False	inside
2	REP1336c;REP1336d	7;11	9.0	9	9.0	5807339	5807393	ISO16_RS26530		'5	ISO16_RS26535	585	'3		False	inside
2	REP1456b;REP1456a	10;19	14.5	40	40.0	5814056	5814164	ISO16_RS26560		'3	ISO16_RS26565	12	'3		False	outside
2	REP1343a;REP1343b	6;4	5.0	15	15.0	5834718	5834759	ISO16_RS26620	45	'3	ISO16_RS26625	29	'5	37.0	False	outside
3	REP1452d;REP1452b;REP1344b	4;4;4	4.0	8;17	12.5	5835840	5835910	ISO16_RS26625	5	'3	ISO16_RS26630	29	'3	17.0	False	outside
6	REP1451c;REP1451b;REP1345a;REP1345b;REP1345c;REP1345d	7;3;7;6;8;6	6.166666666666667	-20;20;31;48;29	21.6	5837958	5838180	ISO16_RS26635		'3	ISO16_RS26640		'3		True	inside
2	REP1449d;REP1449a	6;5	5.5	68	68.0	5841927	5842031	ISO16_RS26650	241	'3	ISO16_RS26660	164	'3	202.5	False	inside
2	REP1347c;REP1347d	5;6	5.5	67	67.0	5844512	5844609	ISO16_RS26670	229	'3	ISO16_RS26675	48	'5	138.5	False	outside
2	REP1448d;REP1448c	2;5	3.5	60	60.0	5859231	5859318	ISO16_RS26740		'3	ISO16_RS26745	232	'3		False	inside
4	REP1446d;REP1350b;REP1350c;REP1446a	6;8;9;5	7.0	-11;-17;-15	-14.333333333333334	5862942	5862973	ISO16_RS26760	19	'3	ISO16_RS26765	34	'3	26.5	True	outside
2	REP1352b;REP1352c	7;7	7.0	84	84.0	5865778	5865903	ISO16_RS26775	304	'3	ISO16_RS26780		'3		False	inside
2	REP1353b;REP1353c	4;8	6.0	41	41.0	5874663	5874740	ISO16_RS26815	301	'3	ISO16_RS26820		'3		False	inside
4	REP1443b;REP1443a;REP1355b;REP1355d	5;15;15;7	10.5	8;80;34	40.666666666666664	5882495	5882729	ISO16_RS26855	-9	'3	ISO16_RS26860		'3		False	outside
2	REP1442c;REP1442b	4;9	6.5	18	18.0	5887108	5887163	ISO16_RS26880		'3	ISO16_RS26885	379	'3		False	inside
2	REP1356b;REP1356c	5;7	6.0	69	69.0	5887764	5887865	ISO16_RS26880	333	'3	ISO16_RS26885		'3		False	inside
2	REP1440a;REP1357a	5;10	7.5	57	57.0	5898464	5898564	ISO16_RS26920	4	'3	ISO16_RS28850		'3		False	outside
2	REP1359a;REP1359b	5;10	7.5	57	57.0	5923442	5923544	ISO16_RS26990	17	'3	ISO16_RS26995	210	'3	113.5	False	outside
2	REP1436c;REP1436b	4;7	5.5	52	52.0	5925541	5925620	ISO16_RS26995	366	'5	ISO16_RS27000		'5		False	inside
2	REP1360a;REP1360b	16;11	13.5	70	70.0	5926897	5927037	ISO16_RS27000	387	'3	ISO16_RS27005		'3		False	inside
2	REP1360c;REP1360d	6;17	11.5	23	23.0	5927175	5927260	ISO16_RS27005		'5	ISO16_RS27010	283	'3		False	inside
2	REP1434b;REP1434a	3;3	3.0	45	45.0	5930287	5930357	ISO16_RS27015	520	'3	ISO16_RS27020	78	'3	299.0	False	outside
2	REP1363c;REP1363d	15;8	11.5	13	13.0	5950617	5950692	ISO16_RS28865	368	'3	ISO16_RS27055		'3		False	inside
2	REP1432b;REP1432a	4;4	4.0	55	55.0	5952447	5952528	ISO16_RS27060		'3	ISO16_RS27065	277	'3		False	inside
2	REP1366a;REP1366b	12;7	9.5	25	25.0	5961136	5961206	ISO16_RS27080	174	'3	ISO16_RS27085	-15	'3	79.5	False	outside
3	REP1367b;REP1430a;REP1367c	9;3;2	4.666666666666667	8;30	19.0	5962551	5962642	ISO16_RS27090	62	'3	ISO16_RS27095	95	'3	78.5	False	outside
2	REP1429b;REP1429a	9;5	7.0	55	55.0	5977576	5977673	ISO16_RS27155		'3	ISO16_RS27160	280	'3		False	inside
2	REP1372a;REP1372b	5;4	4.5	52	52.0	5986887	5986970	ISO16_RS28870	92	'3	ISO16_RS27185	83	'5	87.5	False	outside
2	REP1427d;REP1427b	9;6	7.5	15	15.0	5989273	5989337	ISO16_RS27190		'3	ISO16_RS27195	307	'3		False	inside
4	REP1374a;REP1374b;REP1374c;REP1374d	6;4;6;6	5.5	52;2;23	25.666666666666668	5994603	5994741	ISO16_RS27220	165	'3	ISO16_RS27225		'3		False	inside
2	REP1425d;REP1425b	12;6	9.0	43	43.0	5999668	5999771	ISO16_RS27240		'3	ISO16_RS27245	182	'3		False	inside
2	REP1424b;REP1424a	9;6	7.5	25	25.0	6002739	6002808	ISO16_RS27255		'3	ISO16_RS27260	35	'3		False	outside
4	REP1422b;REP1378a;REP1378b;REP1378d	7;17;11;8	10.75	85;14;21	40.0	6008175	6008408	ISO16_RS27275		'3	ISO16_RS27280		'3		False	inside
2	REP1421d;REP1421c	7;6	6.5	82	82.0	6014438	6014553	ISO16_RS27295		'3	ISO16_RS27300	388	'3		False	inside
2	REP1379c;REP1379d	5;6	5.5	24	24.0	6015303	6015358	ISO16_RS27295	446	'3	ISO16_RS27300		'3		False	inside
2	REP1380c;REP1380d	5;5	5.0	45	45.0	6019366	6019441	ISO16_RS27310	257	'3	ISO16_RS27315		'3		False	inside
3	REP1418d;REP1418c;REP1418b	6;6;8	6.666666666666667	95;54	74.5	6024641	6024845	ISO16_RS27340		'3	ISO16_RS27345	174	'5		False	inside
4	REP1417d;REP1417b;REP1417a;REP1383b	10;14;13;13	12.5	35;-13;10	10.666666666666666	6031484	6031649	ISO16_RS27375	-11	'3	ISO16_RS27380	6	'3	-2.5	True	outside
2	REP1415d;REP1415c	5;8	6.5	22	22.0	6032824	6032887	ISO16_RS27385	194	'5	ISO16_RS27395	210	'3	202.0	False	inside
2	REP1415a;REP1384a	6;7	6.5	48	48.0	6033042	6033129	ISO16_RS27390		'3	ISO16_RS27395		'3		False	inside
2	REP1385a;REP1385b	16;7	11.5	28	28.0	6039525	6039607	ISO16_RS27435	15	'3	ISO16_RS27440	17	'5	16.0	False	outside
3	REP1386a;REP1386b;REP1386c	13;5;3	7.0	64;88	76.0	6040301	6040518	ISO16_RS27440	35	'3	ISO16_RS27445		'3		False	inside
3	REP1413b;REP1387a;REP1387b	8;14;5	9.0	38;36	37.0	6045437	6045580	ISO16_RS27465		'3	ISO16_RS27470		'3		False	inside
3	REP1412d;REP1412c;REP1412b	9;5;8	7.333333333333333	31;5	18.0	6049142	6049246	ISO16_RS27485		'3	ISO16_RS27490	253	'3		False	inside
2	REP1389b;REP1389d	8;5	6.5	75	75.0	6056546	6056656	ISO16_RS27525	134	'3	ISO16_RS27530		'3		False	outside
2	REP1408b;REP1391a	5;14	9.5	75	75.0	6066178	6066305	ISO16_RS27565		'3	ISO16_RS27570	7	'3		False	outside
3	REP1407c;REP1407b;REP1407a	5;4;7	5.333333333333333	22;-9	6.5	6067500	6067558	ISO16_RS27575		'3	ISO16_RS27580	1	'3		True	inside
2	REP1394a;REP1394b	17;7	12.0	-14	-14.0	6077269	6077311	ISO16_RS27620	14	'3	ISO16_RS27630	315	'5	164.5	True	outside
2	REP1403b;REP1403a	6;8	7.0	49	49.0	6104003	6104089	ISO16_RS27750		'3	ISO16_RS27755	9	'3		False	outside
2	REP1401b;REP1401c	6;9	7.5	3	3.0	6104397	6104440	ISO16_RS27755		'5	ISO16_RS27760	287	'5		False	inside
2	REP2c;REP2d	8;4	6.0	83	83.0	8513	8632	ISO16_RS27790	206	'5	ISO16_RS27795	6	'5	106.0	False	outside
2	REP86c;REP86a	11;4	7.5	42	42.0	10755	10840	ISO16_RS27800		'3	ISO16_RS27805	175	'3		False	inside
2	REP3a;REP3c	8;8	8.0	-2	-2.0	11003	11050	ISO16_RS27800	23	'3	ISO16_RS27805		'3		True	outside
3	REP81c;REP81b;REP81a	8;3;3	4.666666666666667	-12;17	2.5	18617	18670	ISO16_RS27835	198	'5	ISO16_RS27840	75	'3	136.5	True	outside
4	REP4c;REP79c;REP79b;REP79a	8;3;6;12	7.25	66;82;95	81.0	22608	22937	ISO16_RS27855	520	'3	ISO16_RS27860	171	'3	345.5	False	outside
2	REP5c;REP5d	7;16	11.5	29	29.0	25272	25360	ISO16_RS27865	410	'3	ISO16_RS27870		'3		False	inside
2	REP77c;REP77b	5;4	4.5	39	39.0	27721	27790	ISO16_RS27875	623	'3	ISO16_RS27885	652	'3	637.5	False	inside
2	REP76b;REP76a	16;10	13.0	71	71.0	29293	29425	ISO16_RS27885	581	'5	ISO16_RS27890	9	'3	295.0	False	outside
2	REP72c;REP72b	6;8	7.0	86	86.0	43969	44091	ISO16_RS27940		'3	ISO16_RS27945	440	'3		False	inside
2	REP10b;REP10c	3;5	4.0	36	36.0	44843	44908	ISO16_RS27940	606	'3	ISO16_RS27950	567	'3	586.5	False	inside
2	REP71c;REP71b	4;7	5.5	26	26.0	48979	49032	ISO16_RS27965		'3	ISO16_RS27970	85	'3		False	inside
2	REP70d;REP70c	7;3	5.0	59	59.0	51245	51336	ISO16_RS27975		'3	ISO16_RS27980	132	'3		False	inside
3	REP69c;REP69b;REP69a	4;20;21	15.0	97;6	51.5	54641	54861	ISO16_RS27990	226	'3	ISO16_RS28000	70	'3	148.0	False	outside
2	REP17a;REP17b	4;10	7.0	55	55.0	73747	73840	ISO16_RS28060	39	'3	ISO16_RS28065	421	'5	230.0	False	outside
2	REP17c;REP17d	9;5	7.0	85	85.0	74007	74128	ISO16_RS28060	299	'3	ISO16_RS28065	133	'5	216.0	False	outside
4	REP67c;REP20b;REP20c;REP20d	5;14;12;5	9.0	15;-11;25	9.666666666666666	77830	77964	ISO16_RS28075	236	'3	ISO16_RS28080		'3		True	outside
2	REP66c;REP66a	6;15	10.5	61	61.0	78882	78991	ISO16_RS28080	44	'5	ISO16_RS28085	8	'3	26.0	False	outside
3	REP64d;REP64c;REP64b	11;4;8	7.666666666666667	75;77	76.0	81136	81350	ISO16_RS28095	162	'5	ISO16_RS28100	69	'5	115.5	False	outside
2	REP63d;REP63c	6;5	5.5	62	62.0	83652	83747	ISO16_RS28110		'3	ISO16_RS28115	261	'3		False	inside
2	REP23a;REP23b	21;4	12.5	82	82.0	83956	84105	ISO16_RS28110	85	'3	ISO16_RS28115		'3		False	outside
4	REP24c;REP62b;REP24d;REP62a	4;3;5;4	4.0	53;12;84	49.666666666666664	86385	86584	ISO16_RS28120	223	'3	ISO16_RS28125	65	'5	144.0	False	outside
2	REP60a;REP28a	10;5	7.5	37	37.0	98663	98739	ISO16_RS28170	1	'3	ISO16_RS28175	13	'3	7.0	False	outside
2	REP28b;REP28c	6;14	10.0	92	92.0	99085	99239	ISO16_RS28175		'5	ISO16_RS28180	52	'3		False	inside
2	REP30a;REP30b	10;11	10.5	81	81.0	117884	118014	ISO16_RS28265	5	'3	ISO16_RS28270	168	'5	86.5	False	outside
2	REP58c;REP58b	5;4	4.5	69	69.0	119634	119731	ISO16_RS28270		'3	ISO16_RS28275	279	'3		False	inside
2	REP31c;REP31d	4;4	4.0	83	83.0	120592	120699	ISO16_RS28275		'5	ISO16_RS28280	399	'3		False	inside
3	REP35a;REP35c;REP35d	6;12;7	8.333333333333334	88;-15	36.5	135312	135459	ISO16_RS28335	23	'3	ISO16_RS28340	741	'5	382.0	True	outside
3	REP36a;REP36b;REP36c	16;5;10	10.333333333333334	-11;3	-4.0	136742	136808	ISO16_RS28340	20	'3	ISO16_RS28345	54	'5	37.0	True	outside
2	REP37a;REP56a	6;8	7.0	91	91.0	138415	138548	ISO16_RS28350	192	'3	ISO16_RS28355	21	'3	106.5	False	outside
2	REP55b;REP55a	10;7	8.5	42	42.0	140865	140954	ISO16_RS28370		'3	ISO16_RS28375	9	'3		False	inside
2	REP39b;REP39c	7;6	6.5	47	47.0	141271	141356	ISO16_RS28370	317	'3	ISO16_RS28375		'3		False	inside
2	REP54b;REP54a	7;7	7.0	12	12.0	141873	141921	ISO16_RS28375	379	'5	ISO16_RS28380	40	'3	209.5	False	outside
3	REP53d;REP53b;REP40b	7;7;5	6.333333333333333	78;43	60.5	145455	145633	ISO16_RS29145		'3	ISO16_RS28405		'3		False	inside
3	REP52b;REP42d;REP52a	9;7;4	6.666666666666667	-16;96	40.0	151368	151511	ISO16_RS28430	290	'3	ISO16_RS28435	60	'3	175.0	True	outside
3	REP51d;REP51c;REP51b	7;10;13	10.0	44;61	52.5	159585	159773	ISO16_RS28465	45	'3	ISO16_RS28470		'5		False	outside
2	REP44c;REP44d	7;10	8.5	6	6.0	160622	160677	ISO16_RS28475		'5	ISO16_RS28480	244	'3		False	inside
2	REP50b;REP50a	7;9	8.0	5	5.0	164486	164541	ISO16_RS28495		'3	ISO16_RS28500	104	'3		False	inside
3	REP46b;REP49;REP46d	4;7;6	5.666666666666667	31;25	28.0	164899	165003	ISO16_RS28500	2	'5	ISO16_RS28505		'3		False	outside
