mol	h_name	dist_type
NZ_CP064065.1	REP2825c	inside
NZ_CP064065.1	REP2825b	inside
NZ_CP064065.1	REP1a	outside
NZ_CP064065.1	REP1b	outside
NZ_CP064065.1	REP1d	outside
NZ_CP064065.1	REP2824d	outside
NZ_CP064065.1	REP2824b	outside
NZ_CP064065.1	REP2824a	outside
NZ_CP064065.1	REP2823b	outside
NZ_CP064065.1	REP2823a	outside
NZ_CP064065.1	REP2	outside
NZ_CP064065.1	REP3b	outside
NZ_CP064065.1	REP2822d	inside
NZ_CP064065.1	REP2822c	inside
NZ_CP064065.1	REP4a	outside
NZ_CP064065.1	REP4b	outside
NZ_CP064065.1	REP2821c	inside
NZ_CP064065.1	REP2821a	inside
NZ_CP064065.1	REP6	outside
NZ_CP064065.1	REP2820d	inside
NZ_CP064065.1	REP2820c	inside
NZ_CP064065.1	REP2820b	inside
NZ_CP064065.1	REP7c	inside
NZ_CP064065.1	REP2819d	inside
NZ_CP064065.1	REP2819b	inside
NZ_CP064065.1	REP2819a	inside
NZ_CP064065.1	REP8a	inside
NZ_CP064065.1	REP2818	outside
NZ_CP064065.1	REP8c	inside
NZ_CP064065.1	REP8d	inside
NZ_CP064065.1	REP2817b	inside
NZ_CP064065.1	REP2817a	inside
NZ_CP064065.1	REP9a	inside
NZ_CP064065.1	REP9b	outside
NZ_CP064065.1	REP2816d	inside
NZ_CP064065.1	REP2816a	outside
NZ_CP064065.1	REP10b	inside
NZ_CP064065.1	REP10c	inside
NZ_CP064065.1	REP2815a	outside
NZ_CP064065.1	REP2814c	inside
NZ_CP064065.1	REP2814a	inside
NZ_CP064065.1	REP11a	outside
NZ_CP064065.1	REP11b	inside
NZ_CP064065.1	REP2812d	inside
NZ_CP064065.1	REP2812c	inside
NZ_CP064065.1	REP2812a	inside
NZ_CP064065.1	REP12	outside
NZ_CP064065.1	REP13a	outside
NZ_CP064065.1	REP2811d	inside
NZ_CP064065.1	REP15a	outside
NZ_CP064065.1	REP15b	outside
NZ_CP064065.1	REP15c	outside
NZ_CP064065.1	REP15d	outside
NZ_CP064065.1	REP16a	outside
NZ_CP064065.1	REP16c	outside
NZ_CP064065.1	REP2810d	inside
NZ_CP064065.1	REP2810c	outside
NZ_CP064065.1	REP17c	outside
NZ_CP064065.1	REP2810a	outside
NZ_CP064065.1	REP2809c	inside
NZ_CP064065.1	REP2809a	inside
NZ_CP064065.1	REP2808c	inside
NZ_CP064065.1	REP2808b	inside
NZ_CP064065.1	REP19a	inside
NZ_CP064065.1	REP19b	inside
NZ_CP064065.1	REP19c	inside
NZ_CP064065.1	REP19d	inside
NZ_CP064065.1	REP2807d	inside
NZ_CP064065.1	REP2807b	inside
NZ_CP064065.1	REP20a	inside
NZ_CP064065.1	REP20b	inside
NZ_CP064065.1	REP20d	inside
NZ_CP064065.1	REP2806d	inside
NZ_CP064065.1	REP2806c	inside
NZ_CP064065.1	REP2806b	inside
NZ_CP064065.1	REP2806a	outside
NZ_CP064065.1	REP2805	outside
NZ_CP064065.1	REP22	outside
NZ_CP064065.1	REP2804c	inside
NZ_CP064065.1	REP2804a	outside
NZ_CP064065.1	REP23b	inside
NZ_CP064065.1	REP23c	inside
NZ_CP064065.1	REP2803d	outside
NZ_CP064065.1	REP2803c	outside
NZ_CP064065.1	REP2803b	outside
NZ_CP064065.1	REP2803a	outside
NZ_CP064065.1	REP2800d	inside
NZ_CP064065.1	REP24a	outside
NZ_CP064065.1	REP2800a	outside
NZ_CP064065.1	REP24c	outside
NZ_CP064065.1	REP2799d	inside
NZ_CP064065.1	REP2799c	inside
NZ_CP064065.1	REP2799a	inside
NZ_CP064065.1	REP25c	inside
NZ_CP064065.1	REP26b	outside
NZ_CP064065.1	REP27	outside
NZ_CP064065.1	REP2798d	inside
NZ_CP064065.1	REP28a	inside
NZ_CP064065.1	REP28b	inside
NZ_CP064065.1	REP28c	inside
NZ_CP064065.1	REP28d	inside
NZ_CP064065.1	REP2797c	inside
NZ_CP064065.1	REP2797b	inside
NZ_CP064065.1	REP29a	outside
NZ_CP064065.1	REP29d	inside
NZ_CP064065.1	REP2796c	inside
NZ_CP064065.1	REP2796b	inside
NZ_CP064065.1	REP2796a	inside
NZ_CP064065.1	REP31a	inside
NZ_CP064065.1	REP31b	inside
NZ_CP064065.1	REP31d	inside
NZ_CP064065.1	REP2795	outside
NZ_CP064065.1	REP2794b	outside
NZ_CP064065.1	REP32a	outside
NZ_CP064065.1	REP32b	outside
NZ_CP064065.1	REP32c	outside
NZ_CP064065.1	REP32d	outside
NZ_CP064065.1	REP33a	outside
NZ_CP064065.1	REP33b	outside
NZ_CP064065.1	REP34c	outside
NZ_CP064065.1	REP2793d	inside
NZ_CP064065.1	REP2793c	inside
NZ_CP064065.1	REP35a	outside
NZ_CP064065.1	REP35b	outside
NZ_CP064065.1	REP35c	inside
NZ_CP064065.1	REP2792b	outside
NZ_CP064065.1	REP2792a	outside
NZ_CP064065.1	REP2790d	inside
NZ_CP064065.1	REP2790c	inside
NZ_CP064065.1	REP2790a	inside
NZ_CP064065.1	REP37c	inside
NZ_CP064065.1	REP37d	inside
NZ_CP064065.1	REP38a	outside
NZ_CP064065.1	REP2789b	outside
NZ_CP064065.1	REP2789a	outside
NZ_CP064065.1	REP38d	inside
NZ_CP064065.1	REP2788a	outside
NZ_CP064065.1	REP2787	outside
NZ_CP064065.1	REP2786c	outside
NZ_CP064065.1	REP2786b	inside
NZ_CP064065.1	REP2786a	outside
NZ_CP064065.1	REP41b	inside
NZ_CP064065.1	REP41d	inside
NZ_CP064065.1	REP42	outside
NZ_CP064065.1	REP44a	outside
NZ_CP064065.1	REP44b	outside
NZ_CP064065.1	REP44c	outside
NZ_CP064065.1	REP44d	outside
NZ_CP064065.1	REP45a	outside
NZ_CP064065.1	REP45b	outside
NZ_CP064065.1	REP46a	outside
NZ_CP064065.1	REP46b	outside
NZ_CP064065.1	REP2784d	inside
NZ_CP064065.1	REP2784c	inside
NZ_CP064065.1	REP2784a	inside
NZ_CP064065.1	REP47c	inside
NZ_CP064065.1	REP47d	inside
NZ_CP064065.1	REP2783d	inside
NZ_CP064065.1	REP2783c	inside
NZ_CP064065.1	REP2783b	inside
NZ_CP064065.1	REP2783a	inside
NZ_CP064065.1	REP48a	inside
NZ_CP064065.1	REP48b	inside
NZ_CP064065.1	REP48c	inside
NZ_CP064065.1	REP2782d	inside
NZ_CP064065.1	REP2782a	inside
NZ_CP064065.1	REP49a	inside
NZ_CP064065.1	REP49c	inside
NZ_CP064065.1	REP49d	inside
NZ_CP064065.1	REP50	outside
NZ_CP064065.1	REP51	outside
NZ_CP064065.1	REP53a	outside
NZ_CP064065.1	REP53b	outside
NZ_CP064065.1	REP54a	outside
NZ_CP064065.1	REP54c	outside
NZ_CP064065.1	REP2780d	inside
NZ_CP064065.1	REP2780a	outside
NZ_CP064065.1	REP55d	inside
NZ_CP064065.1	REP2779	outside
NZ_CP064065.1	REP56a	outside
NZ_CP064065.1	REP56d	outside
NZ_CP064065.1	REP2778d	inside
NZ_CP064065.1	REP2778c	inside
NZ_CP064065.1	REP58a	inside
NZ_CP064065.1	REP58d	inside
NZ_CP064065.1	REP59a	outside
NZ_CP064065.1	REP59b	outside
NZ_CP064065.1	REP59c	outside
NZ_CP064065.1	REP60a	outside
NZ_CP064065.1	REP60b	outside
NZ_CP064065.1	REP61a	outside
NZ_CP064065.1	REP61b	outside
NZ_CP064065.1	REP62a	outside
NZ_CP064065.1	REP62b	outside
NZ_CP064065.1	REP62c	outside
NZ_CP064065.1	REP65a	outside
NZ_CP064065.1	REP2777c	inside
NZ_CP064065.1	REP2777b	inside
NZ_CP064065.1	REP66a	outside
NZ_CP064065.1	REP2777a	outside
NZ_CP064065.1	REP66d	inside
NZ_CP064065.1	REP2776d	inside
NZ_CP064065.1	REP2776c	inside
NZ_CP064065.1	REP2776b	inside
NZ_CP064065.1	REP67a	inside
NZ_CP064065.1	REP2775b	inside
NZ_CP064065.1	REP68a	inside
NZ_CP064065.1	REP68b	inside
NZ_CP064065.1	REP68c	inside
NZ_CP064065.1	REP69a	outside
NZ_CP064065.1	REP2774d	inside
NZ_CP064065.1	REP2774c	inside
NZ_CP064065.1	REP2774b	inside
NZ_CP064065.1	REP2774a	inside
NZ_CP064065.1	REP72a	outside
NZ_CP064065.1	REP2773d	inside
NZ_CP064065.1	REP2773c	inside
NZ_CP064065.1	REP73d	inside
NZ_CP064065.1	REP2772c	outside
NZ_CP064065.1	REP2772b	outside
NZ_CP064065.1	REP2771d	inside
NZ_CP064065.1	REP2771b	inside
NZ_CP064065.1	REP74a	outside
NZ_CP064065.1	REP74b	outside
NZ_CP064065.1	REP2770c	inside
NZ_CP064065.1	REP2770b	inside
NZ_CP064065.1	REP75b	outside
NZ_CP064065.1	REP75c	inside
NZ_CP064065.1	REP2769c	outside
NZ_CP064065.1	REP77b	outside
NZ_CP064065.1	REP77d	inside
NZ_CP064065.1	REP78a	outside
NZ_CP064065.1	REP78b	outside
NZ_CP064065.1	REP78c	outside
NZ_CP064065.1	REP79b	outside
NZ_CP064065.1	REP2768d	inside
NZ_CP064065.1	REP2768c	inside
NZ_CP064065.1	REP80b	inside
NZ_CP064065.1	REP80c	inside
NZ_CP064065.1	REP80d	inside
NZ_CP064065.1	REP81	outside
NZ_CP064065.1	REP2767b	inside
NZ_CP064065.1	REP82a	inside
NZ_CP064065.1	REP82c	inside
NZ_CP064065.1	REP82d	outside
NZ_CP064065.1	REP83	outside
NZ_CP064065.1	REP84a	outside
NZ_CP064065.1	REP84b	outside
NZ_CP064065.1	REP85	outside
NZ_CP064065.1	REP2766d	inside
NZ_CP064065.1	REP2766b	inside
NZ_CP064065.1	REP86a	outside
NZ_CP064065.1	REP86b	inside
NZ_CP064065.1	REP86c	inside
NZ_CP064065.1	REP87	outside
NZ_CP064065.1	REP88a	outside
NZ_CP064065.1	REP88c	outside
NZ_CP064065.1	REP89a	outside
NZ_CP064065.1	REP89b	outside
NZ_CP064065.1	REP89c	outside
NZ_CP064065.1	REP91	outside
NZ_CP064065.1	REP2765c	outside
NZ_CP064065.1	REP2765b	inside
NZ_CP064065.1	REP93a	inside
NZ_CP064065.1	REP93c	inside
NZ_CP064065.1	REP93d	inside
NZ_CP064065.1	REP95a	outside
NZ_CP064065.1	REP2764b	inside
NZ_CP064065.1	REP2764a	inside
NZ_CP064065.1	REP96a	outside
NZ_CP064065.1	REP96c	inside
NZ_CP064065.1	REP96d	inside
NZ_CP064065.1	REP98	outside
NZ_CP064065.1	REP2763d	inside
NZ_CP064065.1	REP2763c	inside
NZ_CP064065.1	REP2763a	inside
NZ_CP064065.1	REP99c	inside
NZ_CP064065.1	REP99d	inside
NZ_CP064065.1	REP2762b	outside
NZ_CP064065.1	REP2762a	outside
NZ_CP064065.1	REP100b	inside
NZ_CP064065.1	REP100d	inside
NZ_CP064065.1	REP2761d	inside
NZ_CP064065.1	REP2761c	inside
NZ_CP064065.1	REP2761b	inside
NZ_CP064065.1	REP2761a	inside
NZ_CP064065.1	REP101a	inside
NZ_CP064065.1	REP101b	inside
NZ_CP064065.1	REP101c	inside
NZ_CP064065.1	REP101d	inside
NZ_CP064065.1	REP2760d	inside
NZ_CP064065.1	REP2760c	inside
NZ_CP064065.1	REP2760b	inside
NZ_CP064065.1	REP102a	outside
NZ_CP064065.1	REP2760a	outside
NZ_CP064065.1	REP102c	inside
NZ_CP064065.1	REP102d	inside
NZ_CP064065.1	REP2759c	inside
NZ_CP064065.1	REP2759a	inside
NZ_CP064065.1	REP103a	inside
NZ_CP064065.1	REP103b	inside
NZ_CP064065.1	REP103c	inside
NZ_CP064065.1	REP103d	inside
NZ_CP064065.1	REP2757c	inside
NZ_CP064065.1	REP2757b	inside
NZ_CP064065.1	REP2757a	outside
NZ_CP064065.1	REP105	outside
NZ_CP064065.1	REP2756c	inside
NZ_CP064065.1	REP2756b	inside
NZ_CP064065.1	REP2756a	inside
NZ_CP064065.1	REP106b	inside
NZ_CP064065.1	REP106c	inside
NZ_CP064065.1	REP107	outside
NZ_CP064065.1	REP108	outside
NZ_CP064065.1	REP2755d	inside
NZ_CP064065.1	REP2755c	inside
NZ_CP064065.1	REP109a	outside
NZ_CP064065.1	REP109c	inside
NZ_CP064065.1	REP2754d	inside
NZ_CP064065.1	REP2754c	inside
NZ_CP064065.1	REP2754b	inside
NZ_CP064065.1	REP2754a	outside
NZ_CP064065.1	REP111b	inside
NZ_CP064065.1	REP111d	inside
NZ_CP064065.1	REP2753d	inside
NZ_CP064065.1	REP2753c	inside
NZ_CP064065.1	REP2753b	inside
NZ_CP064065.1	REP112a	outside
NZ_CP064065.1	REP112b	inside
NZ_CP064065.1	REP112d	inside
NZ_CP064065.1	REP2752d	inside
NZ_CP064065.1	REP2752c	inside
NZ_CP064065.1	REP2752a	outside
NZ_CP064065.1	REP113c	inside
NZ_CP064065.1	REP113d	inside
NZ_CP064065.1	REP114	outside
NZ_CP064065.1	REP2750b	inside
NZ_CP064065.1	REP2750a	outside
NZ_CP064065.1	REP115a	outside
NZ_CP064065.1	REP2749	outside
NZ_CP064065.1	REP2748d	inside
NZ_CP064065.1	REP2748c	inside
NZ_CP064065.1	REP116a	inside
NZ_CP064065.1	REP116b	inside
NZ_CP064065.1	REP116c	inside
NZ_CP064065.1	REP116d	inside
NZ_CP064065.1	REP2747c	outside
NZ_CP064065.1	REP2747b	outside
NZ_CP064065.1	REP2747a	outside
NZ_CP064065.1	REP2746	inside
NZ_CP064065.1	REP117d	inside
NZ_CP064065.1	REP2745d	inside
NZ_CP064065.1	REP2745b	inside
NZ_CP064065.1	REP2745a	outside
NZ_CP064065.1	REP2744c	inside
NZ_CP064065.1	REP2744b	inside
NZ_CP064065.1	REP119a	inside
NZ_CP064065.1	REP119b	inside
NZ_CP064065.1	REP119c	inside
NZ_CP064065.1	REP2743d	inside
NZ_CP064065.1	REP2743c	outside
NZ_CP064065.1	REP2743a	inside
NZ_CP064065.1	REP120c	inside
NZ_CP064065.1	REP120d	inside
NZ_CP064065.1	REP2742d	outside
NZ_CP064065.1	REP121b	inside
NZ_CP064065.1	REP2741d	inside
NZ_CP064065.1	REP2741a	inside
NZ_CP064065.1	REP122a	inside
NZ_CP064065.1	REP122c	inside
NZ_CP064065.1	REP122d	inside
NZ_CP064065.1	REP2740c	inside
NZ_CP064065.1	REP2740b	inside
NZ_CP064065.1	REP124b	inside
NZ_CP064065.1	REP124d	inside
NZ_CP064065.1	REP125	outside
NZ_CP064065.1	REP2739d	inside
NZ_CP064065.1	REP2739c	inside
NZ_CP064065.1	REP127a	inside
NZ_CP064065.1	REP127b	inside
NZ_CP064065.1	REP127c	inside
NZ_CP064065.1	REP127d	inside
NZ_CP064065.1	REP2738d	inside
NZ_CP064065.1	REP2738b	inside
NZ_CP064065.1	REP128a	inside
NZ_CP064065.1	REP128b	inside
NZ_CP064065.1	REP128d	inside
NZ_CP064065.1	REP2737	outside
NZ_CP064065.1	REP2736a	outside
NZ_CP064065.1	REP2734	outside
NZ_CP064065.1	REP2733	outside
NZ_CP064065.1	REP2732d	inside
NZ_CP064065.1	REP2732b	inside
NZ_CP064065.1	REP2732a	inside
NZ_CP064065.1	REP129a	inside
NZ_CP064065.1	REP129b	inside
NZ_CP064065.1	REP2731d	inside
NZ_CP064065.1	REP2731b	inside
NZ_CP064065.1	REP130b	inside
NZ_CP064065.1	REP130c	inside
NZ_CP064065.1	REP130d	inside
NZ_CP064065.1	REP2730d	inside
NZ_CP064065.1	REP131b	inside
NZ_CP064065.1	REP131c	inside
NZ_CP064065.1	REP2729d	inside
NZ_CP064065.1	REP2729c	inside
NZ_CP064065.1	REP2729a	outside
NZ_CP064065.1	REP132b	inside
NZ_CP064065.1	REP132c	inside
NZ_CP064065.1	REP132d	inside
NZ_CP064065.1	REP133a	outside
NZ_CP064065.1	REP133b	outside
NZ_CP064065.1	REP133c	outside
NZ_CP064065.1	REP133d	outside
NZ_CP064065.1	REP134a	outside
NZ_CP064065.1	REP136a	outside
NZ_CP064065.1	REP136b	outside
NZ_CP064065.1	REP137	outside
NZ_CP064065.1	REP138a	outside
NZ_CP064065.1	REP138c	outside
NZ_CP064065.1	REP139	outside
NZ_CP064065.1	REP140a	outside
NZ_CP064065.1	REP140b	outside
NZ_CP064065.1	REP141c	outside
NZ_CP064065.1	REP142a	outside
NZ_CP064065.1	REP144	outside
NZ_CP064065.1	REP2728d	inside
NZ_CP064065.1	REP2728c	inside
NZ_CP064065.1	REP2728b	inside
NZ_CP064065.1	REP2728a	inside
NZ_CP064065.1	REP146a	inside
NZ_CP064065.1	REP146b	inside
NZ_CP064065.1	REP146c	inside
NZ_CP064065.1	REP146d	inside
NZ_CP064065.1	REP2726c	inside
NZ_CP064065.1	REP2726a	outside
NZ_CP064065.1	REP147b	outside
NZ_CP064065.1	REP147c	inside
NZ_CP064065.1	REP148a	outside
NZ_CP064065.1	REP148b	outside
NZ_CP064065.1	REP148c	outside
NZ_CP064065.1	REP2724d	inside
NZ_CP064065.1	REP149b	outside
NZ_CP064065.1	REP149c	inside
NZ_CP064065.1	REP149d	inside
NZ_CP064065.1	REP2722d	inside
NZ_CP064065.1	REP2722c	inside
NZ_CP064065.1	REP2722a	outside
NZ_CP064065.1	REP150b	inside
NZ_CP064065.1	REP150c	inside
NZ_CP064065.1	REP150d	inside
NZ_CP064065.1	REP2721d	inside
NZ_CP064065.1	REP2721b	inside
NZ_CP064065.1	REP151d	inside
NZ_CP064065.1	REP2720	outside
NZ_CP064065.1	REP2719d	inside
NZ_CP064065.1	REP2719c	inside
NZ_CP064065.1	REP2719b	inside
NZ_CP064065.1	REP2719a	outside
NZ_CP064065.1	REP2718	inside
NZ_CP064065.1	REP153a	inside
NZ_CP064065.1	REP153b	inside
NZ_CP064065.1	REP2717d	outside
NZ_CP064065.1	REP2717c	inside
NZ_CP064065.1	REP2717b	inside
NZ_CP064065.1	REP2717a	outside
NZ_CP064065.1	REP154b	inside
NZ_CP064065.1	REP154c	inside
NZ_CP064065.1	REP2716d	inside
NZ_CP064065.1	REP2716c	inside
NZ_CP064065.1	REP2716b	inside
NZ_CP064065.1	REP2716a	inside
NZ_CP064065.1	REP155a	inside
NZ_CP064065.1	REP155b	inside
NZ_CP064065.1	REP155c	inside
NZ_CP064065.1	REP155d	inside
NZ_CP064065.1	REP2715d	inside
NZ_CP064065.1	REP2715a	inside
NZ_CP064065.1	REP156b	inside
NZ_CP064065.1	REP157	outside
NZ_CP064065.1	REP2714b	inside
NZ_CP064065.1	REP2714a	inside
NZ_CP064065.1	REP158a	inside
NZ_CP064065.1	REP2713	outside
NZ_CP064065.1	REP2712d	inside
NZ_CP064065.1	REP2712c	outside
NZ_CP064065.1	REP2712a	outside
NZ_CP064065.1	REP159c	inside
NZ_CP064065.1	REP2711	outside
NZ_CP064065.1	REP160	outside
NZ_CP064065.1	REP2710a	outside
NZ_CP064065.1	REP161b	outside
NZ_CP064065.1	REP161c	inside
NZ_CP064065.1	REP161d	inside
NZ_CP064065.1	REP162a	outside
NZ_CP064065.1	REP162b	outside
NZ_CP064065.1	REP162c	outside
NZ_CP064065.1	REP163b	outside
NZ_CP064065.1	REP2709d	inside
NZ_CP064065.1	REP2709b	inside
NZ_CP064065.1	REP165a	inside
NZ_CP064065.1	REP165c	outside
NZ_CP064065.1	REP165d	outside
NZ_CP064065.1	REP166a	outside
NZ_CP064065.1	REP166b	outside
NZ_CP064065.1	REP166c	outside
NZ_CP064065.1	REP166d	outside
NZ_CP064065.1	REP2708c	inside
NZ_CP064065.1	REP2708a	outside
NZ_CP064065.1	REP167d	inside
NZ_CP064065.1	REP2706	outside
NZ_CP064065.1	REP168	outside
NZ_CP064065.1	REP169	outside
NZ_CP064065.1	REP171b	outside
NZ_CP064065.1	REP2705d	inside
NZ_CP064065.1	REP2705c	inside
NZ_CP064065.1	REP172a	inside
NZ_CP064065.1	REP172b	inside
NZ_CP064065.1	REP172c	inside
NZ_CP064065.1	REP172d	outside
NZ_CP064065.1	REP2704d	inside
NZ_CP064065.1	REP173b	inside
NZ_CP064065.1	REP173d	inside
NZ_CP064065.1	REP174	outside
NZ_CP064065.1	REP175	outside
NZ_CP064065.1	REP2703b	inside
NZ_CP064065.1	REP2703a	inside
NZ_CP064065.1	REP176a	outside
NZ_CP064065.1	REP176c	inside
NZ_CP064065.1	REP2702a	outside
NZ_CP064065.1	REP2701a	inside
NZ_CP064065.1	REP177a	inside
NZ_CP064065.1	REP177b	inside
NZ_CP064065.1	REP177c	inside
NZ_CP064065.1	REP177d	inside
NZ_CP064065.1	REP2700c	inside
NZ_CP064065.1	REP2700b	inside
NZ_CP064065.1	REP178b	inside
NZ_CP064065.1	REP178c	inside
NZ_CP064065.1	REP178d	inside
NZ_CP064065.1	REP2699c	inside
NZ_CP064065.1	REP179a	outside
NZ_CP064065.1	REP179b	inside
NZ_CP064065.1	REP179c	inside
NZ_CP064065.1	REP2698	outside
NZ_CP064065.1	REP180	outside
NZ_CP064065.1	REP2697d	inside
NZ_CP064065.1	REP2697c	outside
NZ_CP064065.1	REP181c	outside
NZ_CP064065.1	REP2696d	outside
NZ_CP064065.1	REP182a	outside
NZ_CP064065.1	REP2696b	inside
NZ_CP064065.1	REP2696a	inside
NZ_CP064065.1	REP183a	inside
NZ_CP064065.1	REP183b	inside
NZ_CP064065.1	REP2695	outside
NZ_CP064065.1	REP184a	outside
NZ_CP064065.1	REP184b	outside
NZ_CP064065.1	REP2694d	inside
NZ_CP064065.1	REP2694c	inside
NZ_CP064065.1	REP2694b	inside
NZ_CP064065.1	REP2694a	outside
NZ_CP064065.1	REP185a	inside
NZ_CP064065.1	REP185d	inside
NZ_CP064065.1	REP2693d	inside
NZ_CP064065.1	REP2693b	inside
NZ_CP064065.1	REP2693a	inside
NZ_CP064065.1	REP186b	inside
NZ_CP064065.1	REP186c	inside
NZ_CP064065.1	REP2692d	inside
NZ_CP064065.1	REP2692c	inside
NZ_CP064065.1	REP187d	inside
NZ_CP064065.1	REP2691d	outside
NZ_CP064065.1	REP2691c	outside
NZ_CP064065.1	REP188a	outside
NZ_CP064065.1	REP188b	outside
NZ_CP064065.1	REP188d	outside
NZ_CP064065.1	REP2690d	inside
NZ_CP064065.1	REP189a	outside
NZ_CP064065.1	REP2690a	outside
NZ_CP064065.1	REP189d	inside
NZ_CP064065.1	REP2689	outside
NZ_CP064065.1	REP2688	inside
NZ_CP064065.1	REP190c	inside
NZ_CP064065.1	REP190d	inside
NZ_CP064065.1	REP2687d	inside
NZ_CP064065.1	REP192	outside
NZ_CP064065.1	REP2687b	inside
NZ_CP064065.1	REP2687a	inside
NZ_CP064065.1	REP193b	inside
NZ_CP064065.1	REP193d	inside
NZ_CP064065.1	REP2686a	outside
NZ_CP064065.1	REP194	outside
NZ_CP064065.1	REP195a	inside
NZ_CP064065.1	REP195c	inside
NZ_CP064065.1	REP2683d	inside
NZ_CP064065.1	REP2683c	inside
NZ_CP064065.1	REP2683b	inside
NZ_CP064065.1	REP2683a	inside
NZ_CP064065.1	REP196a	inside
NZ_CP064065.1	REP196b	inside
NZ_CP064065.1	REP196d	inside
NZ_CP064065.1	REP2682a	outside
NZ_CP064065.1	REP2681d	inside
NZ_CP064065.1	REP2681c	inside
NZ_CP064065.1	REP2681a	inside
NZ_CP064065.1	REP197a	inside
NZ_CP064065.1	REP197b	inside
NZ_CP064065.1	REP197c	inside
NZ_CP064065.1	REP197d	inside
NZ_CP064065.1	REP2679d	inside
NZ_CP064065.1	REP2679b	inside
NZ_CP064065.1	REP2679a	inside
NZ_CP064065.1	REP198b	inside
NZ_CP064065.1	REP198c	inside
NZ_CP064065.1	REP199b	outside
NZ_CP064065.1	REP199c	outside
NZ_CP064065.1	REP200a	outside
NZ_CP064065.1	REP2678c	inside
NZ_CP064065.1	REP2678b	inside
NZ_CP064065.1	REP201b	inside
NZ_CP064065.1	REP201c	inside
NZ_CP064065.1	REP202	outside
NZ_CP064065.1	REP2677c	inside
NZ_CP064065.1	REP2677b	inside
NZ_CP064065.1	REP2677a	inside
NZ_CP064065.1	REP204b	inside
NZ_CP064065.1	REP204c	inside
NZ_CP064065.1	REP204d	inside
NZ_CP064065.1	REP2676c	inside
NZ_CP064065.1	REP2676d	inside
NZ_CP064065.1	REP2676b	inside
NZ_CP064065.1	REP2676a	inside
NZ_CP064065.1	REP205b	inside
NZ_CP064065.1	REP205c	inside
NZ_CP064065.1	REP205d	inside
NZ_CP064065.1	REP2675d	inside
NZ_CP064065.1	REP2675c	inside
NZ_CP064065.1	REP2675b	inside
NZ_CP064065.1	REP206a	inside
NZ_CP064065.1	REP2673d	inside
NZ_CP064065.1	REP2673c	inside
NZ_CP064065.1	REP207b	inside
NZ_CP064065.1	REP207c	inside
NZ_CP064065.1	REP207d	inside
NZ_CP064065.1	REP2672c	inside
NZ_CP064065.1	REP2672b	inside
NZ_CP064065.1	REP208a	outside
NZ_CP064065.1	REP2672a	outside
NZ_CP064065.1	REP208c	inside
NZ_CP064065.1	REP2671c	inside
NZ_CP064065.1	REP2671b	outside
NZ_CP064065.1	REP209a	outside
NZ_CP064065.1	REP209b	inside
NZ_CP064065.1	REP209c	inside
NZ_CP064065.1	REP209d	outside
NZ_CP064065.1	REP2669b	outside
NZ_CP064065.1	REP2668	outside
NZ_CP064065.1	REP2667b	outside
NZ_CP064065.1	REP2666c	inside
NZ_CP064065.1	REP210a	inside
NZ_CP064065.1	REP210b	inside
NZ_CP064065.1	REP210c	inside
NZ_CP064065.1	REP210d	inside
NZ_CP064065.1	REP2665d	inside
NZ_CP064065.1	REP2665b	outside
NZ_CP064065.1	REP2665a	outside
NZ_CP064065.1	REP211c	inside
NZ_CP064065.1	REP211d	inside
NZ_CP064065.1	REP212d	outside
NZ_CP064065.1	REP2664c	inside
NZ_CP064065.1	REP2664b	inside
NZ_CP064065.1	REP2664a	outside
NZ_CP064065.1	REP214b	outside
NZ_CP064065.1	REP214d	inside
NZ_CP064065.1	REP2663c	outside
NZ_CP064065.1	REP2663a	outside
NZ_CP064065.1	REP215	outside
NZ_CP064065.1	REP216a	outside
NZ_CP064065.1	REP216b	outside
NZ_CP064065.1	REP216c	outside
NZ_CP064065.1	REP217	outside
NZ_CP064065.1	REP218a	outside
NZ_CP064065.1	REP218b	outside
NZ_CP064065.1	REP218c	outside
NZ_CP064065.1	REP219	outside
NZ_CP064065.1	REP2662d	inside
NZ_CP064065.1	REP2662a	outside
NZ_CP064065.1	REP220b	inside
NZ_CP064065.1	REP2661	outside
NZ_CP064065.1	REP2660	outside
NZ_CP064065.1	REP2659	outside
NZ_CP064065.1	REP2658	outside
NZ_CP064065.1	REP2657c	inside
NZ_CP064065.1	REP2657b	inside
NZ_CP064065.1	REP2657a	inside
NZ_CP064065.1	REP221a	outside
NZ_CP064065.1	REP221b	inside
NZ_CP064065.1	REP221c	inside
NZ_CP064065.1	REP221d	inside
NZ_CP064065.1	REP2656d	outside
NZ_CP064065.1	REP2656c	outside
NZ_CP064065.1	REP2656b	outside
NZ_CP064065.1	REP2656a	outside
NZ_CP064065.1	REP2654	outside
NZ_CP064065.1	REP2653d	outside
NZ_CP064065.1	REP2653c	outside
NZ_CP064065.1	REP2653b	outside
NZ_CP064065.1	REP2652c	inside
NZ_CP064065.1	REP222a	inside
NZ_CP064065.1	REP222b	inside
NZ_CP064065.1	REP222c	inside
NZ_CP064065.1	REP2651d	inside
NZ_CP064065.1	REP2651a	inside
NZ_CP064065.1	REP223a	inside
NZ_CP064065.1	REP223b	inside
NZ_CP064065.1	REP223c	inside
NZ_CP064065.1	REP223d	inside
NZ_CP064065.1	REP2650b	inside
NZ_CP064065.1	REP225a	outside
NZ_CP064065.1	REP226c	outside
NZ_CP064065.1	REP227a	outside
NZ_CP064065.1	REP227b	outside
NZ_CP064065.1	REP2649d	inside
NZ_CP064065.1	REP2649b	inside
NZ_CP064065.1	REP228a	inside
NZ_CP064065.1	REP228b	inside
NZ_CP064065.1	REP228c	inside
NZ_CP064065.1	REP228d	inside
NZ_CP064065.1	REP229a	outside
NZ_CP064065.1	REP229b	outside
NZ_CP064065.1	REP229c	outside
NZ_CP064065.1	REP2648a	outside
NZ_CP064065.1	REP2647d	outside
NZ_CP064065.1	REP2647c	outside
NZ_CP064065.1	REP2647b	outside
NZ_CP064065.1	REP230c	outside
NZ_CP064065.1	REP230d	inside
NZ_CP064065.1	REP2646d	outside
NZ_CP064065.1	REP2646a	outside
NZ_CP064065.1	REP2645a	outside
NZ_CP064065.1	REP2644	outside
NZ_CP064065.1	REP2642d	inside
NZ_CP064065.1	REP2642a	inside
NZ_CP064065.1	REP232c	inside
NZ_CP064065.1	REP232d	inside
NZ_CP064065.1	REP2641	outside
NZ_CP064065.1	REP2640d	inside
NZ_CP064065.1	REP2640c	inside
NZ_CP064065.1	REP2640b	inside
NZ_CP064065.1	REP2640a	inside
NZ_CP064065.1	REP233d	inside
NZ_CP064065.1	REP234a	outside
NZ_CP064065.1	REP234d	inside
NZ_CP064065.1	REP2638d	inside
NZ_CP064065.1	REP2638c	inside
NZ_CP064065.1	REP2638b	inside
NZ_CP064065.1	REP235a	inside
NZ_CP064065.1	REP235b	inside
NZ_CP064065.1	REP235d	inside
NZ_CP064065.1	REP236	outside
NZ_CP064065.1	REP2637d	inside
NZ_CP064065.1	REP2637b	inside
NZ_CP064065.1	REP237a	outside
NZ_CP064065.1	REP237d	inside
NZ_CP064065.1	REP2636b	inside
NZ_CP064065.1	REP2636a	outside
NZ_CP064065.1	REP238a	inside
NZ_CP064065.1	REP238b	inside
NZ_CP064065.1	REP238c	inside
NZ_CP064065.1	REP239a	outside
NZ_CP064065.1	REP2635d	inside
NZ_CP064065.1	REP2635b	inside
NZ_CP064065.1	REP240a	outside
NZ_CP064065.1	REP240b	inside
NZ_CP064065.1	REP240c	inside
NZ_CP064065.1	REP2634b	outside
NZ_CP064065.1	REP2634a	outside
NZ_CP064065.1	REP2633b	inside
NZ_CP064065.1	REP241b	inside
NZ_CP064065.1	REP241c	inside
NZ_CP064065.1	REP242c	inside
NZ_CP064065.1	REP242d	inside
NZ_CP064065.1	REP2632b	outside
NZ_CP064065.1	REP2632a	outside
NZ_CP064065.1	REP2631d	outside
NZ_CP064065.1	REP2631c	outside
NZ_CP064065.1	REP2631a	outside
NZ_CP064065.1	REP2630	outside
NZ_CP064065.1	REP2629d	inside
NZ_CP064065.1	REP2629c	outside
NZ_CP064065.1	REP243c	inside
NZ_CP064065.1	REP2628d	inside
NZ_CP064065.1	REP2628c	outside
NZ_CP064065.1	REP2628b	outside
NZ_CP064065.1	REP2628a	outside
NZ_CP064065.1	REP244c	outside
NZ_CP064065.1	REP244d	inside
NZ_CP064065.1	REP245a	outside
NZ_CP064065.1	REP2627c	outside
NZ_CP064065.1	REP2626c	inside
NZ_CP064065.1	REP2626a	outside
NZ_CP064065.1	REP246c	inside
NZ_CP064065.1	REP246d	inside
NZ_CP064065.1	REP2625c	outside
NZ_CP064065.1	REP2625b	outside
NZ_CP064065.1	REP2625a	outside
NZ_CP064065.1	REP2624	outside
NZ_CP064065.1	REP2622d	inside
NZ_CP064065.1	REP2622c	inside
NZ_CP064065.1	REP2622b	inside
NZ_CP064065.1	REP247a	inside
NZ_CP064065.1	REP247c	inside
NZ_CP064065.1	REP247d	inside
NZ_CP064065.1	REP248	outside
NZ_CP064065.1	REP2621d	inside
NZ_CP064065.1	REP2621c	inside
NZ_CP064065.1	REP2621b	inside
NZ_CP064065.1	REP2621a	inside
NZ_CP064065.1	REP249a	inside
NZ_CP064065.1	REP2620	outside
NZ_CP064065.1	REP250a	outside
NZ_CP064065.1	REP250c	inside
NZ_CP064065.1	REP250d	inside
NZ_CP064065.1	REP252b	outside
NZ_CP064065.1	REP2618d	inside
NZ_CP064065.1	REP2618c	inside
NZ_CP064065.1	REP2618b	inside
NZ_CP064065.1	REP253b	inside
NZ_CP064065.1	REP2617c	outside
NZ_CP064065.1	REP2617a	outside
NZ_CP064065.1	REP2616a	outside
NZ_CP064065.1	REP254a	inside
NZ_CP064065.1	REP254d	inside
NZ_CP064065.1	REP2614	outside
NZ_CP064065.1	REP2613d	inside
NZ_CP064065.1	REP2613c	inside
NZ_CP064065.1	REP255c	inside
NZ_CP064065.1	REP255d	inside
NZ_CP064065.1	REP2612	outside
NZ_CP064065.1	REP2611b	outside
NZ_CP064065.1	REP2611a	outside
NZ_CP064065.1	REP256c	outside
NZ_CP064065.1	REP2610	outside
NZ_CP064065.1	REP2609	outside
NZ_CP064065.1	REP2608	outside
NZ_CP064065.1	REP2607c	inside
NZ_CP064065.1	REP2607b	outside
NZ_CP064065.1	REP257c	outside
NZ_CP064065.1	REP257d	inside
NZ_CP064065.1	REP2606d	outside
NZ_CP064065.1	REP2605a	outside
NZ_CP064065.1	REP2604d	inside
NZ_CP064065.1	REP2604b	inside
NZ_CP064065.1	REP2604a	inside
NZ_CP064065.1	REP258b	inside
NZ_CP064065.1	REP258d	inside
NZ_CP064065.1	REP2603b	outside
NZ_CP064065.1	REP2603a	outside
NZ_CP064065.1	REP2602a	inside
NZ_CP064065.1	REP259a	inside
NZ_CP064065.1	REP259b	inside
NZ_CP064065.1	REP259c	outside
NZ_CP064065.1	REP2601c	outside
NZ_CP064065.1	REP2601b	outside
NZ_CP064065.1	REP2601a	outside
NZ_CP064065.1	REP2600d	inside
NZ_CP064065.1	REP2600c	inside
NZ_CP064065.1	REP2600b	inside
NZ_CP064065.1	REP2600a	inside
NZ_CP064065.1	REP260c	inside
NZ_CP064065.1	REP260d	inside
NZ_CP064065.1	REP2599d	inside
NZ_CP064065.1	REP2599c	inside
NZ_CP064065.1	REP2599b	inside
NZ_CP064065.1	REP2599a	inside
NZ_CP064065.1	REP261c	inside
NZ_CP064065.1	REP2598d	inside
NZ_CP064065.1	REP2598c	inside
NZ_CP064065.1	REP262a	outside
NZ_CP064065.1	REP2598a	outside
NZ_CP064065.1	REP262c	inside
NZ_CP064065.1	REP262d	inside
NZ_CP064065.1	REP263a	inside
NZ_CP064065.1	REP263b	inside
NZ_CP064065.1	REP263d	inside
NZ_CP064065.1	REP2596	outside
NZ_CP064065.1	REP2595	outside
NZ_CP064065.1	REP264b	outside
NZ_CP064065.1	REP264c	inside
NZ_CP064065.1	REP2593b	outside
NZ_CP064065.1	REP2593a	outside
NZ_CP064065.1	REP2592	outside
NZ_CP064065.1	REP2591c	outside
NZ_CP064065.1	REP2591b	outside
NZ_CP064065.1	REP2590	outside
NZ_CP064065.1	REP2589	outside
NZ_CP064065.1	REP2588d	outside
NZ_CP064065.1	REP2588a	outside
NZ_CP064065.1	REP2587	outside
NZ_CP064065.1	REP2586d	inside
NZ_CP064065.1	REP265b	inside
NZ_CP064065.1	REP265d	inside
NZ_CP064065.1	REP2585c	inside
NZ_CP064065.1	REP2585a	inside
NZ_CP064065.1	REP266b	inside
NZ_CP064065.1	REP266d	outside
NZ_CP064065.1	REP2584d	inside
NZ_CP064065.1	REP2584c	inside
NZ_CP064065.1	REP2584b	inside
NZ_CP064065.1	REP2584a	inside
NZ_CP064065.1	REP267a	outside
NZ_CP064065.1	REP267b	inside
NZ_CP064065.1	REP267c	inside
NZ_CP064065.1	REP2583	outside
NZ_CP064065.1	REP2582	outside
NZ_CP064065.1	REP2581	outside
NZ_CP064065.1	REP2580	outside
NZ_CP064065.1	REP2579b	inside
NZ_CP064065.1	REP2579a	outside
NZ_CP064065.1	REP268c	inside
NZ_CP064065.1	REP268d	inside
NZ_CP064065.1	REP269a	outside
NZ_CP064065.1	REP269b	outside
NZ_CP064065.1	REP269c	outside
NZ_CP064065.1	REP2578d	outside
NZ_CP064065.1	REP2578c	outside
NZ_CP064065.1	REP2578b	outside
NZ_CP064065.1	REP2578a	outside
NZ_CP064065.1	REP2577d	inside
NZ_CP064065.1	REP2577b	inside
NZ_CP064065.1	REP270a	outside
NZ_CP064065.1	REP270d	inside
NZ_CP064065.1	REP2575	outside
NZ_CP064065.1	REP2574b	outside
NZ_CP064065.1	REP2574a	inside
NZ_CP064065.1	REP271a	inside
NZ_CP064065.1	REP272	outside
NZ_CP064065.1	REP2573d	inside
NZ_CP064065.1	REP273a	outside
NZ_CP064065.1	REP2573a	outside
NZ_CP064065.1	REP273c	inside
NZ_CP064065.1	REP273d	inside
NZ_CP064065.1	REP274a	outside
NZ_CP064065.1	REP274b	outside
NZ_CP064065.1	REP274c	outside
NZ_CP064065.1	REP275	outside
NZ_CP064065.1	REP276	outside
NZ_CP064065.1	REP277	outside
NZ_CP064065.1	REP2572d	inside
NZ_CP064065.1	REP2572c	inside
NZ_CP064065.1	REP2572b	inside
NZ_CP064065.1	REP278a	outside
NZ_CP064065.1	REP278c	inside
NZ_CP064065.1	REP278d	inside
NZ_CP064065.1	REP2571d	inside
NZ_CP064065.1	REP2571c	outside
NZ_CP064065.1	REP279b	outside
NZ_CP064065.1	REP2571a	outside
NZ_CP064065.1	REP279d	inside
NZ_CP064065.1	REP2570d	inside
NZ_CP064065.1	REP280a	outside
NZ_CP064065.1	REP2570a	outside
NZ_CP064065.1	REP2569c	inside
NZ_CP064065.1	REP2569a	outside
NZ_CP064065.1	REP281a	inside
NZ_CP064065.1	REP281b	inside
NZ_CP064065.1	REP281c	inside
NZ_CP064065.1	REP281d	inside
NZ_CP064065.1	REP2568b	inside
NZ_CP064065.1	REP282a	inside
NZ_CP064065.1	REP282b	inside
NZ_CP064065.1	REP283a	outside
NZ_CP064065.1	REP2566d	inside
NZ_CP064065.1	REP2566c	inside
NZ_CP064065.1	REP2566b	inside
NZ_CP064065.1	REP2566a	inside
NZ_CP064065.1	REP284a	inside
NZ_CP064065.1	REP284c	inside
NZ_CP064065.1	REP284d	inside
NZ_CP064065.1	REP2565b	inside
NZ_CP064065.1	REP2565a	outside
NZ_CP064065.1	REP285c	inside
NZ_CP064065.1	REP285d	inside
NZ_CP064065.1	REP2564d	inside
NZ_CP064065.1	REP2564c	inside
NZ_CP064065.1	REP2564b	inside
NZ_CP064065.1	REP2564a	inside
NZ_CP064065.1	REP286a	inside
NZ_CP064065.1	REP286b	inside
NZ_CP064065.1	REP286c	inside
NZ_CP064065.1	REP286d	inside
NZ_CP064065.1	REP2563c	outside
NZ_CP064065.1	REP2563a	outside
NZ_CP064065.1	REP288a	outside
NZ_CP064065.1	REP288b	outside
NZ_CP064065.1	REP288c	outside
NZ_CP064065.1	REP288d	outside
NZ_CP064065.1	REP2562d	inside
NZ_CP064065.1	REP2562c	inside
NZ_CP064065.1	REP2562b	inside
NZ_CP064065.1	REP2562a	outside
NZ_CP064065.1	REP289b	inside
NZ_CP064065.1	REP289c	inside
NZ_CP064065.1	REP2561b	outside
NZ_CP064065.1	REP290	outside
NZ_CP064065.1	REP291	outside
NZ_CP064065.1	REP292	outside
NZ_CP064065.1	REP2560a	outside
NZ_CP064065.1	REP293b	inside
NZ_CP064065.1	REP293c	inside
NZ_CP064065.1	REP2559b	outside
NZ_CP064065.1	REP2559a	outside
NZ_CP064065.1	REP294c	outside
NZ_CP064065.1	REP294d	inside
NZ_CP064065.1	REP2558d	inside
NZ_CP064065.1	REP2558a	outside
NZ_CP064065.1	REP295b	inside
NZ_CP064065.1	REP2557c	outside
NZ_CP064065.1	REP2557a	outside
NZ_CP064065.1	REP297b	outside
NZ_CP064065.1	REP298a	outside
NZ_CP064065.1	REP2556d	outside
NZ_CP064065.1	REP298d	outside
NZ_CP064065.1	REP2556b	outside
NZ_CP064065.1	REP2556a	inside
NZ_CP064065.1	REP2555d	inside
NZ_CP064065.1	REP2555c	inside
NZ_CP064065.1	REP2555b	outside
NZ_CP064065.1	REP300b	outside
NZ_CP064065.1	REP300c	inside
NZ_CP064065.1	REP300d	inside
NZ_CP064065.1	REP2554d	inside
NZ_CP064065.1	REP2554b	inside
NZ_CP064065.1	REP2554a	inside
NZ_CP064065.1	REP301a	inside
NZ_CP064065.1	REP2553d	inside
NZ_CP064065.1	REP2553c	inside
NZ_CP064065.1	REP2553a	inside
NZ_CP064065.1	REP302b	inside
NZ_CP064065.1	REP302c	inside
NZ_CP064065.1	REP302d	inside
NZ_CP064065.1	REP2552d	inside
NZ_CP064065.1	REP2552c	inside
NZ_CP064065.1	REP303d	inside
NZ_CP064065.1	REP2551	outside
NZ_CP064065.1	REP2550	outside
NZ_CP064065.1	REP2549c	inside
NZ_CP064065.1	REP2549a	inside
NZ_CP064065.1	REP304a	inside
NZ_CP064065.1	REP304b	inside
NZ_CP064065.1	REP304c	inside
NZ_CP064065.1	REP304d	inside
NZ_CP064065.1	REP2548b	outside
NZ_CP064065.1	REP305c	inside
NZ_CP064065.1	REP2547b	outside
NZ_CP064065.1	REP2547a	inside
NZ_CP064065.1	REP306a	outside
NZ_CP064065.1	REP307	outside
NZ_CP064065.1	REP2546d	inside
NZ_CP064065.1	REP2546b	inside
NZ_CP064065.1	REP2546a	inside
NZ_CP064065.1	REP308b	inside
NZ_CP064065.1	REP308c	inside
NZ_CP064065.1	REP308d	inside
NZ_CP064065.1	REP2545d	inside
NZ_CP064065.1	REP2545c	inside
NZ_CP064065.1	REP2545b	inside
NZ_CP064065.1	REP2545a	inside
NZ_CP064065.1	REP309a	inside
NZ_CP064065.1	REP309c	inside
NZ_CP064065.1	REP2544d	inside
NZ_CP064065.1	REP2544c	inside
NZ_CP064065.1	REP2544b	inside
NZ_CP064065.1	REP310a	inside
NZ_CP064065.1	REP2543d	outside
NZ_CP064065.1	REP2543b	inside
NZ_CP064065.1	REP2543a	outside
NZ_CP064065.1	REP2542	outside
NZ_CP064065.1	REP312	outside
NZ_CP064065.1	REP2541d	inside
NZ_CP064065.1	REP2541b	inside
NZ_CP064065.1	REP313a	outside
NZ_CP064065.1	REP313b	inside
NZ_CP064065.1	REP313c	inside
NZ_CP064065.1	REP313d	inside
NZ_CP064065.1	REP2540a	outside
NZ_CP064065.1	REP2539d	outside
NZ_CP064065.1	REP315a	outside
NZ_CP064065.1	REP315b	outside
NZ_CP064065.1	REP2538b	inside
NZ_CP064065.1	REP2538a	outside
NZ_CP064065.1	REP2537	outside
NZ_CP064065.1	REP2536d	outside
NZ_CP064065.1	REP2536c	outside
NZ_CP064065.1	REP2536b	outside
NZ_CP064065.1	REP2535	outside
NZ_CP064065.1	REP2534c	inside
NZ_CP064065.1	REP2534b	inside
NZ_CP064065.1	REP2534a	outside
NZ_CP064065.1	REP317b	inside
NZ_CP064065.1	REP317c	inside
NZ_CP064065.1	REP2533b	inside
NZ_CP064065.1	REP2533a	inside
NZ_CP064065.1	REP318c	inside
NZ_CP064065.1	REP318d	inside
NZ_CP064065.1	REP2532c	inside
NZ_CP064065.1	REP2532b	inside
NZ_CP064065.1	REP319a	outside
NZ_CP064065.1	REP319b	inside
NZ_CP064065.1	REP319c	inside
NZ_CP064065.1	REP2531d	inside
NZ_CP064065.1	REP320a	inside
NZ_CP064065.1	REP320c	inside
NZ_CP064065.1	REP2530d	inside
NZ_CP064065.1	REP321b	inside
NZ_CP064065.1	REP321c	inside
NZ_CP064065.1	REP2529	outside
NZ_CP064065.1	REP2528b	inside
NZ_CP064065.1	REP322a	outside
NZ_CP064065.1	REP2527c	inside
NZ_CP064065.1	REP2527a	outside
NZ_CP064065.1	REP323b	inside
NZ_CP064065.1	REP323c	inside
NZ_CP064065.1	REP2526c	outside
NZ_CP064065.1	REP2526b	outside
NZ_CP064065.1	REP2525d	inside
NZ_CP064065.1	REP2525c	inside
NZ_CP064065.1	REP2525b	inside
NZ_CP064065.1	REP2525a	inside
NZ_CP064065.1	REP324a	inside
NZ_CP064065.1	REP324b	inside
NZ_CP064065.1	REP324c	inside
NZ_CP064065.1	REP324d	inside
NZ_CP064065.1	REP2524	outside
NZ_CP064065.1	REP2523b	outside
NZ_CP064065.1	REP2523a	outside
NZ_CP064065.1	REP2522c	inside
NZ_CP064065.1	REP2522b	inside
NZ_CP064065.1	REP2522a	outside
NZ_CP064065.1	REP325b	inside
NZ_CP064065.1	REP325d	inside
NZ_CP064065.1	REP2520d	inside
NZ_CP064065.1	REP2520b	inside
NZ_CP064065.1	REP326b	inside
NZ_CP064065.1	REP326d	inside
NZ_CP064065.1	REP2519d	inside
NZ_CP064065.1	REP327a	outside
NZ_CP064065.1	REP327b	outside
NZ_CP064065.1	REP2519b	outside
NZ_CP064065.1	REP2519a	outside
NZ_CP064065.1	REP328	outside
NZ_CP064065.1	REP2518d	inside
NZ_CP064065.1	REP2518b	inside
NZ_CP064065.1	REP2518a	inside
NZ_CP064065.1	REP329a	outside
NZ_CP064065.1	REP329c	inside
NZ_CP064065.1	REP329d	inside
NZ_CP064065.1	REP330	outside
NZ_CP064065.1	REP2516d	inside
NZ_CP064065.1	REP2516c	inside
NZ_CP064065.1	REP331a	inside
NZ_CP064065.1	REP331b	inside
NZ_CP064065.1	REP331c	inside
NZ_CP064065.1	REP331d	inside
NZ_CP064065.1	REP2515b	inside
NZ_CP064065.1	REP2515a	inside
NZ_CP064065.1	REP332a	inside
NZ_CP064065.1	REP332b	inside
NZ_CP064065.1	REP332c	inside
NZ_CP064065.1	REP332d	inside
NZ_CP064065.1	REP2514d	outside
NZ_CP064065.1	REP2514c	outside
NZ_CP064065.1	REP2514b	outside
NZ_CP064065.1	REP2514a	outside
NZ_CP064065.1	REP2513	outside
NZ_CP064065.1	REP2512	outside
NZ_CP064065.1	REP2511d	outside
NZ_CP064065.1	REP2511b	outside
NZ_CP064065.1	REP2511a	outside
NZ_CP064065.1	REP333	outside
NZ_CP064065.1	REP2509d	inside
NZ_CP064065.1	REP2509c	inside
NZ_CP064065.1	REP334b	outside
NZ_CP064065.1	REP334c	inside
NZ_CP064065.1	REP335a	outside
NZ_CP064065.1	REP2508c	outside
NZ_CP064065.1	REP2508b	outside
NZ_CP064065.1	REP2508a	outside
NZ_CP064065.1	REP2507d	inside
NZ_CP064065.1	REP2507b	inside
NZ_CP064065.1	REP2507a	inside
NZ_CP064065.1	REP336b	inside
NZ_CP064065.1	REP336c	inside
NZ_CP064065.1	REP336d	inside
NZ_CP064065.1	REP2506c	inside
NZ_CP064065.1	REP2506b	inside
NZ_CP064065.1	REP2505c	outside
NZ_CP064065.1	REP2505a	outside
NZ_CP064065.1	REP2504	inside
NZ_CP064065.1	REP338b	inside
NZ_CP064065.1	REP338d	inside
NZ_CP064065.1	REP2503d	inside
NZ_CP064065.1	REP2503c	inside
NZ_CP064065.1	REP2503a	inside
NZ_CP064065.1	REP339a	inside
NZ_CP064065.1	REP339d	inside
NZ_CP064065.1	REP2502c	inside
NZ_CP064065.1	REP2502b	inside
NZ_CP064065.1	REP2502a	inside
NZ_CP064065.1	REP340b	inside
NZ_CP064065.1	REP2501d	inside
NZ_CP064065.1	REP2501b	inside
NZ_CP064065.1	REP2501a	inside
NZ_CP064065.1	REP341b	inside
NZ_CP064065.1	REP341c	inside
NZ_CP064065.1	REP341d	inside
NZ_CP064065.1	REP2500d	inside
NZ_CP064065.1	REP2500b	inside
NZ_CP064065.1	REP2500a	outside
NZ_CP064065.1	REP342a	inside
NZ_CP064065.1	REP342c	inside
NZ_CP064065.1	REP342d	inside
NZ_CP064065.1	REP2498d	inside
NZ_CP064065.1	REP343c	inside
NZ_CP064065.1	REP2497a	outside
NZ_CP064065.1	REP2496d	inside
NZ_CP064065.1	REP2496b	outside
NZ_CP064065.1	REP344b	outside
NZ_CP064065.1	REP344c	inside
NZ_CP064065.1	REP344d	inside
NZ_CP064065.1	REP2495c	inside
NZ_CP064065.1	REP2495a	inside
NZ_CP064065.1	REP345b	inside
NZ_CP064065.1	REP345c	inside
NZ_CP064065.1	REP345d	inside
NZ_CP064065.1	REP2494b	outside
NZ_CP064065.1	REP2494a	outside
NZ_CP064065.1	REP346c	inside
NZ_CP064065.1	REP2493	outside
NZ_CP064065.1	REP347a	inside
NZ_CP064065.1	REP347c	inside
NZ_CP064065.1	REP2492d	outside
NZ_CP064065.1	REP2492b	inside
NZ_CP064065.1	REP2492a	inside
NZ_CP064065.1	REP348a	inside
NZ_CP064065.1	REP348d	inside
NZ_CP064065.1	REP2491d	inside
NZ_CP064065.1	REP2491c	inside
NZ_CP064065.1	REP349a	outside
NZ_CP064065.1	REP349b	inside
NZ_CP064065.1	REP349c	inside
NZ_CP064065.1	REP349d	inside
NZ_CP064065.1	REP2490	outside
NZ_CP064065.1	REP2489d	inside
NZ_CP064065.1	REP2488b	outside
NZ_CP064065.1	REP2487c	outside
NZ_CP064065.1	REP2487b	outside
NZ_CP064065.1	REP2487a	outside
NZ_CP064065.1	REP2486	outside
NZ_CP064065.1	REP2485	outside
NZ_CP064065.1	REP2484	outside
NZ_CP064065.1	REP2483d	inside
NZ_CP064065.1	REP2483c	inside
NZ_CP064065.1	REP2483b	inside
NZ_CP064065.1	REP351a	outside
NZ_CP064065.1	REP2482d	inside
NZ_CP064065.1	REP352b	inside
NZ_CP064065.1	REP352c	inside
NZ_CP064065.1	REP2481d	inside
NZ_CP064065.1	REP2481b	inside
NZ_CP064065.1	REP2481a	inside
NZ_CP064065.1	REP353a	inside
NZ_CP064065.1	REP353c	inside
NZ_CP064065.1	REP2480	outside
NZ_CP064065.1	REP2479d	outside
NZ_CP064065.1	REP2479c	outside
NZ_CP064065.1	REP2479b	inside
NZ_CP064065.1	REP354b	inside
NZ_CP064065.1	REP354d	inside
NZ_CP064065.1	REP355	outside
NZ_CP064065.1	REP2478b	inside
NZ_CP064065.1	REP356a	inside
NZ_CP064065.1	REP356b	inside
NZ_CP064065.1	REP356c	inside
NZ_CP064065.1	REP358	outside
NZ_CP064065.1	REP2477c	inside
NZ_CP064065.1	REP2477b	inside
NZ_CP064065.1	REP2477a	inside
NZ_CP064065.1	REP359a	inside
NZ_CP064065.1	REP359c	inside
NZ_CP064065.1	REP359d	inside
NZ_CP064065.1	REP2476d	inside
NZ_CP064065.1	REP2476c	inside
NZ_CP064065.1	REP2476b	outside
NZ_CP064065.1	REP360c	inside
NZ_CP064065.1	REP2475d	inside
NZ_CP064065.1	REP2475a	inside
NZ_CP064065.1	REP361a	inside
NZ_CP064065.1	REP2474d	inside
NZ_CP064065.1	REP2474c	inside
NZ_CP064065.1	REP2474b	inside
NZ_CP064065.1	REP2474a	outside
NZ_CP064065.1	REP362c	inside
NZ_CP064065.1	REP362d	inside
NZ_CP064065.1	REP2473d	inside
NZ_CP064065.1	REP2473c	inside
NZ_CP064065.1	REP2473b	outside
NZ_CP064065.1	REP363b	inside
NZ_CP064065.1	REP363d	inside
NZ_CP064065.1	REP2472b	inside
NZ_CP064065.1	REP2472a	inside
NZ_CP064065.1	REP364d	inside
NZ_CP064065.1	REP2471d	outside
NZ_CP064065.1	REP2471c	outside
NZ_CP064065.1	REP2471b	outside
NZ_CP064065.1	REP2471a	outside
NZ_CP064065.1	REP2470d	inside
NZ_CP064065.1	REP2470c	inside
NZ_CP064065.1	REP2470a	inside
NZ_CP064065.1	REP365a	inside
NZ_CP064065.1	REP365b	inside
NZ_CP064065.1	REP2469	outside
NZ_CP064065.1	REP2468c	inside
NZ_CP064065.1	REP366a	outside
NZ_CP064065.1	REP366b	outside
NZ_CP064065.1	REP366c	inside
NZ_CP064065.1	REP366d	inside
NZ_CP064065.1	REP2467a	outside
NZ_CP064065.1	REP367b	inside
NZ_CP064065.1	REP367c	outside
NZ_CP064065.1	REP367d	outside
NZ_CP064065.1	REP2465d	inside
NZ_CP064065.1	REP2465c	inside
NZ_CP064065.1	REP2465a	inside
NZ_CP064065.1	REP368b	inside
NZ_CP064065.1	REP368c	inside
NZ_CP064065.1	REP2464d	inside
NZ_CP064065.1	REP2464c	inside
NZ_CP064065.1	REP369a	outside
NZ_CP064065.1	REP369c	inside
NZ_CP064065.1	REP369d	inside
NZ_CP064065.1	REP2463	outside
NZ_CP064065.1	REP2462c	outside
NZ_CP064065.1	REP370b	inside
NZ_CP064065.1	REP370c	inside
NZ_CP064065.1	REP370d	inside
NZ_CP064065.1	REP2461d	outside
NZ_CP064065.1	REP2461c	outside
NZ_CP064065.1	REP2461b	outside
NZ_CP064065.1	REP2461a	outside
NZ_CP064065.1	REP2460a	outside
NZ_CP064065.1	REP2459c	inside
NZ_CP064065.1	REP2459b	inside
NZ_CP064065.1	REP371a	outside
NZ_CP064065.1	REP371b	inside
NZ_CP064065.1	REP371d	inside
NZ_CP064065.1	REP2458c	inside
NZ_CP064065.1	REP2458a	inside
NZ_CP064065.1	REP372a	inside
NZ_CP064065.1	REP2457d	inside
NZ_CP064065.1	REP2457c	inside
NZ_CP064065.1	REP2457b	inside
NZ_CP064065.1	REP373a	inside
NZ_CP064065.1	REP373d	inside
NZ_CP064065.1	REP2456	outside
NZ_CP064065.1	REP2455c	inside
NZ_CP064065.1	REP2455b	inside
NZ_CP064065.1	REP2455a	inside
NZ_CP064065.1	REP374a	inside
NZ_CP064065.1	REP374b	inside
NZ_CP064065.1	REP374c	inside
NZ_CP064065.1	REP374d	inside
NZ_CP064065.1	REP2454d	inside
NZ_CP064065.1	REP2454c	inside
NZ_CP064065.1	REP2454b	inside
NZ_CP064065.1	REP2454a	outside
NZ_CP064065.1	REP375c	inside
NZ_CP064065.1	REP375d	inside
NZ_CP064065.1	REP2453d	inside
NZ_CP064065.1	REP2453c	inside
NZ_CP064065.1	REP2453b	inside
NZ_CP064065.1	REP376a	outside
NZ_CP064065.1	REP376b	inside
NZ_CP064065.1	REP376c	inside
NZ_CP064065.1	REP2452d	inside
NZ_CP064065.1	REP2452c	inside
NZ_CP064065.1	REP2452a	outside
NZ_CP064065.1	REP377a	outside
NZ_CP064065.1	REP377b	inside
NZ_CP064065.1	REP377c	inside
NZ_CP064065.1	REP377d	inside
NZ_CP064065.1	REP2451c	inside
NZ_CP064065.1	REP378a	outside
NZ_CP064065.1	REP378b	inside
NZ_CP064065.1	REP378c	inside
NZ_CP064065.1	REP378d	inside
NZ_CP064065.1	REP2450	outside
NZ_CP064065.1	REP2449	outside
NZ_CP064065.1	REP2448d	outside
NZ_CP064065.1	REP2448b	inside
NZ_CP064065.1	REP2448a	outside
NZ_CP064065.1	REP379b	outside
NZ_CP064065.1	REP2447	outside
NZ_CP064065.1	REP2446d	inside
NZ_CP064065.1	REP2446c	outside
NZ_CP064065.1	REP380a	outside
NZ_CP064065.1	REP380c	inside
NZ_CP064065.1	REP380d	inside
NZ_CP064065.1	REP381a	inside
NZ_CP064065.1	REP381b	inside
NZ_CP064065.1	REP381c	inside
NZ_CP064065.1	REP381d	inside
NZ_CP064065.1	REP2443	outside
NZ_CP064065.1	REP2442a	inside
NZ_CP064065.1	REP382d	inside
NZ_CP064065.1	REP2441a	outside
NZ_CP064065.1	REP2440b	outside
NZ_CP064065.1	REP2439a	outside
NZ_CP064065.1	REP2438	outside
NZ_CP064065.1	REP2437d	inside
NZ_CP064065.1	REP2437a	inside
NZ_CP064065.1	REP383a	inside
NZ_CP064065.1	REP383b	inside
NZ_CP064065.1	REP383c	inside
NZ_CP064065.1	REP2436d	inside
NZ_CP064065.1	REP2436b	inside
NZ_CP064065.1	REP384b	inside
NZ_CP064065.1	REP384c	inside
NZ_CP064065.1	REP2435c	inside
NZ_CP064065.1	REP386a	outside
NZ_CP064065.1	REP386b	inside
NZ_CP064065.1	REP386c	inside
NZ_CP064065.1	REP386d	inside
NZ_CP064065.1	REP2434d	outside
NZ_CP064065.1	REP2434a	outside
NZ_CP064065.1	REP2433b	outside
NZ_CP064065.1	REP2433a	outside
NZ_CP064065.1	REP2432	outside
NZ_CP064065.1	REP2430d	inside
NZ_CP064065.1	REP387b	outside
NZ_CP064065.1	REP387c	inside
NZ_CP064065.1	REP387d	inside
NZ_CP064065.1	REP2429b	outside
NZ_CP064065.1	REP2429a	outside
NZ_CP064065.1	REP2428	outside
NZ_CP064065.1	REP2427a	outside
NZ_CP064065.1	REP2426	outside
NZ_CP064065.1	REP388	outside
NZ_CP064065.1	REP2425c	inside
NZ_CP064065.1	REP2425a	outside
NZ_CP064065.1	REP2425b	outside
NZ_CP064065.1	REP389c	inside
NZ_CP064065.1	REP389d	inside
NZ_CP064065.1	REP2424	outside
NZ_CP064065.1	REP2423d	outside
NZ_CP064065.1	REP2423b	outside
NZ_CP064065.1	REP2422d	inside
NZ_CP064065.1	REP2422b	inside
NZ_CP064065.1	REP2422a	outside
NZ_CP064065.1	REP390c	inside
NZ_CP064065.1	REP2421	outside
NZ_CP064065.1	REP2420	outside
NZ_CP064065.1	REP2419	outside
NZ_CP064065.1	REP2418c	outside
NZ_CP064065.1	REP2417b	inside
NZ_CP064065.1	REP2417a	outside
NZ_CP064065.1	REP391b	inside
NZ_CP064065.1	REP391c	outside
NZ_CP064065.1	REP391d	inside
NZ_CP064065.1	REP2415b	outside
NZ_CP064065.1	REP2415a	outside
NZ_CP064065.1	REP2414b	inside
NZ_CP064065.1	REP392b	outside
NZ_CP064065.1	REP392c	inside
NZ_CP064065.1	REP392d	inside
NZ_CP064065.1	REP2413c	outside
NZ_CP064065.1	REP2413a	outside
NZ_CP064065.1	REP2412a	outside
NZ_CP064065.1	REP2411d	inside
NZ_CP064065.1	REP2411c	inside
NZ_CP064065.1	REP393a	inside
NZ_CP064065.1	REP393b	inside
NZ_CP064065.1	REP2410d	outside
NZ_CP064065.1	REP2410c	outside
NZ_CP064065.1	REP394	outside
NZ_CP064065.1	REP395	outside
NZ_CP064065.1	REP2409d	inside
NZ_CP064065.1	REP2409c	inside
NZ_CP064065.1	REP396a	outside
NZ_CP064065.1	REP396b	outside
NZ_CP064065.1	REP396c	inside
NZ_CP064065.1	REP396d	inside
NZ_CP064065.1	REP2408	outside
NZ_CP064065.1	REP2407d	inside
NZ_CP064065.1	REP2407c	inside
NZ_CP064065.1	REP2407a	inside
NZ_CP064065.1	REP397a	inside
NZ_CP064065.1	REP397b	inside
NZ_CP064065.1	REP397c	inside
NZ_CP064065.1	REP398	outside
NZ_CP064065.1	REP2406b	inside
NZ_CP064065.1	REP2406a	outside
NZ_CP064065.1	REP399a	outside
NZ_CP064065.1	REP399b	inside
NZ_CP064065.1	REP399c	inside
NZ_CP064065.1	REP399d	inside
NZ_CP064065.1	REP2405d	outside
NZ_CP064065.1	REP2405c	outside
NZ_CP064065.1	REP400c	outside
NZ_CP064065.1	REP400d	outside
NZ_CP064065.1	REP2404d	inside
NZ_CP064065.1	REP2404c	inside
NZ_CP064065.1	REP2404a	outside
NZ_CP064065.1	REP401b	inside
NZ_CP064065.1	REP401d	inside
NZ_CP064065.1	REP402a	outside
NZ_CP064065.1	REP402d	inside
NZ_CP064065.1	REP2402d	inside
NZ_CP064065.1	REP2402b	inside
NZ_CP064065.1	REP403a	outside
NZ_CP064065.1	REP403b	inside
NZ_CP064065.1	REP404a	outside
NZ_CP064065.1	REP404c	inside
NZ_CP064065.1	REP404d	inside
NZ_CP064065.1	REP2400d	outside
NZ_CP064065.1	REP405a	inside
NZ_CP064065.1	REP2399b	outside
NZ_CP064065.1	REP405c	outside
NZ_CP064065.1	REP405d	inside
NZ_CP064065.1	REP2398	outside
NZ_CP064065.1	REP2397c	inside
NZ_CP064065.1	REP2397b	inside
NZ_CP064065.1	REP406a	outside
NZ_CP064065.1	REP406b	outside
NZ_CP064065.1	REP406c	inside
NZ_CP064065.1	REP406d	inside
NZ_CP064065.1	REP407a	outside
NZ_CP064065.1	REP407b	outside
NZ_CP064065.1	REP2396d	inside
NZ_CP064065.1	REP2396c	inside
NZ_CP064065.1	REP2396b	inside
NZ_CP064065.1	REP2396a	inside
NZ_CP064065.1	REP408a	inside
NZ_CP064065.1	REP408d	inside
NZ_CP064065.1	REP2395d	inside
NZ_CP064065.1	REP2395c	outside
NZ_CP064065.1	REP409b	outside
NZ_CP064065.1	REP2395a	outside
NZ_CP064065.1	REP409d	inside
NZ_CP064065.1	REP2393d	inside
NZ_CP064065.1	REP2393c	inside
NZ_CP064065.1	REP2393b	inside
NZ_CP064065.1	REP2393a	inside
NZ_CP064065.1	REP410b	inside
NZ_CP064065.1	REP410c	inside
NZ_CP064065.1	REP2392d	inside
NZ_CP064065.1	REP2392c	inside
NZ_CP064065.1	REP2392b	inside
NZ_CP064065.1	REP2392a	outside
NZ_CP064065.1	REP411a	outside
NZ_CP064065.1	REP411c	inside
NZ_CP064065.1	REP2391	outside
NZ_CP064065.1	REP2390d	outside
NZ_CP064065.1	REP2390b	outside
NZ_CP064065.1	REP2390a	outside
NZ_CP064065.1	REP2389c	inside
NZ_CP064065.1	REP2389b	inside
NZ_CP064065.1	REP412b	inside
NZ_CP064065.1	REP412d	inside
NZ_CP064065.1	REP2388	outside
NZ_CP064065.1	REP2387	outside
NZ_CP064065.1	REP2386b	outside
NZ_CP064065.1	REP2386a	outside
NZ_CP064065.1	REP2385	outside
NZ_CP064065.1	REP2384d	outside
NZ_CP064065.1	REP2384c	outside
NZ_CP064065.1	REP2384b	outside
NZ_CP064065.1	REP2384a	outside
NZ_CP064065.1	REP2383b	outside
NZ_CP064065.1	REP2383a	outside
NZ_CP064065.1	REP2382a	outside
NZ_CP064065.1	REP2381	outside
NZ_CP064065.1	REP2379c	inside
NZ_CP064065.1	REP2379a	inside
NZ_CP064065.1	REP413b	inside
NZ_CP064065.1	REP413c	inside
NZ_CP064065.1	REP2378	outside
NZ_CP064065.1	REP2377b	inside
NZ_CP064065.1	REP2377a	inside
NZ_CP064065.1	REP414a	outside
NZ_CP064065.1	REP414c	inside
NZ_CP064065.1	REP414d	inside
NZ_CP064065.1	REP2376d	inside
NZ_CP064065.1	REP415a	outside
NZ_CP064065.1	REP415b	outside
NZ_CP064065.1	REP415c	inside
NZ_CP064065.1	REP415d	inside
NZ_CP064065.1	REP416c	outside
NZ_CP064065.1	REP2375d	inside
NZ_CP064065.1	REP2375c	inside
NZ_CP064065.1	REP2375b	inside
NZ_CP064065.1	REP417a	outside
NZ_CP064065.1	REP417b	outside
NZ_CP064065.1	REP2374	outside
NZ_CP064065.1	REP418	outside
NZ_CP064065.1	REP2373d	inside
NZ_CP064065.1	REP2373b	inside
NZ_CP064065.1	REP2373a	inside
NZ_CP064065.1	REP419a	inside
NZ_CP064065.1	REP419b	inside
NZ_CP064065.1	REP419d	inside
NZ_CP064065.1	REP2372c	inside
NZ_CP064065.1	REP2372b	inside
NZ_CP064065.1	REP420b	inside
NZ_CP064065.1	REP420c	inside
NZ_CP064065.1	REP420d	inside
NZ_CP064065.1	REP2371d	inside
NZ_CP064065.1	REP2371a	inside
NZ_CP064065.1	REP421d	inside
NZ_CP064065.1	REP2370	outside
NZ_CP064065.1	REP2369b	inside
NZ_CP064065.1	REP2369a	inside
NZ_CP064065.1	REP422a	inside
NZ_CP064065.1	REP422b	inside
NZ_CP064065.1	REP422d	inside
NZ_CP064065.1	REP2367b	outside
NZ_CP064065.1	REP2367a	outside
NZ_CP064065.1	REP2366d	inside
NZ_CP064065.1	REP2366b	inside
NZ_CP064065.1	REP423a	inside
NZ_CP064065.1	REP423b	inside
NZ_CP064065.1	REP423c	inside
NZ_CP064065.1	REP423d	inside
NZ_CP064065.1	REP2365d	outside
NZ_CP064065.1	REP2365c	outside
NZ_CP064065.1	REP2364	outside
NZ_CP064065.1	REP2363	outside
NZ_CP064065.1	REP2362d	inside
NZ_CP064065.1	REP2362c	inside
NZ_CP064065.1	REP2362b	inside
NZ_CP064065.1	REP424a	inside
NZ_CP064065.1	REP424b	inside
NZ_CP064065.1	REP424c	inside
NZ_CP064065.1	REP424d	inside
NZ_CP064065.1	REP2361d	inside
NZ_CP064065.1	REP2361b	inside
NZ_CP064065.1	REP425c	inside
NZ_CP064065.1	REP425d	inside
NZ_CP064065.1	REP2360b	outside
NZ_CP064065.1	REP2360a	outside
NZ_CP064065.1	REP2359d	inside
NZ_CP064065.1	REP2359c	inside
NZ_CP064065.1	REP426a	inside
NZ_CP064065.1	REP426c	inside
NZ_CP064065.1	REP2358d	inside
NZ_CP064065.1	REP2358c	inside
NZ_CP064065.1	REP427a	outside
NZ_CP064065.1	REP427c	inside
NZ_CP064065.1	REP2357b	outside
NZ_CP064065.1	REP2357a	outside
NZ_CP064065.1	REP2356a	inside
NZ_CP064065.1	REP428b	inside
NZ_CP064065.1	REP2355c	inside
NZ_CP064065.1	REP2355a	outside
NZ_CP064065.1	REP429d	inside
NZ_CP064065.1	REP430	outside
NZ_CP064065.1	REP2354c	inside
NZ_CP064065.1	REP2354b	inside
NZ_CP064065.1	REP2354a	inside
NZ_CP064065.1	REP431b	inside
NZ_CP064065.1	REP2353a	inside
NZ_CP064065.1	REP432a	inside
NZ_CP064065.1	REP432c	inside
NZ_CP064065.1	REP432d	inside
NZ_CP064065.1	REP2352d	inside
NZ_CP064065.1	REP2352c	inside
NZ_CP064065.1	REP2351d	inside
NZ_CP064065.1	REP2351b	inside
NZ_CP064065.1	REP434a	inside
NZ_CP064065.1	REP435b	outside
NZ_CP064065.1	REP436a	outside
NZ_CP064065.1	REP436b	outside
NZ_CP064065.1	REP436c	outside
NZ_CP064065.1	REP2350d	inside
NZ_CP064065.1	REP2350a	inside
NZ_CP064065.1	REP437a	outside
NZ_CP064065.1	REP437b	inside
NZ_CP064065.1	REP437d	inside
NZ_CP064065.1	REP2349	outside
NZ_CP064065.1	REP2348	outside
NZ_CP064065.1	REP2347c	inside
NZ_CP064065.1	REP2347a	inside
NZ_CP064065.1	REP438a	inside
NZ_CP064065.1	REP438b	inside
NZ_CP064065.1	REP2346c	inside
NZ_CP064065.1	REP2346a	inside
NZ_CP064065.1	REP439a	inside
NZ_CP064065.1	REP439b	inside
NZ_CP064065.1	REP439c	inside
NZ_CP064065.1	REP2345d	inside
NZ_CP064065.1	REP2345c	inside
NZ_CP064065.1	REP2345a	outside
NZ_CP064065.1	REP440b	inside
NZ_CP064065.1	REP440c	inside
NZ_CP064065.1	REP440d	inside
NZ_CP064065.1	REP441a	outside
NZ_CP064065.1	REP441b	outside
NZ_CP064065.1	REP2344a	outside
NZ_CP064065.1	REP2343b	inside
NZ_CP064065.1	REP2343a	inside
NZ_CP064065.1	REP442a	inside
NZ_CP064065.1	REP442b	inside
NZ_CP064065.1	REP2342d	inside
NZ_CP064065.1	REP2342b	inside
NZ_CP064065.1	REP2342a	inside
NZ_CP064065.1	REP443a	inside
NZ_CP064065.1	REP443b	outside
NZ_CP064065.1	REP443c	inside
NZ_CP064065.1	REP443d	inside
NZ_CP064065.1	REP2340a	outside
NZ_CP064065.1	REP445a	inside
NZ_CP064065.1	REP445b	inside
NZ_CP064065.1	REP2339a	inside
NZ_CP064065.1	REP446a	inside
NZ_CP064065.1	REP446b	inside
NZ_CP064065.1	REP446d	outside
NZ_CP064065.1	REP2338	outside
NZ_CP064065.1	REP447a	outside
NZ_CP064065.1	REP447b	outside
NZ_CP064065.1	REP2335d	inside
NZ_CP064065.1	REP2335b	inside
NZ_CP064065.1	REP448a	outside
NZ_CP064065.1	REP448b	inside
NZ_CP064065.1	REP448d	inside
NZ_CP064065.1	REP2334	outside
NZ_CP064065.1	REP2333c	outside
NZ_CP064065.1	REP449b	inside
NZ_CP064065.1	REP449c	inside
NZ_CP064065.1	REP2332b	outside
NZ_CP064065.1	REP2332a	outside
NZ_CP064065.1	REP2331b	outside
NZ_CP064065.1	REP2330	outside
NZ_CP064065.1	REP2329c	inside
NZ_CP064065.1	REP2329b	inside
NZ_CP064065.1	REP2329a	inside
NZ_CP064065.1	REP450c	inside
NZ_CP064065.1	REP450d	inside
NZ_CP064065.1	REP451a	outside
NZ_CP064065.1	REP2328c	inside
NZ_CP064065.1	REP2328b	inside
NZ_CP064065.1	REP2328a	outside
NZ_CP064065.1	REP452d	inside
NZ_CP064065.1	REP453a	outside
NZ_CP064065.1	REP453b	outside
NZ_CP064065.1	REP453c	outside
NZ_CP064065.1	REP453d	outside
NZ_CP064065.1	REP2327d	outside
NZ_CP064065.1	REP2327a	outside
NZ_CP064065.1	REP2326c	outside
NZ_CP064065.1	REP2326b	outside
NZ_CP064065.1	REP2326a	outside
NZ_CP064065.1	REP2325a	outside
NZ_CP064065.1	REP2324c	inside
NZ_CP064065.1	REP2324b	inside
NZ_CP064065.1	REP454c	inside
NZ_CP064065.1	REP454d	inside
NZ_CP064065.1	REP2323b	outside
NZ_CP064065.1	REP455	outside
NZ_CP064065.1	REP2322d	inside
NZ_CP064065.1	REP2322c	inside
NZ_CP064065.1	REP2322b	inside
NZ_CP064065.1	REP456a	outside
NZ_CP064065.1	REP456c	inside
NZ_CP064065.1	REP456d	inside
NZ_CP064065.1	REP2321d	inside
NZ_CP064065.1	REP2321b	inside
NZ_CP064065.1	REP2321a	inside
NZ_CP064065.1	REP457a	inside
NZ_CP064065.1	REP457b	inside
NZ_CP064065.1	REP457d	inside
NZ_CP064065.1	REP2320	outside
NZ_CP064065.1	REP2319d	inside
NZ_CP064065.1	REP2319a	inside
NZ_CP064065.1	REP458b	inside
NZ_CP064065.1	REP2318c	inside
NZ_CP064065.1	REP2318a	inside
NZ_CP064065.1	REP459b	inside
NZ_CP064065.1	REP2317d	inside
NZ_CP064065.1	REP2317b	inside
NZ_CP064065.1	REP460a	outside
NZ_CP064065.1	REP460d	inside
NZ_CP064065.1	REP2316d	inside
NZ_CP064065.1	REP461a	inside
NZ_CP064065.1	REP461b	inside
NZ_CP064065.1	REP461c	inside
NZ_CP064065.1	REP461d	inside
NZ_CP064065.1	REP2315c	inside
NZ_CP064065.1	REP462a	outside
NZ_CP064065.1	REP462d	inside
NZ_CP064065.1	REP2314	outside
NZ_CP064065.1	REP2313d	inside
NZ_CP064065.1	REP2313c	inside
NZ_CP064065.1	REP463a	outside
NZ_CP064065.1	REP2313b	outside
NZ_CP064065.1	REP463c	outside
NZ_CP064065.1	REP463d	inside
NZ_CP064065.1	REP2312	outside
NZ_CP064065.1	REP2310	outside
NZ_CP064065.1	REP464d	outside
NZ_CP064065.1	REP2307b	outside
NZ_CP064065.1	REP2307a	outside
NZ_CP064065.1	REP2306d	outside
NZ_CP064065.1	REP2306c	outside
NZ_CP064065.1	REP2306a	outside
NZ_CP064065.1	REP2304d	inside
NZ_CP064065.1	REP2304c	inside
NZ_CP064065.1	REP2304a	outside
NZ_CP064065.1	REP465c	inside
NZ_CP064065.1	REP2303d	inside
NZ_CP064065.1	REP2303c	inside
NZ_CP064065.1	REP2303b	inside
NZ_CP064065.1	REP466b	inside
NZ_CP064065.1	REP466c	inside
NZ_CP064065.1	REP2302d	inside
NZ_CP064065.1	REP2302b	inside
NZ_CP064065.1	REP2302a	outside
NZ_CP064065.1	REP467b	outside
NZ_CP064065.1	REP467d	inside
NZ_CP064065.1	REP2300c	inside
NZ_CP064065.1	REP2300a	inside
NZ_CP064065.1	REP468a	inside
NZ_CP064065.1	REP468b	inside
NZ_CP064065.1	REP468c	inside
NZ_CP064065.1	REP2299c	inside
NZ_CP064065.1	REP2299b	inside
NZ_CP064065.1	REP469b	inside
NZ_CP064065.1	REP470a	outside
NZ_CP064065.1	REP470b	outside
NZ_CP064065.1	REP470c	outside
NZ_CP064065.1	REP470d	outside
NZ_CP064065.1	REP2298c	inside
NZ_CP064065.1	REP471b	inside
NZ_CP064065.1	REP471c	inside
NZ_CP064065.1	REP471d	inside
NZ_CP064065.1	REP472b	outside
NZ_CP064065.1	REP2297d	inside
NZ_CP064065.1	REP2297c	outside
NZ_CP064065.1	REP2297a	outside
NZ_CP064065.1	REP473c	outside
NZ_CP064065.1	REP473d	inside
NZ_CP064065.1	REP2296d	inside
NZ_CP064065.1	REP2296b	inside
NZ_CP064065.1	REP474a	inside
NZ_CP064065.1	REP474b	inside
NZ_CP064065.1	REP474c	inside
NZ_CP064065.1	REP2295d	inside
NZ_CP064065.1	REP2295c	inside
NZ_CP064065.1	REP2295b	inside
NZ_CP064065.1	REP2295a	inside
NZ_CP064065.1	REP475a	outside
NZ_CP064065.1	REP475b	inside
NZ_CP064065.1	REP2293d	inside
NZ_CP064065.1	REP476a	inside
NZ_CP064065.1	REP476b	inside
NZ_CP064065.1	REP476d	inside
NZ_CP064065.1	REP2292	outside
NZ_CP064065.1	REP2291d	inside
NZ_CP064065.1	REP2291c	inside
NZ_CP064065.1	REP2291b	inside
NZ_CP064065.1	REP2291a	outside
NZ_CP064065.1	REP477c	inside
NZ_CP064065.1	REP477d	inside
NZ_CP064065.1	REP2290d	inside
NZ_CP064065.1	REP2290b	inside
NZ_CP064065.1	REP2290a	inside
NZ_CP064065.1	REP478c	inside
NZ_CP064065.1	REP2289c	inside
NZ_CP064065.1	REP2289a	inside
NZ_CP064065.1	REP479a	inside
NZ_CP064065.1	REP479d	inside
NZ_CP064065.1	REP2288	outside
NZ_CP064065.1	REP2287	outside
NZ_CP064065.1	REP480	outside
NZ_CP064065.1	REP2286a	inside
NZ_CP064065.1	REP481a	inside
NZ_CP064065.1	REP481b	inside
NZ_CP064065.1	REP481d	inside
NZ_CP064065.1	REP482a	outside
NZ_CP064065.1	REP482b	outside
NZ_CP064065.1	REP482c	outside
NZ_CP064065.1	REP482d	outside
NZ_CP064065.1	REP483a	outside
NZ_CP064065.1	REP484a	outside
NZ_CP064065.1	REP485	outside
NZ_CP064065.1	REP486a	outside
NZ_CP064065.1	REP486b	outside
NZ_CP064065.1	REP486c	outside
NZ_CP064065.1	REP2285b	inside
NZ_CP064065.1	REP2285a	inside
NZ_CP064065.1	REP487a	inside
NZ_CP064065.1	REP2284c	outside
NZ_CP064065.1	REP2284b	outside
NZ_CP064065.1	REP2283c	outside
NZ_CP064065.1	REP488c	outside
NZ_CP064065.1	REP489	outside
NZ_CP064065.1	REP2282b	inside
NZ_CP064065.1	REP2282a	inside
NZ_CP064065.1	REP490a	inside
NZ_CP064065.1	REP490b	inside
NZ_CP064065.1	REP490c	inside
NZ_CP064065.1	REP2280	outside
NZ_CP064065.1	REP2279	outside
NZ_CP064065.1	REP2278d	inside
NZ_CP064065.1	REP2278b	inside
NZ_CP064065.1	REP2278a	inside
NZ_CP064065.1	REP491a	inside
NZ_CP064065.1	REP491b	inside
NZ_CP064065.1	REP491d	inside
NZ_CP064065.1	REP492a	outside
NZ_CP064065.1	REP492b	outside
NZ_CP064065.1	REP492c	outside
NZ_CP064065.1	REP494a	outside
NZ_CP064065.1	REP494b	outside
NZ_CP064065.1	REP495a	outside
NZ_CP064065.1	REP495b	outside
NZ_CP064065.1	REP2276d	inside
NZ_CP064065.1	REP2276c	inside
NZ_CP064065.1	REP2276b	inside
NZ_CP064065.1	REP2276a	outside
NZ_CP064065.1	REP496b	inside
NZ_CP064065.1	REP496c	inside
NZ_CP064065.1	REP496d	inside
NZ_CP064065.1	REP497a	outside
NZ_CP064065.1	REP2275d	inside
NZ_CP064065.1	REP2275b	inside
NZ_CP064065.1	REP2275a	inside
NZ_CP064065.1	REP498a	outside
NZ_CP064065.1	REP498d	inside
NZ_CP064065.1	REP2274b	inside
NZ_CP064065.1	REP2274a	inside
NZ_CP064065.1	REP499a	inside
NZ_CP064065.1	REP499c	inside
NZ_CP064065.1	REP2273c	inside
NZ_CP064065.1	REP500a	outside
NZ_CP064065.1	REP500b	inside
NZ_CP064065.1	REP500d	inside
NZ_CP064065.1	REP2272d	inside
NZ_CP064065.1	REP2272b	outside
NZ_CP064065.1	REP501b	inside
NZ_CP064065.1	REP501c	inside
NZ_CP064065.1	REP501d	inside
NZ_CP064065.1	REP2271	outside
NZ_CP064065.1	REP502b	outside
NZ_CP064065.1	REP2270d	inside
NZ_CP064065.1	REP2270c	inside
NZ_CP064065.1	REP503a	outside
NZ_CP064065.1	REP503b	outside
NZ_CP064065.1	REP503c	outside
NZ_CP064065.1	REP503d	inside
NZ_CP064065.1	REP504a	outside
NZ_CP064065.1	REP504b	outside
NZ_CP064065.1	REP2269c	inside
NZ_CP064065.1	REP2269b	inside
NZ_CP064065.1	REP505c	inside
NZ_CP064065.1	REP2268b	outside
NZ_CP064065.1	REP2268a	outside
NZ_CP064065.1	REP506c	outside
NZ_CP064065.1	REP2267d	inside
NZ_CP064065.1	REP2267c	inside
NZ_CP064065.1	REP2267b	inside
NZ_CP064065.1	REP2267a	outside
NZ_CP064065.1	REP507b	outside
NZ_CP064065.1	REP507c	inside
NZ_CP064065.1	REP2265b	inside
NZ_CP064065.1	REP2265a	inside
NZ_CP064065.1	REP508a	inside
NZ_CP064065.1	REP508c	inside
NZ_CP064065.1	REP508d	inside
NZ_CP064065.1	REP2264c	inside
NZ_CP064065.1	REP2264b	inside
NZ_CP064065.1	REP2264a	outside
NZ_CP064065.1	REP509b	inside
NZ_CP064065.1	REP509c	inside
NZ_CP064065.1	REP509d	inside
NZ_CP064065.1	REP2262	inside
NZ_CP064065.1	REP510b	inside
NZ_CP064065.1	REP510c	inside
NZ_CP064065.1	REP2261d	inside
NZ_CP064065.1	REP2261c	inside
NZ_CP064065.1	REP2261a	inside
NZ_CP064065.1	REP511b	inside
NZ_CP064065.1	REP511c	inside
NZ_CP064065.1	REP511d	inside
NZ_CP064065.1	REP2260	outside
NZ_CP064065.1	REP2259	outside
NZ_CP064065.1	REP2258d	outside
NZ_CP064065.1	REP2258b	outside
NZ_CP064065.1	REP2257	outside
NZ_CP064065.1	REP2256b	outside
NZ_CP064065.1	REP2256a	outside
NZ_CP064065.1	REP2255d	outside
NZ_CP064065.1	REP2255c	outside
NZ_CP064065.1	REP2255b	outside
NZ_CP064065.1	REP2255a	outside
NZ_CP064065.1	REP2254d	inside
NZ_CP064065.1	REP2254c	inside
NZ_CP064065.1	REP2254b	inside
NZ_CP064065.1	REP2254a	outside
NZ_CP064065.1	REP513c	inside
NZ_CP064065.1	REP2253c	inside
NZ_CP064065.1	REP2253a	outside
NZ_CP064065.1	REP514b	outside
NZ_CP064065.1	REP514c	inside
NZ_CP064065.1	REP514d	inside
NZ_CP064065.1	REP2252	outside
NZ_CP064065.1	REP2251a	outside
NZ_CP064065.1	REP2250d	inside
NZ_CP064065.1	REP2250c	inside
NZ_CP064065.1	REP515a	inside
NZ_CP064065.1	REP515c	inside
NZ_CP064065.1	REP515d	inside
NZ_CP064065.1	REP2249c	inside
NZ_CP064065.1	REP2249b	inside
NZ_CP064065.1	REP516a	inside
NZ_CP064065.1	REP516b	inside
NZ_CP064065.1	REP516c	inside
NZ_CP064065.1	REP516d	inside
NZ_CP064065.1	REP517a	outside
NZ_CP064065.1	REP517b	inside
NZ_CP064065.1	REP2247d	inside
NZ_CP064065.1	REP2247b	outside
NZ_CP064065.1	REP519c	inside
NZ_CP064065.1	REP519d	inside
NZ_CP064065.1	REP520b	outside
NZ_CP064065.1	REP2245c	inside
NZ_CP064065.1	REP2245b	inside
NZ_CP064065.1	REP521a	inside
NZ_CP064065.1	REP521b	inside
NZ_CP064065.1	REP521c	inside
NZ_CP064065.1	REP521d	inside
NZ_CP064065.1	REP2244	outside
NZ_CP064065.1	REP522a	outside
NZ_CP064065.1	REP2243d	outside
NZ_CP064065.1	REP2243c	inside
NZ_CP064065.1	REP523a	outside
NZ_CP064065.1	REP2242d	outside
NZ_CP064065.1	REP2242b	outside
NZ_CP064065.1	REP2242a	outside
NZ_CP064065.1	REP2241c	outside
NZ_CP064065.1	REP2241b	outside
NZ_CP064065.1	REP524b	outside
NZ_CP064065.1	REP524d	outside
NZ_CP064065.1	REP2240a	outside
NZ_CP064065.1	REP2239	outside
NZ_CP064065.1	REP2238	outside
NZ_CP064065.1	REP2237b	outside
NZ_CP064065.1	REP2236d	outside
NZ_CP064065.1	REP2236c	outside
NZ_CP064065.1	REP2236b	outside
NZ_CP064065.1	REP2236a	outside
NZ_CP064065.1	REP2235	outside
NZ_CP064065.1	REP2234d	inside
NZ_CP064065.1	REP2234a	outside
NZ_CP064065.1	REP525b	inside
NZ_CP064065.1	REP525c	inside
NZ_CP064065.1	REP525d	inside
NZ_CP064065.1	REP526a	outside
NZ_CP064065.1	REP526b	outside
NZ_CP064065.1	REP526c	outside
NZ_CP064065.1	REP526d	outside
NZ_CP064065.1	REP2233d	outside
NZ_CP064065.1	REP2233c	outside
NZ_CP064065.1	REP2233b	outside
NZ_CP064065.1	REP2232b	outside
NZ_CP064065.1	REP2231d	outside
NZ_CP064065.1	REP2231c	outside
NZ_CP064065.1	REP2231b	inside
NZ_CP064065.1	REP2231a	inside
NZ_CP064065.1	REP527c	inside
NZ_CP064065.1	REP528	outside
NZ_CP064065.1	REP2229c	inside
NZ_CP064065.1	REP529b	inside
NZ_CP064065.1	REP529d	inside
NZ_CP064065.1	REP2228	outside
NZ_CP064065.1	REP2227	outside
NZ_CP064065.1	REP2226d	outside
NZ_CP064065.1	REP2226c	outside
NZ_CP064065.1	REP2226b	outside
NZ_CP064065.1	REP2226a	outside
NZ_CP064065.1	REP530	outside
NZ_CP064065.1	REP2225d	inside
NZ_CP064065.1	REP531d	inside
NZ_CP064065.1	REP2223b	outside
NZ_CP064065.1	REP2223a	outside
NZ_CP064065.1	REP2222d	inside
NZ_CP064065.1	REP2222a	inside
NZ_CP064065.1	REP532c	inside
NZ_CP064065.1	REP2221d	outside
NZ_CP064065.1	REP2221b	outside
NZ_CP064065.1	REP2220c	outside
NZ_CP064065.1	REP2220b	outside
NZ_CP064065.1	REP2219c	inside
NZ_CP064065.1	REP2219b	inside
NZ_CP064065.1	REP535a	outside
NZ_CP064065.1	REP535b	outside
NZ_CP064065.1	REP535c	inside
NZ_CP064065.1	REP535d	inside
NZ_CP064065.1	REP2217	outside
NZ_CP064065.1	REP2216b	inside
NZ_CP064065.1	REP536a	inside
NZ_CP064065.1	REP536b	inside
NZ_CP064065.1	REP536c	inside
NZ_CP064065.1	REP2215c	inside
NZ_CP064065.1	REP537a	inside
NZ_CP064065.1	REP537b	inside
NZ_CP064065.1	REP537c	inside
NZ_CP064065.1	REP537d	inside
NZ_CP064065.1	REP2214c	inside
NZ_CP064065.1	REP538b	inside
NZ_CP064065.1	REP538c	inside
NZ_CP064065.1	REP2213d	inside
NZ_CP064065.1	REP2213c	inside
NZ_CP064065.1	REP2213b	inside
NZ_CP064065.1	REP540a	inside
NZ_CP064065.1	REP540c	inside
NZ_CP064065.1	REP540d	inside
NZ_CP064065.1	REP541	outside
NZ_CP064065.1	REP2211a	outside
NZ_CP064065.1	REP543	outside
NZ_CP064065.1	REP2210d	inside
NZ_CP064065.1	REP544b	outside
NZ_CP064065.1	REP2210a	inside
NZ_CP064065.1	REP545a	inside
NZ_CP064065.1	REP545b	inside
NZ_CP064065.1	REP545c	inside
NZ_CP064065.1	REP545d	inside
NZ_CP064065.1	REP2209d	inside
NZ_CP064065.1	REP2209c	inside
NZ_CP064065.1	REP546a	outside
NZ_CP064065.1	REP546b	outside
NZ_CP064065.1	REP546c	inside
NZ_CP064065.1	REP546d	inside
NZ_CP064065.1	REP547a	outside
NZ_CP064065.1	REP2208d	inside
NZ_CP064065.1	REP2208b	inside
NZ_CP064065.1	REP2208a	outside
NZ_CP064065.1	REP548b	inside
NZ_CP064065.1	REP548c	inside
NZ_CP064065.1	REP548d	inside
NZ_CP064065.1	REP2207a	outside
NZ_CP064065.1	REP2206d	inside
NZ_CP064065.1	REP2206c	inside
NZ_CP064065.1	REP2206b	outside
NZ_CP064065.1	REP549d	inside
NZ_CP064065.1	REP550a	outside
NZ_CP064065.1	REP550b	outside
NZ_CP064065.1	REP550d	outside
NZ_CP064065.1	REP551	outside
NZ_CP064065.1	REP2205d	inside
NZ_CP064065.1	REP2205c	inside
NZ_CP064065.1	REP2205b	inside
NZ_CP064065.1	REP2205a	inside
NZ_CP064065.1	REP552d	inside
NZ_CP064065.1	REP553	outside
NZ_CP064065.1	REP554	outside
NZ_CP064065.1	REP555	outside
NZ_CP064065.1	REP2204a	outside
NZ_CP064065.1	REP556b	inside
NZ_CP064065.1	REP556c	inside
NZ_CP064065.1	REP556d	inside
NZ_CP064065.1	REP2203c	inside
NZ_CP064065.1	REP2203b	inside
NZ_CP064065.1	REP2203a	outside
NZ_CP064065.1	REP557b	inside
NZ_CP064065.1	REP557c	inside
NZ_CP064065.1	REP2202	outside
NZ_CP064065.1	REP2201d	inside
NZ_CP064065.1	REP2201c	inside
NZ_CP064065.1	REP558a	inside
NZ_CP064065.1	REP558b	inside
NZ_CP064065.1	REP558c	inside
NZ_CP064065.1	REP2197d	outside
NZ_CP064065.1	REP559b	outside
NZ_CP064065.1	REP2197b	outside
NZ_CP064065.1	REP2196d	inside
NZ_CP064065.1	REP2196c	inside
NZ_CP064065.1	REP2196b	inside
NZ_CP064065.1	REP2196a	outside
NZ_CP064065.1	REP560b	inside
NZ_CP064065.1	REP560d	inside
NZ_CP064065.1	REP2195	outside
NZ_CP064065.1	REP561b	outside
NZ_CP064065.1	REP562	outside
NZ_CP064065.1	REP563a	outside
NZ_CP064065.1	REP2194d	outside
NZ_CP064065.1	REP563b	outside
NZ_CP064065.1	REP563c	outside
NZ_CP064065.1	REP2194b	outside
NZ_CP064065.1	REP2193c	outside
NZ_CP064065.1	REP2193b	outside
NZ_CP064065.1	REP2193a	outside
NZ_CP064065.1	REP2192d	inside
NZ_CP064065.1	REP2192c	inside
NZ_CP064065.1	REP564a	inside
NZ_CP064065.1	REP564b	inside
NZ_CP064065.1	REP564c	outside
NZ_CP064065.1	REP2191d	inside
NZ_CP064065.1	REP2191c	inside
NZ_CP064065.1	REP2191a	outside
NZ_CP064065.1	REP565b	inside
NZ_CP064065.1	REP565c	inside
NZ_CP064065.1	REP2190d	outside
NZ_CP064065.1	REP2190b	outside
NZ_CP064065.1	REP2190a	outside
NZ_CP064065.1	REP2189c	inside
NZ_CP064065.1	REP2189b	inside
NZ_CP064065.1	REP2189a	outside
NZ_CP064065.1	REP566a	inside
NZ_CP064065.1	REP566b	inside
NZ_CP064065.1	REP566d	inside
NZ_CP064065.1	REP567a	outside
NZ_CP064065.1	REP2188b	inside
NZ_CP064065.1	REP568b	inside
NZ_CP064065.1	REP568c	inside
NZ_CP064065.1	REP568d	inside
NZ_CP064065.1	REP2187d	inside
NZ_CP064065.1	REP569a	inside
NZ_CP064065.1	REP569b	inside
NZ_CP064065.1	REP2186	outside
NZ_CP064065.1	REP2185d	inside
NZ_CP064065.1	REP2185b	inside
NZ_CP064065.1	REP2185a	inside
NZ_CP064065.1	REP570a	inside
NZ_CP064065.1	REP570b	inside
NZ_CP064065.1	REP570c	inside
NZ_CP064065.1	REP570d	inside
NZ_CP064065.1	REP2184a	outside
NZ_CP064065.1	REP571	outside
NZ_CP064065.1	REP2183d	inside
NZ_CP064065.1	REP2183c	inside
NZ_CP064065.1	REP2183a	inside
NZ_CP064065.1	REP572a	inside
NZ_CP064065.1	REP572c	inside
NZ_CP064065.1	REP572d	inside
NZ_CP064065.1	REP2182c	inside
NZ_CP064065.1	REP573b	inside
NZ_CP064065.1	REP2181	outside
NZ_CP064065.1	REP2180	outside
NZ_CP064065.1	REP574a	outside
NZ_CP064065.1	REP574b	outside
NZ_CP064065.1	REP2179a	inside
NZ_CP064065.1	REP575d	inside
NZ_CP064065.1	REP576a	inside
NZ_CP064065.1	REP576b	inside
NZ_CP064065.1	REP2177d	outside
NZ_CP064065.1	REP2177c	outside
NZ_CP064065.1	REP2177b	outside
NZ_CP064065.1	REP2177a	outside
NZ_CP064065.1	REP2176d	inside
NZ_CP064065.1	REP2176b	inside
NZ_CP064065.1	REP577a	inside
NZ_CP064065.1	REP577c	inside
NZ_CP064065.1	REP2175d	inside
NZ_CP064065.1	REP2175c	outside
NZ_CP064065.1	REP2175b	outside
NZ_CP064065.1	REP578d	inside
NZ_CP064065.1	REP2174d	outside
NZ_CP064065.1	REP2174b	outside
NZ_CP064065.1	REP2174c	outside
NZ_CP064065.1	REP2174a	outside
NZ_CP064065.1	REP2173b	inside
NZ_CP064065.1	REP579d	inside
NZ_CP064065.1	REP2172d	inside
NZ_CP064065.1	REP2172a	inside
NZ_CP064065.1	REP580a	inside
NZ_CP064065.1	REP580b	inside
NZ_CP064065.1	REP580c	inside
NZ_CP064065.1	REP581	outside
NZ_CP064065.1	REP2171d	inside
NZ_CP064065.1	REP2171c	inside
NZ_CP064065.1	REP2171a	inside
NZ_CP064065.1	REP582a	inside
NZ_CP064065.1	REP582d	inside
NZ_CP064065.1	REP583a	outside
NZ_CP064065.1	REP583b	outside
NZ_CP064065.1	REP583d	inside
NZ_CP064065.1	REP2169d	inside
NZ_CP064065.1	REP2169c	inside
NZ_CP064065.1	REP2169b	inside
NZ_CP064065.1	REP2169a	inside
NZ_CP064065.1	REP584a	inside
NZ_CP064065.1	REP584c	inside
NZ_CP064065.1	REP584d	inside
NZ_CP064065.1	REP585	outside
NZ_CP064065.1	REP2168c	inside
NZ_CP064065.1	REP2168b	inside
NZ_CP064065.1	REP2168a	outside
NZ_CP064065.1	REP586b	outside
NZ_CP064065.1	REP586c	inside
NZ_CP064065.1	REP587a	outside
NZ_CP064065.1	REP587b	outside
NZ_CP064065.1	REP2167d	inside
NZ_CP064065.1	REP2167c	inside
NZ_CP064065.1	REP2167b	inside
NZ_CP064065.1	REP588a	outside
NZ_CP064065.1	REP588b	inside
NZ_CP064065.1	REP588d	inside
NZ_CP064065.1	REP2166c	inside
NZ_CP064065.1	REP2166a	inside
NZ_CP064065.1	REP589a	inside
NZ_CP064065.1	REP2165b	outside
NZ_CP064065.1	REP2165a	outside
NZ_CP064065.1	REP2164c	outside
NZ_CP064065.1	REP2164b	outside
NZ_CP064065.1	REP2164a	outside
NZ_CP064065.1	REP2163d	outside
NZ_CP064065.1	REP590	outside
NZ_CP064065.1	REP591a	outside
NZ_CP064065.1	REP591b	outside
NZ_CP064065.1	REP592	outside
NZ_CP064065.1	REP593a	outside
NZ_CP064065.1	REP2162d	inside
NZ_CP064065.1	REP2162b	inside
NZ_CP064065.1	REP2162a	inside
NZ_CP064065.1	REP594b	inside
NZ_CP064065.1	REP2161d	inside
NZ_CP064065.1	REP2161c	inside
NZ_CP064065.1	REP2161b	inside
NZ_CP064065.1	REP2161a	inside
NZ_CP064065.1	REP595a	inside
NZ_CP064065.1	REP595c	inside
NZ_CP064065.1	REP2160d	inside
NZ_CP064065.1	REP2160c	inside
NZ_CP064065.1	REP596a	inside
NZ_CP064065.1	REP2159b	outside
NZ_CP064065.1	REP2159a	outside
NZ_CP064065.1	REP2158	outside
NZ_CP064065.1	REP2157c	inside
NZ_CP064065.1	REP2157b	inside
NZ_CP064065.1	REP2157a	inside
NZ_CP064065.1	REP597b	outside
NZ_CP064065.1	REP2156b	outside
NZ_CP064065.1	REP598a	outside
NZ_CP064065.1	REP598b	outside
NZ_CP064065.1	REP598c	outside
NZ_CP064065.1	REP598d	outside
NZ_CP064065.1	REP2155a	outside
NZ_CP064065.1	REP2154c	outside
NZ_CP064065.1	REP2153c	outside
NZ_CP064065.1	REP2153b	outside
NZ_CP064065.1	REP2152	outside
NZ_CP064065.1	REP599a	outside
NZ_CP064065.1	REP599b	outside
NZ_CP064065.1	REP600	outside
NZ_CP064065.1	REP2151c	inside
NZ_CP064065.1	REP2151a	outside
NZ_CP064065.1	REP601b	outside
NZ_CP064065.1	REP601d	inside
NZ_CP064065.1	REP2150	outside
NZ_CP064065.1	REP2149c	inside
NZ_CP064065.1	REP2149b	inside
NZ_CP064065.1	REP2149a	inside
NZ_CP064065.1	REP602a	outside
NZ_CP064065.1	REP602b	inside
NZ_CP064065.1	REP602c	inside
NZ_CP064065.1	REP2148d	inside
NZ_CP064065.1	REP603b	inside
NZ_CP064065.1	REP603c	inside
NZ_CP064065.1	REP603d	inside
NZ_CP064065.1	REP604a	outside
NZ_CP064065.1	REP604b	outside
NZ_CP064065.1	REP604d	outside
NZ_CP064065.1	REP2146c	outside
NZ_CP064065.1	REP2146b	outside
NZ_CP064065.1	REP2146a	outside
NZ_CP064065.1	REP2145c	outside
NZ_CP064065.1	REP2145b	outside
NZ_CP064065.1	REP2144b	outside
NZ_CP064065.1	REP2144a	outside
NZ_CP064065.1	REP2143c	inside
NZ_CP064065.1	REP606b	inside
NZ_CP064065.1	REP606d	inside
NZ_CP064065.1	REP607	outside
NZ_CP064065.1	REP2142c	inside
NZ_CP064065.1	REP2142b	inside
NZ_CP064065.1	REP2142a	outside
NZ_CP064065.1	REP608b	outside
NZ_CP064065.1	REP608d	inside
NZ_CP064065.1	REP2141a	inside
NZ_CP064065.1	REP609a	outside
NZ_CP064065.1	REP609c	inside
NZ_CP064065.1	REP609d	inside
NZ_CP064065.1	REP610a	outside
NZ_CP064065.1	REP610b	outside
NZ_CP064065.1	REP2140d	inside
NZ_CP064065.1	REP611b	inside
NZ_CP064065.1	REP611c	inside
NZ_CP064065.1	REP2138d	inside
NZ_CP064065.1	REP2138c	inside
NZ_CP064065.1	REP2138b	inside
NZ_CP064065.1	REP612b	inside
NZ_CP064065.1	REP612c	inside
NZ_CP064065.1	REP2137b	outside
NZ_CP064065.1	REP2137a	outside
NZ_CP064065.1	REP2136	outside
NZ_CP064065.1	REP613b	inside
NZ_CP064065.1	REP613c	inside
NZ_CP064065.1	REP613d	inside
NZ_CP064065.1	REP2133c	inside
NZ_CP064065.1	REP2133b	inside
NZ_CP064065.1	REP2133a	inside
NZ_CP064065.1	REP614a	inside
NZ_CP064065.1	REP614b	outside
NZ_CP064065.1	REP614c	outside
NZ_CP064065.1	REP2132d	inside
NZ_CP064065.1	REP2132b	inside
NZ_CP064065.1	REP615a	inside
NZ_CP064065.1	REP615b	inside
NZ_CP064065.1	REP616d	inside
NZ_CP064065.1	REP617	outside
NZ_CP064065.1	REP2129d	inside
NZ_CP064065.1	REP2129c	inside
NZ_CP064065.1	REP2129b	inside
NZ_CP064065.1	REP2129a	inside
NZ_CP064065.1	REP618a	inside
NZ_CP064065.1	REP618b	inside
NZ_CP064065.1	REP618c	inside
NZ_CP064065.1	REP2128	outside
NZ_CP064065.1	REP619	outside
NZ_CP064065.1	REP620b	outside
NZ_CP064065.1	REP621	outside
NZ_CP064065.1	REP622b	outside
NZ_CP064065.1	REP622c	outside
NZ_CP064065.1	REP623	outside
NZ_CP064065.1	REP2127d	inside
NZ_CP064065.1	REP624a	outside
NZ_CP064065.1	REP624b	inside
NZ_CP064065.1	REP2126d	inside
NZ_CP064065.1	REP2126c	inside
NZ_CP064065.1	REP625a	outside
NZ_CP064065.1	REP625d	inside
NZ_CP064065.1	REP2125b	outside
NZ_CP064065.1	REP2124	outside
NZ_CP064065.1	REP2123	outside
NZ_CP064065.1	REP2122d	inside
NZ_CP064065.1	REP2122b	inside
NZ_CP064065.1	REP2122a	inside
NZ_CP064065.1	REP626a	outside
NZ_CP064065.1	REP626d	inside
NZ_CP064065.1	REP2121d	inside
NZ_CP064065.1	REP2121b	inside
NZ_CP064065.1	REP627a	outside
NZ_CP064065.1	REP627c	inside
NZ_CP064065.1	REP2120d	outside
NZ_CP064065.1	REP2120c	outside
NZ_CP064065.1	REP2120b	outside
NZ_CP064065.1	REP628d	outside
NZ_CP064065.1	REP2119b	inside
NZ_CP064065.1	REP629a	outside
NZ_CP064065.1	REP629b	outside
NZ_CP064065.1	REP629d	inside
NZ_CP064065.1	REP630a	outside
NZ_CP064065.1	REP630b	outside
NZ_CP064065.1	REP2117d	inside
NZ_CP064065.1	REP2117c	inside
NZ_CP064065.1	REP2117b	inside
NZ_CP064065.1	REP2117a	inside
NZ_CP064065.1	REP631a	inside
NZ_CP064065.1	REP631c	inside
NZ_CP064065.1	REP631d	inside
NZ_CP064065.1	REP2116c	outside
NZ_CP064065.1	REP2116b	outside
NZ_CP064065.1	REP632	outside
NZ_CP064065.1	REP633a	outside
NZ_CP064065.1	REP633b	outside
NZ_CP064065.1	REP2115d	inside
NZ_CP064065.1	REP2115c	inside
NZ_CP064065.1	REP634a	outside
NZ_CP064065.1	REP634c	inside
NZ_CP064065.1	REP634d	inside
NZ_CP064065.1	REP2114d	inside
NZ_CP064065.1	REP2114c	inside
NZ_CP064065.1	REP2114b	inside
NZ_CP064065.1	REP635b	outside
NZ_CP064065.1	REP2113	outside
NZ_CP064065.1	REP2112b	inside
NZ_CP064065.1	REP636a	inside
NZ_CP064065.1	REP636b	inside
NZ_CP064065.1	REP636d	inside
NZ_CP064065.1	REP2111	outside
NZ_CP064065.1	REP2110c	outside
NZ_CP064065.1	REP2110b	outside
NZ_CP064065.1	REP637d	outside
NZ_CP064065.1	REP2110a	outside
NZ_CP064065.1	REP2109d	outside
NZ_CP064065.1	REP2109b	outside
NZ_CP064065.1	REP2108	outside
NZ_CP064065.1	REP2107	outside
NZ_CP064065.1	REP2106c	outside
NZ_CP064065.1	REP638a	outside
NZ_CP064065.1	REP638c	inside
NZ_CP064065.1	REP638d	inside
NZ_CP064065.1	REP2105	outside
NZ_CP064065.1	REP639a	outside
NZ_CP064065.1	REP2104c	outside
NZ_CP064065.1	REP2104b	outside
NZ_CP064065.1	REP2104a	outside
NZ_CP064065.1	REP640	outside
NZ_CP064065.1	REP2103d	inside
NZ_CP064065.1	REP2103c	inside
NZ_CP064065.1	REP2103b	outside
NZ_CP064065.1	REP641c	inside
NZ_CP064065.1	REP641d	inside
NZ_CP064065.1	REP2102d	inside
NZ_CP064065.1	REP642a	inside
NZ_CP064065.1	REP642b	inside
NZ_CP064065.1	REP642c	inside
NZ_CP064065.1	REP643	outside
NZ_CP064065.1	REP644a	outside
NZ_CP064065.1	REP644b	outside
NZ_CP064065.1	REP2101d	outside
NZ_CP064065.1	REP644d	outside
NZ_CP064065.1	REP2101b	outside
NZ_CP064065.1	REP2101a	outside
NZ_CP064065.1	REP2100	outside
NZ_CP064065.1	REP2099	outside
NZ_CP064065.1	REP645	outside
NZ_CP064065.1	REP2098a	inside
NZ_CP064065.1	REP646a	inside
NZ_CP064065.1	REP646b	inside
NZ_CP064065.1	REP646d	inside
NZ_CP064065.1	REP2097d	inside
NZ_CP064065.1	REP2097c	inside
NZ_CP064065.1	REP647d	inside
NZ_CP064065.1	REP2095d	inside
NZ_CP064065.1	REP2095c	inside
NZ_CP064065.1	REP2095a	outside
NZ_CP064065.1	REP648d	inside
NZ_CP064065.1	REP2094b	outside
NZ_CP064065.1	REP2094a	outside
NZ_CP064065.1	REP2093	outside
NZ_CP064065.1	REP2091d	outside
NZ_CP064065.1	REP2091c	outside
NZ_CP064065.1	REP649c	outside
NZ_CP064065.1	REP2090b	inside
NZ_CP064065.1	REP650a	inside
NZ_CP064065.1	REP650c	inside
NZ_CP064065.1	REP650d	inside
NZ_CP064065.1	REP2089d	inside
NZ_CP064065.1	REP2089c	inside
NZ_CP064065.1	REP2089b	inside
NZ_CP064065.1	REP651a	outside
NZ_CP064065.1	REP651b	inside
NZ_CP064065.1	REP651d	inside
NZ_CP064065.1	REP2088	outside
NZ_CP064065.1	REP2087c	outside
NZ_CP064065.1	REP652b	outside
NZ_CP064065.1	REP652d	inside
NZ_CP064065.1	REP2086d	outside
NZ_CP064065.1	REP653b	outside
NZ_CP064065.1	REP653d	outside
NZ_CP064065.1	REP2085d	inside
NZ_CP064065.1	REP2085c	inside
NZ_CP064065.1	REP2085b	inside
NZ_CP064065.1	REP654b	outside
NZ_CP064065.1	REP654c	inside
NZ_CP064065.1	REP655a	outside
NZ_CP064065.1	REP656	outside
NZ_CP064065.1	REP2084d	inside
NZ_CP064065.1	REP2084c	inside
NZ_CP064065.1	REP2084b	inside
NZ_CP064065.1	REP2084a	outside
NZ_CP064065.1	REP2083d	inside
NZ_CP064065.1	REP2083c	inside
NZ_CP064065.1	REP2083a	outside
NZ_CP064065.1	REP659d	inside
NZ_CP064065.1	REP660	outside
NZ_CP064065.1	REP2082d	outside
NZ_CP064065.1	REP2082c	outside
NZ_CP064065.1	REP2082b	outside
NZ_CP064065.1	REP2082a	outside
NZ_CP064065.1	REP2081c	outside
NZ_CP064065.1	REP2081b	outside
NZ_CP064065.1	REP2081a	outside
NZ_CP064065.1	REP2080d	inside
NZ_CP064065.1	REP2080c	inside
NZ_CP064065.1	REP2080b	inside
NZ_CP064065.1	REP662a	inside
NZ_CP064065.1	REP662c	inside
NZ_CP064065.1	REP662d	inside
NZ_CP064065.1	REP2079c	outside
NZ_CP064065.1	REP2079b	outside
NZ_CP064065.1	REP2079a	outside
NZ_CP064065.1	REP2078d	inside
NZ_CP064065.1	REP2078b	inside
NZ_CP064065.1	REP663a	outside
NZ_CP064065.1	REP663b	inside
NZ_CP064065.1	REP663c	inside
NZ_CP064065.1	REP663d	inside
NZ_CP064065.1	REP2077	outside
NZ_CP064065.1	REP2076d	inside
NZ_CP064065.1	REP2076c	inside
NZ_CP064065.1	REP2076a	inside
NZ_CP064065.1	REP664a	inside
NZ_CP064065.1	REP664b	inside
NZ_CP064065.1	REP665	outside
NZ_CP064065.1	REP666c	outside
NZ_CP064065.1	REP2075d	inside
NZ_CP064065.1	REP667a	outside
NZ_CP064065.1	REP667b	inside
NZ_CP064065.1	REP667c	inside
NZ_CP064065.1	REP667d	inside
NZ_CP064065.1	REP2074b	outside
NZ_CP064065.1	REP2073b	outside
NZ_CP064065.1	REP2072c	inside
NZ_CP064065.1	REP2072b	inside
NZ_CP064065.1	REP668c	inside
NZ_CP064065.1	REP668d	inside
NZ_CP064065.1	REP2071a	outside
NZ_CP064065.1	REP2070a	outside
NZ_CP064065.1	REP2069d	inside
NZ_CP064065.1	REP2069c	inside
NZ_CP064065.1	REP2069b	inside
NZ_CP064065.1	REP669a	inside
NZ_CP064065.1	REP669c	inside
NZ_CP064065.1	REP669d	inside
NZ_CP064065.1	REP2068	outside
NZ_CP064065.1	REP2067b	outside
NZ_CP064065.1	REP2067a	outside
NZ_CP064065.1	REP2066c	inside
NZ_CP064065.1	REP2066b	inside
NZ_CP064065.1	REP2066a	inside
NZ_CP064065.1	REP671b	inside
NZ_CP064065.1	REP673b	outside
NZ_CP064065.1	REP674a	outside
NZ_CP064065.1	REP676	outside
NZ_CP064065.1	REP2065c	inside
NZ_CP064065.1	REP2065b	inside
NZ_CP064065.1	REP677b	inside
NZ_CP064065.1	REP677d	inside
NZ_CP064065.1	REP678c	outside
NZ_CP064065.1	REP2063d	outside
NZ_CP064065.1	REP2063b	outside
NZ_CP064065.1	REP2062	outside
NZ_CP064065.1	REP2061d	inside
NZ_CP064065.1	REP2061c	inside
NZ_CP064065.1	REP679a	inside
NZ_CP064065.1	REP679b	inside
NZ_CP064065.1	REP679c	inside
NZ_CP064065.1	REP2060d	inside
NZ_CP064065.1	REP2060b	inside
NZ_CP064065.1	REP2060a	inside
NZ_CP064065.1	REP680c	inside
NZ_CP064065.1	REP680d	inside
NZ_CP064065.1	REP2059b	outside
NZ_CP064065.1	REP2059a	outside
NZ_CP064065.1	REP2057c	inside
NZ_CP064065.1	REP2057b	inside
NZ_CP064065.1	REP2057a	outside
NZ_CP064065.1	REP681a	outside
NZ_CP064065.1	REP681b	inside
NZ_CP064065.1	REP681c	inside
NZ_CP064065.1	REP682a	outside
NZ_CP064065.1	REP682b	outside
NZ_CP064065.1	REP2056d	inside
NZ_CP064065.1	REP2056c	inside
NZ_CP064065.1	REP2056a	outside
NZ_CP064065.1	REP683b	inside
NZ_CP064065.1	REP683c	inside
NZ_CP064065.1	REP684	outside
NZ_CP064065.1	REP2055d	inside
NZ_CP064065.1	REP685c	inside
NZ_CP064065.1	REP685d	inside
NZ_CP064065.1	REP2054b	outside
NZ_CP064065.1	REP2054a	outside
NZ_CP064065.1	REP686a	outside
NZ_CP064065.1	REP686b	outside
NZ_CP064065.1	REP687a	outside
NZ_CP064065.1	REP687b	outside
NZ_CP064065.1	REP687c	outside
NZ_CP064065.1	REP687d	outside
NZ_CP064065.1	REP2053c	inside
NZ_CP064065.1	REP2053b	inside
NZ_CP064065.1	REP689a	outside
NZ_CP064065.1	REP689b	inside
NZ_CP064065.1	REP689c	inside
NZ_CP064065.1	REP689d	inside
NZ_CP064065.1	REP2052b	outside
NZ_CP064065.1	REP2051c	inside
NZ_CP064065.1	REP2051b	inside
NZ_CP064065.1	REP2051a	inside
NZ_CP064065.1	REP690b	inside
NZ_CP064065.1	REP690c	inside
NZ_CP064065.1	REP690d	inside
NZ_CP064065.1	REP2050c	inside
NZ_CP064065.1	REP2050a	inside
NZ_CP064065.1	REP691a	inside
NZ_CP064065.1	REP691b	inside
NZ_CP064065.1	REP692a	outside
NZ_CP064065.1	REP692c	outside
NZ_CP064065.1	REP2049c	inside
NZ_CP064065.1	REP2049b	inside
NZ_CP064065.1	REP693a	inside
NZ_CP064065.1	REP693b	inside
NZ_CP064065.1	REP2048	outside
NZ_CP064065.1	REP2047b	inside
NZ_CP064065.1	REP2047a	outside
NZ_CP064065.1	REP694c	inside
NZ_CP064065.1	REP694d	inside
NZ_CP064065.1	REP2046d	inside
NZ_CP064065.1	REP2046b	inside
NZ_CP064065.1	REP695a	outside
NZ_CP064065.1	REP695b	outside
NZ_CP064065.1	REP695c	inside
NZ_CP064065.1	REP695d	inside
NZ_CP064065.1	REP2045	outside
NZ_CP064065.1	REP2043d	outside
NZ_CP064065.1	REP2043a	outside
NZ_CP064065.1	REP2042b	inside
NZ_CP064065.1	REP696b	inside
NZ_CP064065.1	REP2041b	outside
NZ_CP064065.1	REP2041a	outside
NZ_CP064065.1	REP2040d	inside
NZ_CP064065.1	REP2040c	inside
NZ_CP064065.1	REP2040b	inside
NZ_CP064065.1	REP2040a	outside
NZ_CP064065.1	REP697a	outside
NZ_CP064065.1	REP697b	inside
NZ_CP064065.1	REP697d	inside
NZ_CP064065.1	REP2039	outside
NZ_CP064065.1	REP2038c	inside
NZ_CP064065.1	REP2038b	inside
NZ_CP064065.1	REP2038a	inside
NZ_CP064065.1	REP698a	inside
NZ_CP064065.1	REP698d	inside
NZ_CP064065.1	REP699	outside
NZ_CP064065.1	REP2037d	inside
NZ_CP064065.1	REP2037c	inside
NZ_CP064065.1	REP2037b	inside
NZ_CP064065.1	REP2037a	outside
NZ_CP064065.1	REP700c	inside
NZ_CP064065.1	REP700d	inside
NZ_CP064065.1	REP701	outside
NZ_CP064065.1	REP2036d	inside
NZ_CP064065.1	REP2036c	inside
NZ_CP064065.1	REP2036b	inside
NZ_CP064065.1	REP2036a	outside
NZ_CP064065.1	REP703b	outside
NZ_CP064065.1	REP703c	outside
NZ_CP064065.1	REP704a	outside
NZ_CP064065.1	REP704b	outside
NZ_CP064065.1	REP2035d	inside
NZ_CP064065.1	REP2035c	inside
NZ_CP064065.1	REP2035b	inside
NZ_CP064065.1	REP2035a	inside
NZ_CP064065.1	REP705a	inside
NZ_CP064065.1	REP705b	inside
NZ_CP064065.1	REP705d	inside
NZ_CP064065.1	REP706a	outside
NZ_CP064065.1	REP706b	outside
NZ_CP064065.1	REP706c	inside
NZ_CP064065.1	REP706d	inside
NZ_CP064065.1	REP2032d	inside
NZ_CP064065.1	REP2032b	inside
NZ_CP064065.1	REP2032a	inside
NZ_CP064065.1	REP707b	inside
NZ_CP064065.1	REP707c	inside
NZ_CP064065.1	REP707d	inside
NZ_CP064065.1	REP2031	outside
NZ_CP064065.1	REP2029	outside
NZ_CP064065.1	REP2028d	inside
NZ_CP064065.1	REP2028b	inside
NZ_CP064065.1	REP2028a	outside
NZ_CP064065.1	REP708d	inside
NZ_CP064065.1	REP2027c	inside
NZ_CP064065.1	REP2027b	outside
NZ_CP064065.1	REP2027a	outside
NZ_CP064065.1	REP709b	inside
NZ_CP064065.1	REP709c	inside
NZ_CP064065.1	REP709d	inside
NZ_CP064065.1	REP710a	outside
NZ_CP064065.1	REP710b	outside
NZ_CP064065.1	REP710d	outside
NZ_CP064065.1	REP711a	outside
NZ_CP064065.1	REP711b	outside
NZ_CP064065.1	REP711d	outside
NZ_CP064065.1	REP712a	outside
NZ_CP064065.1	REP712b	outside
NZ_CP064065.1	REP2026d	inside
NZ_CP064065.1	REP2026b	inside
NZ_CP064065.1	REP2026a	inside
NZ_CP064065.1	REP713a	inside
NZ_CP064065.1	REP713c	outside
NZ_CP064065.1	REP714a	outside
NZ_CP064065.1	REP714d	outside
NZ_CP064065.1	REP715	outside
NZ_CP064065.1	REP2024d	inside
NZ_CP064065.1	REP2024c	inside
NZ_CP064065.1	REP2024a	inside
NZ_CP064065.1	REP716a	inside
NZ_CP064065.1	REP716c	inside
NZ_CP064065.1	REP716d	inside
NZ_CP064065.1	REP2023a	outside
NZ_CP064065.1	REP2022b	outside
NZ_CP064065.1	REP2022a	outside
NZ_CP064065.1	REP2021a	outside
NZ_CP064065.1	REP2020d	inside
NZ_CP064065.1	REP2020c	inside
NZ_CP064065.1	REP717a	outside
NZ_CP064065.1	REP717b	outside
NZ_CP064065.1	REP717c	inside
NZ_CP064065.1	REP2019d	inside
NZ_CP064065.1	REP2019b	inside
NZ_CP064065.1	REP718a	inside
NZ_CP064065.1	REP718c	inside
NZ_CP064065.1	REP2018b	outside
NZ_CP064065.1	REP2018a	outside
NZ_CP064065.1	REP2017d	inside
NZ_CP064065.1	REP2017c	inside
NZ_CP064065.1	REP2017b	inside
NZ_CP064065.1	REP2017a	inside
NZ_CP064065.1	REP719b	inside
NZ_CP064065.1	REP719c	inside
NZ_CP064065.1	REP2016d	inside
NZ_CP064065.1	REP2016a	outside
NZ_CP064065.1	REP720b	inside
NZ_CP064065.1	REP721a	inside
NZ_CP064065.1	REP721b	inside
NZ_CP064065.1	REP721c	inside
NZ_CP064065.1	REP2014c	inside
NZ_CP064065.1	REP2014b	inside
NZ_CP064065.1	REP2014a	outside
NZ_CP064065.1	REP722b	inside
NZ_CP064065.1	REP722c	inside
NZ_CP064065.1	REP722d	outside
NZ_CP064065.1	REP2012d	inside
NZ_CP064065.1	REP2012c	inside
NZ_CP064065.1	REP2012a	inside
NZ_CP064065.1	REP723a	inside
NZ_CP064065.1	REP723b	inside
NZ_CP064065.1	REP723c	inside
NZ_CP064065.1	REP723d	inside
NZ_CP064065.1	REP2011	outside
NZ_CP064065.1	REP2010d	inside
NZ_CP064065.1	REP2010c	inside
NZ_CP064065.1	REP724c	inside
NZ_CP064065.1	REP724d	inside
NZ_CP064065.1	REP2009d	outside
NZ_CP064065.1	REP2009c	outside
NZ_CP064065.1	REP2009b	outside
NZ_CP064065.1	REP2009a	outside
NZ_CP064065.1	REP725a	outside
NZ_CP064065.1	REP726b	outside
NZ_CP064065.1	REP2008c	inside
NZ_CP064065.1	REP2008b	inside
NZ_CP064065.1	REP727b	inside
NZ_CP064065.1	REP727c	inside
NZ_CP064065.1	REP2007d	inside
NZ_CP064065.1	REP2007c	inside
NZ_CP064065.1	REP2007b	inside
NZ_CP064065.1	REP2007a	inside
NZ_CP064065.1	REP728b	inside
NZ_CP064065.1	REP2005	outside
NZ_CP064065.1	REP2004	outside
NZ_CP064065.1	REP2003d	inside
NZ_CP064065.1	REP2003c	inside
NZ_CP064065.1	REP2003a	outside
NZ_CP064065.1	REP730b	outside
NZ_CP064065.1	REP730d	inside
NZ_CP064065.1	REP2002d	inside
NZ_CP064065.1	REP2002c	outside
NZ_CP064065.1	REP2002b	outside
NZ_CP064065.1	REP731c	outside
NZ_CP064065.1	REP731d	inside
NZ_CP064065.1	REP2000d	inside
NZ_CP064065.1	REP2000b	inside
NZ_CP064065.1	REP2000a	outside
NZ_CP064065.1	REP732d	inside
NZ_CP064065.1	REP1999	outside
NZ_CP064065.1	REP733b	outside
NZ_CP064065.1	REP1998c	outside
NZ_CP064065.1	REP1997	outside
NZ_CP064065.1	REP734a	outside
NZ_CP064065.1	REP1996c	inside
NZ_CP064065.1	REP1996b	inside
NZ_CP064065.1	REP735d	inside
NZ_CP064065.1	REP736	outside
NZ_CP064065.1	REP737a	outside
NZ_CP064065.1	REP737b	outside
NZ_CP064065.1	REP738	outside
NZ_CP064065.1	REP1995d	inside
NZ_CP064065.1	REP1995a	inside
NZ_CP064065.1	REP739a	inside
NZ_CP064065.1	REP739d	inside
NZ_CP064065.1	REP1994c	inside
NZ_CP064065.1	REP1994b	inside
NZ_CP064065.1	REP1994a	inside
NZ_CP064065.1	REP740a	inside
NZ_CP064065.1	REP740b	inside
NZ_CP064065.1	REP740c	inside
NZ_CP064065.1	REP740d	inside
NZ_CP064065.1	REP741a	outside
NZ_CP064065.1	REP741c	outside
NZ_CP064065.1	REP743b	outside
NZ_CP064065.1	REP1993d	inside
NZ_CP064065.1	REP1993c	inside
NZ_CP064065.1	REP1993a	outside
NZ_CP064065.1	REP744b	inside
NZ_CP064065.1	REP744c	inside
NZ_CP064065.1	REP744d	inside
NZ_CP064065.1	REP1992b	outside
NZ_CP064065.1	REP1992a	outside
NZ_CP064065.1	REP1991	outside
NZ_CP064065.1	REP745a	outside
NZ_CP064065.1	REP745c	outside
NZ_CP064065.1	REP1990d	inside
NZ_CP064065.1	REP1990c	inside
NZ_CP064065.1	REP1990b	inside
NZ_CP064065.1	REP1990a	outside
NZ_CP064065.1	REP746a	inside
NZ_CP064065.1	REP746b	inside
NZ_CP064065.1	REP746c	inside
NZ_CP064065.1	REP746d	inside
NZ_CP064065.1	REP1989b	outside
NZ_CP064065.1	REP747c	inside
NZ_CP064065.1	REP747d	inside
NZ_CP064065.1	REP1988d	inside
NZ_CP064065.1	REP1988c	inside
NZ_CP064065.1	REP748a	inside
NZ_CP064065.1	REP748c	inside
NZ_CP064065.1	REP748d	inside
NZ_CP064065.1	REP1987c	inside
NZ_CP064065.1	REP1987b	inside
NZ_CP064065.1	REP749a	inside
NZ_CP064065.1	REP750	outside
NZ_CP064065.1	REP1986c	inside
NZ_CP064065.1	REP1986b	inside
NZ_CP064065.1	REP1986a	outside
NZ_CP064065.1	REP751b	inside
NZ_CP064065.1	REP751d	outside
NZ_CP064065.1	REP1985d	inside
NZ_CP064065.1	REP1985c	inside
NZ_CP064065.1	REP1985a	inside
NZ_CP064065.1	REP752a	outside
NZ_CP064065.1	REP752d	inside
NZ_CP064065.1	REP1984a	inside
NZ_CP064065.1	REP753a	inside
NZ_CP064065.1	REP753c	inside
NZ_CP064065.1	REP753d	inside
NZ_CP064065.1	REP1983d	inside
NZ_CP064065.1	REP1983b	inside
NZ_CP064065.1	REP1983a	inside
NZ_CP064065.1	REP754a	inside
NZ_CP064065.1	REP754c	inside
NZ_CP064065.1	REP755	outside
NZ_CP064065.1	REP1982b	inside
NZ_CP064065.1	REP756c	inside
NZ_CP064065.1	REP1981c	outside
NZ_CP064065.1	REP1981a	outside
NZ_CP064065.1	REP1980b	outside
NZ_CP064065.1	REP1980a	outside
NZ_CP064065.1	REP1979d	inside
NZ_CP064065.1	REP1979b	inside
NZ_CP064065.1	REP1979a	outside
NZ_CP064065.1	REP757b	inside
NZ_CP064065.1	REP757c	inside
NZ_CP064065.1	REP758	outside
NZ_CP064065.1	REP759	outside
NZ_CP064065.1	REP1978d	outside
NZ_CP064065.1	REP1978a	outside
NZ_CP064065.1	REP1977d	inside
NZ_CP064065.1	REP1977c	inside
NZ_CP064065.1	REP1977a	inside
NZ_CP064065.1	REP761a	inside
NZ_CP064065.1	REP761c	outside
NZ_CP064065.1	REP762	outside
NZ_CP064065.1	REP1975d	inside
NZ_CP064065.1	REP763a	outside
NZ_CP064065.1	REP1975b	inside
NZ_CP064065.1	REP1975a	inside
NZ_CP064065.1	REP764a	inside
NZ_CP064065.1	REP764b	inside
NZ_CP064065.1	REP764c	inside
NZ_CP064065.1	REP764d	inside
NZ_CP064065.1	REP1974d	outside
NZ_CP064065.1	REP1974c	inside
NZ_CP064065.1	REP1974b	outside
NZ_CP064065.1	REP765b	outside
NZ_CP064065.1	REP1973d	outside
NZ_CP064065.1	REP1973b	outside
NZ_CP064065.1	REP1973a	outside
NZ_CP064065.1	REP766	outside
NZ_CP064065.1	REP1972d	outside
NZ_CP064065.1	REP767a	outside
NZ_CP064065.1	REP1972a	outside
NZ_CP064065.1	REP767d	inside
NZ_CP064065.1	REP1971d	outside
NZ_CP064065.1	REP1971c	outside
NZ_CP064065.1	REP1971a	outside
NZ_CP064065.1	REP1970b	outside
NZ_CP064065.1	REP1969d	inside
NZ_CP064065.1	REP1969c	inside
NZ_CP064065.1	REP1969b	inside
NZ_CP064065.1	REP768b	inside
NZ_CP064065.1	REP768c	inside
NZ_CP064065.1	REP768d	inside
NZ_CP064065.1	REP769a	outside
NZ_CP064065.1	REP769c	outside
NZ_CP064065.1	REP770	outside
NZ_CP064065.1	REP771a	outside
NZ_CP064065.1	REP771c	outside
NZ_CP064065.1	REP772	outside
NZ_CP064065.1	REP773a	outside
NZ_CP064065.1	REP773b	outside
NZ_CP064065.1	REP1968c	inside
NZ_CP064065.1	REP1968a	inside
NZ_CP064065.1	REP774b	inside
NZ_CP064065.1	REP774c	inside
NZ_CP064065.1	REP774d	inside
NZ_CP064065.1	REP1967a	outside
NZ_CP064065.1	REP1965	outside
NZ_CP064065.1	REP775	outside
NZ_CP064065.1	REP776a	outside
NZ_CP064065.1	REP776b	outside
NZ_CP064065.1	REP1964c	inside
NZ_CP064065.1	REP1964a	inside
NZ_CP064065.1	REP777a	inside
NZ_CP064065.1	REP777c	inside
NZ_CP064065.1	REP1963d	inside
NZ_CP064065.1	REP1963b	inside
NZ_CP064065.1	REP1963a	inside
NZ_CP064065.1	REP779a	inside
NZ_CP064065.1	REP779b	inside
NZ_CP064065.1	REP779d	inside
NZ_CP064065.1	REP780a	outside
NZ_CP064065.1	REP1961d	outside
NZ_CP064065.1	REP1961c	outside
NZ_CP064065.1	REP1961b	outside
NZ_CP064065.1	REP1961a	outside
NZ_CP064065.1	REP781a	outside
NZ_CP064065.1	REP781b	outside
NZ_CP064065.1	REP781c	outside
NZ_CP064065.1	REP1959c	outside
NZ_CP064065.1	REP1959b	outside
NZ_CP064065.1	REP1959a	outside
NZ_CP064065.1	REP782b	outside
NZ_CP064065.1	REP1958d	inside
NZ_CP064065.1	REP1958c	inside
NZ_CP064065.1	REP1958b	inside
NZ_CP064065.1	REP1958a	outside
NZ_CP064065.1	REP783b	inside
NZ_CP064065.1	REP1957d	outside
NZ_CP064065.1	REP1957b	inside
NZ_CP064065.1	REP784a	inside
NZ_CP064065.1	REP784d	inside
NZ_CP064065.1	REP1956d	inside
NZ_CP064065.1	REP1956b	inside
NZ_CP064065.1	REP785a	inside
NZ_CP064065.1	REP785b	inside
NZ_CP064065.1	REP785c	inside
NZ_CP064065.1	REP785d	inside
NZ_CP064065.1	REP1955	outside
NZ_CP064065.1	REP1954	outside
NZ_CP064065.1	REP1953d	inside
NZ_CP064065.1	REP1953c	inside
NZ_CP064065.1	REP786	outside
NZ_CP064065.1	REP1952c	inside
NZ_CP064065.1	REP1952b	inside
NZ_CP064065.1	REP787a	inside
NZ_CP064065.1	REP787b	inside
NZ_CP064065.1	REP1951a	inside
NZ_CP064065.1	REP788a	inside
NZ_CP064065.1	REP788c	inside
NZ_CP064065.1	REP788d	inside
NZ_CP064065.1	REP1950d	inside
NZ_CP064065.1	REP1950c	outside
NZ_CP064065.1	REP1950b	outside
NZ_CP064065.1	REP1950a	outside
NZ_CP064065.1	REP789d	inside
NZ_CP064065.1	REP790a	outside
NZ_CP064065.1	REP790b	outside
NZ_CP064065.1	REP1949d	inside
NZ_CP064065.1	REP1949c	inside
NZ_CP064065.1	REP1949a	inside
NZ_CP064065.1	REP791a	inside
NZ_CP064065.1	REP791c	inside
NZ_CP064065.1	REP791d	inside
NZ_CP064065.1	REP1948	outside
NZ_CP064065.1	REP1947	outside
NZ_CP064065.1	REP1946c	outside
NZ_CP064065.1	REP1946a	outside
NZ_CP064065.1	REP1945a	outside
NZ_CP064065.1	REP1944b	inside
NZ_CP064065.1	REP792a	inside
NZ_CP064065.1	REP792b	inside
NZ_CP064065.1	REP792c	inside
NZ_CP064065.1	REP792d	inside
NZ_CP064065.1	REP1943d	inside
NZ_CP064065.1	REP1943b	inside
NZ_CP064065.1	REP793a	outside
NZ_CP064065.1	REP793d	inside
NZ_CP064065.1	REP1942d	inside
NZ_CP064065.1	REP794b	inside
NZ_CP064065.1	REP794c	inside
NZ_CP064065.1	REP1940	outside
NZ_CP064065.1	REP1939	outside
NZ_CP064065.1	REP1938d	inside
NZ_CP064065.1	REP1938c	inside
NZ_CP064065.1	REP795a	outside
NZ_CP064065.1	REP795c	inside
NZ_CP064065.1	REP796a	outside
NZ_CP064065.1	REP796b	outside
NZ_CP064065.1	REP796c	outside
NZ_CP064065.1	REP797a	outside
NZ_CP064065.1	REP1937d	inside
NZ_CP064065.1	REP1937c	inside
NZ_CP064065.1	REP1937b	inside
NZ_CP064065.1	REP1937a	outside
NZ_CP064065.1	REP798a	outside
NZ_CP064065.1	REP798b	inside
NZ_CP064065.1	REP798c	inside
NZ_CP064065.1	REP798d	inside
NZ_CP064065.1	REP799a	outside
NZ_CP064065.1	REP1935d	outside
NZ_CP064065.1	REP799b	outside
NZ_CP064065.1	REP799c	outside
NZ_CP064065.1	REP1935a	outside
NZ_CP064065.1	REP1934d	inside
NZ_CP064065.1	REP1934c	inside
NZ_CP064065.1	REP800c	inside
NZ_CP064065.1	REP800d	outside
NZ_CP064065.1	REP1933	outside
NZ_CP064065.1	REP1932d	inside
NZ_CP064065.1	REP1932a	inside
NZ_CP064065.1	REP801a	inside
NZ_CP064065.1	REP801b	inside
NZ_CP064065.1	REP1931d	inside
NZ_CP064065.1	REP1931c	inside
NZ_CP064065.1	REP802a	inside
NZ_CP064065.1	REP802c	inside
NZ_CP064065.1	REP802d	inside
NZ_CP064065.1	REP1930b	outside
NZ_CP064065.1	REP1930a	outside
NZ_CP064065.1	REP1929a	inside
NZ_CP064065.1	REP803a	inside
NZ_CP064065.1	REP803b	inside
NZ_CP064065.1	REP803c	inside
NZ_CP064065.1	REP1928d	inside
NZ_CP064065.1	REP1928c	inside
NZ_CP064065.1	REP1928b	inside
NZ_CP064065.1	REP1928a	inside
NZ_CP064065.1	REP804a	inside
NZ_CP064065.1	REP804b	inside
NZ_CP064065.1	REP804c	inside
NZ_CP064065.1	REP804d	inside
NZ_CP064065.1	REP805	outside
NZ_CP064065.1	REP1927d	inside
NZ_CP064065.1	REP1927c	inside
NZ_CP064065.1	REP1927a	inside
NZ_CP064065.1	REP806b	inside
NZ_CP064065.1	REP806c	inside
NZ_CP064065.1	REP806d	inside
NZ_CP064065.1	REP1926d	inside
NZ_CP064065.1	REP1926c	inside
NZ_CP064065.1	REP1926a	inside
NZ_CP064065.1	REP807a	inside
NZ_CP064065.1	REP807c	inside
NZ_CP064065.1	REP808	outside
NZ_CP064065.1	REP1925d	inside
NZ_CP064065.1	REP1925c	inside
NZ_CP064065.1	REP1925b	outside
NZ_CP064065.1	REP809b	inside
NZ_CP064065.1	REP809c	inside
NZ_CP064065.1	REP1924	outside
NZ_CP064065.1	REP810	outside
NZ_CP064065.1	REP1923c	inside
NZ_CP064065.1	REP1923b	inside
NZ_CP064065.1	REP1923a	inside
NZ_CP064065.1	REP811a	inside
NZ_CP064065.1	REP811b	inside
NZ_CP064065.1	REP811d	inside
NZ_CP064065.1	REP1922c	inside
NZ_CP064065.1	REP1922a	inside
NZ_CP064065.1	REP812a	inside
NZ_CP064065.1	REP812c	outside
NZ_CP064065.1	REP813	outside
NZ_CP064065.1	REP1921d	inside
NZ_CP064065.1	REP1921c	inside
NZ_CP064065.1	REP1921b	inside
NZ_CP064065.1	REP1921a	inside
NZ_CP064065.1	REP814c	inside
NZ_CP064065.1	REP1920c	outside
NZ_CP064065.1	REP1920b	outside
NZ_CP064065.1	REP1919	outside
NZ_CP064065.1	REP815a	outside
NZ_CP064065.1	REP815b	outside
NZ_CP064065.1	REP815c	outside
NZ_CP064065.1	REP816	outside
NZ_CP064065.1	REP817b	outside
NZ_CP064065.1	REP817c	outside
NZ_CP064065.1	REP818a	outside
NZ_CP064065.1	REP818b	outside
NZ_CP064065.1	REP821b	outside
NZ_CP064065.1	REP1918b	outside
NZ_CP064065.1	REP1918a	outside
NZ_CP064065.1	REP1917	outside
NZ_CP064065.1	REP822	outside
NZ_CP064065.1	REP1916d	inside
NZ_CP064065.1	REP1916c	inside
NZ_CP064065.1	REP1916b	inside
NZ_CP064065.1	REP823a	inside
NZ_CP064065.1	REP823b	inside
NZ_CP064065.1	REP823c	inside
NZ_CP064065.1	REP823d	inside
NZ_CP064065.1	REP1915d	inside
NZ_CP064065.1	REP1915b	inside
NZ_CP064065.1	REP824d	inside
NZ_CP064065.1	REP1914d	inside
NZ_CP064065.1	REP1914c	inside
NZ_CP064065.1	REP1914a	outside
NZ_CP064065.1	REP825a	inside
NZ_CP064065.1	REP825c	inside
NZ_CP064065.1	REP1913a	inside
NZ_CP064065.1	REP826a	inside
NZ_CP064065.1	REP826b	inside
NZ_CP064065.1	REP826c	inside
NZ_CP064065.1	REP1912d	inside
NZ_CP064065.1	REP1912b	inside
NZ_CP064065.1	REP1912a	inside
NZ_CP064065.1	REP827b	inside
NZ_CP064065.1	REP1911a	outside
NZ_CP064065.1	REP828a	inside
NZ_CP064065.1	REP828b	inside
NZ_CP064065.1	REP828c	inside
NZ_CP064065.1	REP828d	inside
NZ_CP064065.1	REP1910	outside
NZ_CP064065.1	REP1909d	outside
NZ_CP064065.1	REP1909c	inside
NZ_CP064065.1	REP1909b	inside
NZ_CP064065.1	REP829d	inside
NZ_CP064065.1	REP1908b	outside
NZ_CP064065.1	REP830b	outside
NZ_CP064065.1	REP830c	outside
NZ_CP064065.1	REP831a	outside
NZ_CP064065.1	REP831b	outside
NZ_CP064065.1	REP1907d	inside
NZ_CP064065.1	REP1907c	inside
NZ_CP064065.1	REP1907b	inside
NZ_CP064065.1	REP1907a	outside
NZ_CP064065.1	REP832c	inside
NZ_CP064065.1	REP1906d	inside
NZ_CP064065.1	REP1906a	inside
NZ_CP064065.1	REP833a	inside
NZ_CP064065.1	REP833b	inside
NZ_CP064065.1	REP833c	inside
NZ_CP064065.1	REP1904b	outside
NZ_CP064065.1	REP834c	outside
NZ_CP064065.1	REP834d	outside
NZ_CP064065.1	REP1903	outside
NZ_CP064065.1	REP1902	outside
NZ_CP064065.1	REP1901b	outside
NZ_CP064065.1	REP1901a	outside
NZ_CP064065.1	REP1899b	outside
NZ_CP064065.1	REP1898	outside
NZ_CP064065.1	REP1897d	inside
NZ_CP064065.1	REP1897b	inside
NZ_CP064065.1	REP1897a	inside
NZ_CP064065.1	REP835a	inside
NZ_CP064065.1	REP1896d	outside
NZ_CP064065.1	REP1896b	inside
NZ_CP064065.1	REP836a	inside
NZ_CP064065.1	REP836c	inside
NZ_CP064065.1	REP1895d	outside
NZ_CP064065.1	REP1895c	outside
NZ_CP064065.1	REP1895b	outside
NZ_CP064065.1	REP1895a	outside
NZ_CP064065.1	REP837	outside
NZ_CP064065.1	REP1894d	inside
NZ_CP064065.1	REP1894c	inside
NZ_CP064065.1	REP1894b	inside
NZ_CP064065.1	REP1893	outside
NZ_CP064065.1	REP1892a	outside
NZ_CP064065.1	REP1891d	outside
NZ_CP064065.1	REP1891c	outside
NZ_CP064065.1	REP1891b	outside
NZ_CP064065.1	REP1891a	outside
NZ_CP064065.1	REP1890b	inside
NZ_CP064065.1	REP1890a	inside
NZ_CP064065.1	REP839b	inside
NZ_CP064065.1	REP1888d	inside
NZ_CP064065.1	REP1888b	inside
NZ_CP064065.1	REP841b	inside
NZ_CP064065.1	REP841c	inside
NZ_CP064065.1	REP841d	inside
NZ_CP064065.1	REP1887c	outside
NZ_CP064065.1	REP1887a	outside
NZ_CP064065.1	REP1886d	outside
NZ_CP064065.1	REP1886c	inside
NZ_CP064065.1	REP1886b	inside
NZ_CP064065.1	REP842b	outside
NZ_CP064065.1	REP842c	outside
NZ_CP064065.1	REP842d	inside
NZ_CP064065.1	REP1884b	outside
NZ_CP064065.1	REP1884a	outside
NZ_CP064065.1	REP1883d	inside
NZ_CP064065.1	REP1883c	inside
NZ_CP064065.1	REP1882a	inside
NZ_CP064065.1	REP844a	inside
NZ_CP064065.1	REP844c	inside
NZ_CP064065.1	REP844d	inside
NZ_CP064065.1	REP1881b	outside
NZ_CP064065.1	REP1881a	outside
NZ_CP064065.1	REP845a	outside
NZ_CP064065.1	REP845b	outside
NZ_CP064065.1	REP845c	outside
NZ_CP064065.1	REP845d	outside
NZ_CP064065.1	REP846b	outside
NZ_CP064065.1	REP846c	outside
NZ_CP064065.1	REP846d	outside
NZ_CP064065.1	REP1880d	inside
NZ_CP064065.1	REP1880b	inside
NZ_CP064065.1	REP847c	inside
NZ_CP064065.1	REP847d	inside
NZ_CP064065.1	REP1879b	outside
NZ_CP064065.1	REP1879a	outside
NZ_CP064065.1	REP1878b	outside
NZ_CP064065.1	REP1878a	outside
NZ_CP064065.1	REP848b	outside
NZ_CP064065.1	REP850	outside
NZ_CP064065.1	REP1877d	outside
NZ_CP064065.1	REP1877c	outside
NZ_CP064065.1	REP851b	outside
NZ_CP064065.1	REP1877a	inside
NZ_CP064065.1	REP852a	inside
NZ_CP064065.1	REP852b	inside
NZ_CP064065.1	REP852c	inside
NZ_CP064065.1	REP852d	inside
NZ_CP064065.1	REP853a	outside
NZ_CP064065.1	REP853c	outside
NZ_CP064065.1	REP1876b	outside
NZ_CP064065.1	REP1876a	outside
NZ_CP064065.1	REP1875d	inside
NZ_CP064065.1	REP1875c	outside
NZ_CP064065.1	REP854a	outside
NZ_CP064065.1	REP854b	outside
NZ_CP064065.1	REP1874d	inside
NZ_CP064065.1	REP1874c	inside
NZ_CP064065.1	REP1874b	inside
NZ_CP064065.1	REP1874a	outside
NZ_CP064065.1	REP856a	inside
NZ_CP064065.1	REP856c	inside
NZ_CP064065.1	REP856d	inside
NZ_CP064065.1	REP1873	outside
NZ_CP064065.1	REP1872d	inside
NZ_CP064065.1	REP1872c	inside
NZ_CP064065.1	REP1872a	inside
NZ_CP064065.1	REP857a	inside
NZ_CP064065.1	REP857c	inside
NZ_CP064065.1	REP1871	outside
NZ_CP064065.1	REP858a	outside
NZ_CP064065.1	REP858b	outside
NZ_CP064065.1	REP1870c	inside
NZ_CP064065.1	REP1870b	inside
NZ_CP064065.1	REP1870a	inside
NZ_CP064065.1	REP859a	inside
NZ_CP064065.1	REP859b	inside
NZ_CP064065.1	REP859c	inside
NZ_CP064065.1	REP859d	inside
NZ_CP064065.1	REP1869	outside
NZ_CP064065.1	REP1868c	inside
NZ_CP064065.1	REP1868b	inside
NZ_CP064065.1	REP1868a	inside
NZ_CP064065.1	REP860a	inside
NZ_CP064065.1	REP1867	outside
NZ_CP064065.1	REP1866d	inside
NZ_CP064065.1	REP1866c	inside
NZ_CP064065.1	REP1866a	inside
NZ_CP064065.1	REP861b	inside
NZ_CP064065.1	REP861c	inside
NZ_CP064065.1	REP861d	inside
NZ_CP064065.1	REP1865	outside
NZ_CP064065.1	REP862	outside
NZ_CP064065.1	REP1864d	inside
NZ_CP064065.1	REP1864a	outside
NZ_CP064065.1	REP863b	inside
NZ_CP064065.1	REP863c	inside
NZ_CP064065.1	REP863d	inside
NZ_CP064065.1	REP1863c	outside
NZ_CP064065.1	REP1862b	outside
NZ_CP064065.1	REP1862a	outside
NZ_CP064065.1	REP1861d	inside
NZ_CP064065.1	REP1861b	inside
NZ_CP064065.1	REP1861a	inside
NZ_CP064065.1	REP864a	inside
NZ_CP064065.1	REP864b	inside
NZ_CP064065.1	REP1860d	inside
NZ_CP064065.1	REP1860c	inside
NZ_CP064065.1	REP1860b	outside
NZ_CP064065.1	REP865c	inside
NZ_CP064065.1	REP865d	inside
NZ_CP064065.1	REP1859	outside
NZ_CP064065.1	REP1858d	inside
NZ_CP064065.1	REP1858c	inside
NZ_CP064065.1	REP866b	outside
NZ_CP064065.1	REP1857	outside
NZ_CP064065.1	REP867a	outside
NZ_CP064065.1	REP1856d	inside
NZ_CP064065.1	REP1856c	inside
NZ_CP064065.1	REP1856b	inside
NZ_CP064065.1	REP1856a	inside
NZ_CP064065.1	REP868a	inside
NZ_CP064065.1	REP868b	inside
NZ_CP064065.1	REP870	outside
NZ_CP064065.1	REP1855d	inside
NZ_CP064065.1	REP1855c	inside
NZ_CP064065.1	REP1855b	inside
NZ_CP064065.1	REP871b	inside
NZ_CP064065.1	REP871c	inside
NZ_CP064065.1	REP871d	inside
NZ_CP064065.1	REP1853b	inside
NZ_CP064065.1	REP1853a	inside
NZ_CP064065.1	REP872b	inside
NZ_CP064065.1	REP1852d	inside
NZ_CP064065.1	REP1852c	inside
NZ_CP064065.1	REP1852b	inside
NZ_CP064065.1	REP873b	outside
NZ_CP064065.1	REP1851c	outside
NZ_CP064065.1	REP1851a	outside
NZ_CP064065.1	REP1849d	inside
NZ_CP064065.1	REP1849c	inside
NZ_CP064065.1	REP1849b	inside
NZ_CP064065.1	REP1849a	inside
NZ_CP064065.1	REP876	outside
NZ_CP064065.1	REP1848d	inside
NZ_CP064065.1	REP1848b	inside
NZ_CP064065.1	REP877c	inside
NZ_CP064065.1	REP877d	inside
NZ_CP064065.1	REP1847b	outside
NZ_CP064065.1	REP1847a	outside
NZ_CP064065.1	REP1846d	inside
NZ_CP064065.1	REP1846b	inside
NZ_CP064065.1	REP878b	outside
NZ_CP064065.1	REP878c	outside
NZ_CP064065.1	REP1845b	inside
NZ_CP064065.1	REP879a	inside
NZ_CP064065.1	REP879b	inside
NZ_CP064065.1	REP879c	inside
NZ_CP064065.1	REP879d	inside
NZ_CP064065.1	REP880a	outside
NZ_CP064065.1	REP1844d	inside
NZ_CP064065.1	REP1844c	inside
NZ_CP064065.1	REP1844b	inside
NZ_CP064065.1	REP1844a	inside
NZ_CP064065.1	REP881b	inside
NZ_CP064065.1	REP882a	outside
NZ_CP064065.1	REP1842d	inside
NZ_CP064065.1	REP1842c	outside
NZ_CP064065.1	REP1842b	outside
NZ_CP064065.1	REP883b	outside
NZ_CP064065.1	REP883c	inside
NZ_CP064065.1	REP883d	inside
NZ_CP064065.1	REP884	outside
NZ_CP064065.1	REP885a	outside
NZ_CP064065.1	REP1841d	outside
NZ_CP064065.1	REP885c	outside
NZ_CP064065.1	REP885d	outside
NZ_CP064065.1	REP1840b	outside
NZ_CP064065.1	REP886a	outside
NZ_CP064065.1	REP886b	outside
NZ_CP064065.1	REP887	outside
NZ_CP064065.1	REP888a	outside
NZ_CP064065.1	REP1839a	outside
NZ_CP064065.1	REP1838d	inside
NZ_CP064065.1	REP1838c	inside
NZ_CP064065.1	REP1838a	outside
NZ_CP064065.1	REP889c	inside
NZ_CP064065.1	REP1837c	inside
NZ_CP064065.1	REP1837a	outside
NZ_CP064065.1	REP890b	inside
NZ_CP064065.1	REP891	outside
NZ_CP064065.1	REP1836d	inside
NZ_CP064065.1	REP1836c	inside
NZ_CP064065.1	REP1836b	inside
NZ_CP064065.1	REP892d	inside
NZ_CP064065.1	REP1835c	inside
NZ_CP064065.1	REP1835b	inside
NZ_CP064065.1	REP893a	outside
NZ_CP064065.1	REP893c	inside
NZ_CP064065.1	REP1834b	outside
NZ_CP064065.1	REP1834a	outside
NZ_CP064065.1	REP1832d	inside
NZ_CP064065.1	REP1832c	inside
NZ_CP064065.1	REP1832a	outside
NZ_CP064065.1	REP894a	inside
NZ_CP064065.1	REP894b	inside
NZ_CP064065.1	REP894d	inside
NZ_CP064065.1	REP895	outside
NZ_CP064065.1	REP896	outside
NZ_CP064065.1	REP897	outside
NZ_CP064065.1	REP899	outside
NZ_CP064065.1	REP1831d	inside
NZ_CP064065.1	REP1831c	inside
NZ_CP064065.1	REP900b	inside
NZ_CP064065.1	REP900d	inside
NZ_CP064065.1	REP1830	outside
NZ_CP064065.1	REP1829b	outside
NZ_CP064065.1	REP1828d	inside
NZ_CP064065.1	REP1828b	inside
NZ_CP064065.1	REP902b	inside
NZ_CP064065.1	REP902d	inside
NZ_CP064065.1	REP1827d	inside
NZ_CP064065.1	REP1827b	inside
NZ_CP064065.1	REP903a	outside
NZ_CP064065.1	REP903b	inside
NZ_CP064065.1	REP903c	inside
NZ_CP064065.1	REP1826a	inside
NZ_CP064065.1	REP904a	inside
NZ_CP064065.1	REP904b	inside
NZ_CP064065.1	REP904d	inside
NZ_CP064065.1	REP1825d	outside
NZ_CP064065.1	REP1825b	inside
NZ_CP064065.1	REP1825a	inside
NZ_CP064065.1	REP905a	inside
NZ_CP064065.1	REP905d	inside
NZ_CP064065.1	REP1824d	inside
NZ_CP064065.1	REP1824b	inside
NZ_CP064065.1	REP1824a	inside
NZ_CP064065.1	REP906b	inside
NZ_CP064065.1	REP906c	inside
NZ_CP064065.1	REP906d	inside
NZ_CP064065.1	REP1823b	outside
NZ_CP064065.1	REP1823a	outside
NZ_CP064065.1	REP908a	outside
NZ_CP064065.1	REP908b	outside
NZ_CP064065.1	REP1822a	outside
NZ_CP064065.1	REP908d	inside
NZ_CP064065.1	REP909a	outside
NZ_CP064065.1	REP909c	outside
NZ_CP064065.1	REP1821d	inside
NZ_CP064065.1	REP1821c	inside
NZ_CP064065.1	REP1821b	inside
NZ_CP064065.1	REP1821a	inside
NZ_CP064065.1	REP911a	inside
NZ_CP064065.1	REP912a	outside
NZ_CP064065.1	REP912b	outside
NZ_CP064065.1	REP1819b	outside
NZ_CP064065.1	REP912c	outside
NZ_CP064065.1	REP1818d	outside
NZ_CP064065.1	REP1818c	outside
NZ_CP064065.1	REP1818b	inside
NZ_CP064065.1	REP1818a	outside
NZ_CP064065.1	REP913c	inside
NZ_CP064065.1	REP913d	inside
NZ_CP064065.1	REP1817a	inside
NZ_CP064065.1	REP914d	inside
NZ_CP064065.1	REP1816d	inside
NZ_CP064065.1	REP1816b	outside
NZ_CP064065.1	REP915b	outside
NZ_CP064065.1	REP915c	outside
NZ_CP064065.1	REP916	outside
NZ_CP064065.1	REP917	outside
NZ_CP064065.1	REP1815d	inside
NZ_CP064065.1	REP1815c	inside
NZ_CP064065.1	REP918a	inside
NZ_CP064065.1	REP918b	inside
NZ_CP064065.1	REP918c	inside
NZ_CP064065.1	REP918d	inside
NZ_CP064065.1	REP1814d	outside
NZ_CP064065.1	REP1814a	outside
NZ_CP064065.1	REP1812c	inside
NZ_CP064065.1	REP1812a	inside
NZ_CP064065.1	REP919b	inside
NZ_CP064065.1	REP919c	inside
NZ_CP064065.1	REP919d	inside
NZ_CP064065.1	REP1811c	outside
NZ_CP064065.1	REP1811a	outside
NZ_CP064065.1	REP920d	inside
NZ_CP064065.1	REP1810d	inside
NZ_CP064065.1	REP1810c	inside
NZ_CP064065.1	REP921a	outside
NZ_CP064065.1	REP921c	inside
NZ_CP064065.1	REP921d	inside
NZ_CP064065.1	REP922a	outside
NZ_CP064065.1	REP1809d	inside
NZ_CP064065.1	REP923a	outside
NZ_CP064065.1	REP923b	outside
NZ_CP064065.1	REP1809a	outside
NZ_CP064065.1	REP923d	inside
NZ_CP064065.1	REP1808	outside
NZ_CP064065.1	REP924b	inside
NZ_CP064065.1	REP924d	inside
NZ_CP064065.1	REP1805b	inside
NZ_CP064065.1	REP1805a	inside
NZ_CP064065.1	REP925a	inside
NZ_CP064065.1	REP925c	inside
NZ_CP064065.1	REP1804	outside
NZ_CP064065.1	REP1803a	inside
NZ_CP064065.1	REP926a	outside
NZ_CP064065.1	REP926b	outside
NZ_CP064065.1	REP1802c	inside
NZ_CP064065.1	REP927a	outside
NZ_CP064065.1	REP927c	outside
NZ_CP064065.1	REP1801d	outside
NZ_CP064065.1	REP1801c	inside
NZ_CP064065.1	REP1801b	inside
NZ_CP064065.1	REP1801a	inside
NZ_CP064065.1	REP928b	inside
NZ_CP064065.1	REP928d	inside
NZ_CP064065.1	REP1800a	outside
NZ_CP064065.1	REP929	outside
NZ_CP064065.1	REP930a	outside
NZ_CP064065.1	REP930b	outside
NZ_CP064065.1	REP1799c	inside
NZ_CP064065.1	REP1799a	inside
NZ_CP064065.1	REP932a	inside
NZ_CP064065.1	REP932c	inside
NZ_CP064065.1	REP932d	inside
NZ_CP064065.1	REP933b	outside
NZ_CP064065.1	REP933c	outside
NZ_CP064065.1	REP933d	outside
NZ_CP064065.1	REP934a	outside
NZ_CP064065.1	REP934b	outside
NZ_CP064065.1	REP934c	outside
NZ_CP064065.1	REP935c	outside
NZ_CP064065.1	REP935b	outside
NZ_CP064065.1	REP935d	outside
NZ_CP064065.1	REP1798d	outside
NZ_CP064065.1	REP1798b	outside
NZ_CP064065.1	REP1798a	outside
NZ_CP064065.1	REP1796d	outside
NZ_CP064065.1	REP1796c	outside
NZ_CP064065.1	REP1796a	outside
NZ_CP064065.1	REP1795d	inside
NZ_CP064065.1	REP1795c	inside
NZ_CP064065.1	REP1795a	inside
NZ_CP064065.1	REP936a	inside
NZ_CP064065.1	REP936b	inside
NZ_CP064065.1	REP936c	inside
NZ_CP064065.1	REP1792a	outside
NZ_CP064065.1	REP1791c	outside
NZ_CP064065.1	REP1791a	inside
NZ_CP064065.1	REP937a	inside
NZ_CP064065.1	REP937b	inside
NZ_CP064065.1	REP937c	inside
NZ_CP064065.1	REP938	outside
NZ_CP064065.1	REP1790d	inside
NZ_CP064065.1	REP1790a	inside
NZ_CP064065.1	REP939b	inside
NZ_CP064065.1	REP939c	inside
NZ_CP064065.1	REP939d	inside
NZ_CP064065.1	REP940a	outside
NZ_CP064065.1	REP1789d	inside
NZ_CP064065.1	REP1789c	outside
NZ_CP064065.1	REP1789a	outside
NZ_CP064065.1	REP941d	outside
NZ_CP064065.1	REP1787c	outside
NZ_CP064065.1	REP1787a	outside
NZ_CP064065.1	REP942a	inside
NZ_CP064065.1	REP943a	outside
NZ_CP064065.1	REP943b	outside
NZ_CP064065.1	REP944	outside
NZ_CP064065.1	REP1785d	inside
NZ_CP064065.1	REP1785c	inside
NZ_CP064065.1	REP1785a	outside
NZ_CP064065.1	REP945d	inside
NZ_CP064065.1	REP1784a	inside
NZ_CP064065.1	REP946c	inside
NZ_CP064065.1	REP946d	inside
NZ_CP064065.1	REP947a	outside
NZ_CP064065.1	REP947b	inside
NZ_CP064065.1	REP947c	inside
NZ_CP064065.1	REP1782d	inside
NZ_CP064065.1	REP1782b	inside
NZ_CP064065.1	REP1782a	outside
NZ_CP064065.1	REP948b	outside
NZ_CP064065.1	REP948c	inside
NZ_CP064065.1	REP948d	inside
NZ_CP064065.1	REP949a	outside
NZ_CP064065.1	REP949b	outside
NZ_CP064065.1	REP1781c	inside
NZ_CP064065.1	REP1781b	inside
NZ_CP064065.1	REP950a	outside
NZ_CP064065.1	REP950c	inside
NZ_CP064065.1	REP951	outside
NZ_CP064065.1	REP1780d	inside
NZ_CP064065.1	REP1780a	outside
NZ_CP064065.1	REP952b	inside
NZ_CP064065.1	REP1779	outside
NZ_CP064065.1	REP953b	outside
NZ_CP064065.1	REP953c	outside
NZ_CP064065.1	REP954	outside
NZ_CP064065.1	REP955a	outside
NZ_CP064065.1	REP955b	outside
NZ_CP064065.1	REP1778d	inside
NZ_CP064065.1	REP1778b	outside
NZ_CP064065.1	REP956a	outside
NZ_CP064065.1	REP956c	inside
NZ_CP064065.1	REP956d	inside
NZ_CP064065.1	REP1777	outside
NZ_CP064065.1	REP957	outside
NZ_CP064065.1	REP1776d	inside
NZ_CP064065.1	REP1776c	inside
NZ_CP064065.1	REP1776b	outside
NZ_CP064065.1	REP1776a	outside
NZ_CP064065.1	REP958d	inside
NZ_CP064065.1	REP1775d	inside
NZ_CP064065.1	REP1775a	outside
NZ_CP064065.1	REP959b	inside
NZ_CP064065.1	REP959d	inside
NZ_CP064065.1	REP1774d	inside
NZ_CP064065.1	REP1774b	inside
NZ_CP064065.1	REP960b	inside
NZ_CP064065.1	REP960c	inside
NZ_CP064065.1	REP960d	inside
NZ_CP064065.1	REP1773d	inside
NZ_CP064065.1	REP1773b	outside
NZ_CP064065.1	REP961a	outside
NZ_CP064065.1	REP961b	inside
NZ_CP064065.1	REP961c	inside
NZ_CP064065.1	REP963a	outside
NZ_CP064065.1	REP963b	outside
NZ_CP064065.1	REP964	outside
NZ_CP064065.1	REP965a	outside
NZ_CP064065.1	REP965b	outside
NZ_CP064065.1	REP966a	outside
NZ_CP064065.1	REP966b	outside
NZ_CP064065.1	REP966c	outside
NZ_CP064065.1	REP966d	outside
NZ_CP064065.1	REP967a	outside
NZ_CP064065.1	REP1772b	outside
NZ_CP064065.1	REP1771d	inside
NZ_CP064065.1	REP1771b	inside
NZ_CP064065.1	REP1771a	inside
NZ_CP064065.1	REP968a	outside
NZ_CP064065.1	REP1770b	outside
NZ_CP064065.1	REP1770a	outside
NZ_CP064065.1	REP968d	inside
NZ_CP064065.1	REP1769a	outside
NZ_CP064065.1	REP1768c	inside
NZ_CP064065.1	REP1768a	inside
NZ_CP064065.1	REP969c	inside
NZ_CP064065.1	REP969d	inside
NZ_CP064065.1	REP1767a	inside
NZ_CP064065.1	REP970b	inside
NZ_CP064065.1	REP970c	inside
NZ_CP064065.1	REP1766	outside
NZ_CP064065.1	REP1765b	inside
NZ_CP064065.1	REP1765a	inside
NZ_CP064065.1	REP971a	inside
NZ_CP064065.1	REP971b	inside
NZ_CP064065.1	REP971c	inside
NZ_CP064065.1	REP971d	inside
NZ_CP064065.1	REP1764	outside
NZ_CP064065.1	REP972a	outside
NZ_CP064065.1	REP972b	outside
NZ_CP064065.1	REP973	outside
NZ_CP064065.1	REP1763c	inside
NZ_CP064065.1	REP974a	inside
NZ_CP064065.1	REP974c	inside
NZ_CP064065.1	REP1762c	outside
NZ_CP064065.1	REP1762b	inside
NZ_CP064065.1	REP975b	outside
NZ_CP064065.1	REP975c	inside
NZ_CP064065.1	REP975d	inside
NZ_CP064065.1	REP1761d	inside
NZ_CP064065.1	REP1761b	inside
NZ_CP064065.1	REP976a	inside
NZ_CP064065.1	REP976c	inside
NZ_CP064065.1	REP976d	inside
NZ_CP064065.1	REP1760	outside
NZ_CP064065.1	REP1759	outside
NZ_CP064065.1	REP1758d	inside
NZ_CP064065.1	REP1758c	inside
NZ_CP064065.1	REP1758b	outside
NZ_CP064065.1	REP977a	outside
NZ_CP064065.1	REP977b	inside
NZ_CP064065.1	REP977c	inside
NZ_CP064065.1	REP977d	inside
NZ_CP064065.1	REP978d	outside
NZ_CP064065.1	REP1757c	inside
NZ_CP064065.1	REP1757b	inside
NZ_CP064065.1	REP979a	outside
NZ_CP064065.1	REP979b	inside
NZ_CP064065.1	REP979c	outside
NZ_CP064065.1	REP979d	outside
NZ_CP064065.1	REP980	outside
NZ_CP064065.1	REP1755d	inside
NZ_CP064065.1	REP1755c	inside
NZ_CP064065.1	REP1755a	inside
NZ_CP064065.1	REP981a	inside
NZ_CP064065.1	REP981b	inside
NZ_CP064065.1	REP981c	inside
NZ_CP064065.1	REP981d	inside
NZ_CP064065.1	REP982a	outside
NZ_CP064065.1	REP1754d	inside
NZ_CP064065.1	REP1754c	inside
NZ_CP064065.1	REP1754b	inside
NZ_CP064065.1	REP1754a	inside
NZ_CP064065.1	REP983a	inside
NZ_CP064065.1	REP983b	inside
NZ_CP064065.1	REP983d	inside
NZ_CP064065.1	REP1753d	inside
NZ_CP064065.1	REP1753c	inside
NZ_CP064065.1	REP1753b	inside
NZ_CP064065.1	REP1753a	outside
NZ_CP064065.1	REP984c	inside
NZ_CP064065.1	REP984d	inside
NZ_CP064065.1	REP985	outside
NZ_CP064065.1	REP986a	outside
NZ_CP064065.1	REP986b	outside
NZ_CP064065.1	REP1752c	inside
NZ_CP064065.1	REP1752b	inside
NZ_CP064065.1	REP1752a	inside
NZ_CP064065.1	REP987b	inside
NZ_CP064065.1	REP987d	inside
NZ_CP064065.1	REP1751d	outside
NZ_CP064065.1	REP1751c	inside
NZ_CP064065.1	REP1751b	inside
NZ_CP064065.1	REP988a	outside
NZ_CP064065.1	REP988b	inside
NZ_CP064065.1	REP1750d	outside
NZ_CP064065.1	REP988d	outside
NZ_CP064065.1	REP989b	inside
NZ_CP064065.1	REP989c	inside
NZ_CP064065.1	REP989d	inside
NZ_CP064065.1	REP1749d	outside
NZ_CP064065.1	REP1749c	outside
NZ_CP064065.1	REP1749a	outside
NZ_CP064065.1	REP1748d	inside
NZ_CP064065.1	REP1748a	inside
NZ_CP064065.1	REP990a	outside
NZ_CP064065.1	REP992	outside
NZ_CP064065.1	REP1747d	inside
NZ_CP064065.1	REP1747c	inside
NZ_CP064065.1	REP1747b	inside
NZ_CP064065.1	REP993b	inside
NZ_CP064065.1	REP993d	inside
NZ_CP064065.1	REP1746b	inside
NZ_CP064065.1	REP1746a	inside
NZ_CP064065.1	REP995a	inside
NZ_CP064065.1	REP995c	inside
NZ_CP064065.1	REP995d	inside
NZ_CP064065.1	REP1744d	inside
NZ_CP064065.1	REP1744a	outside
NZ_CP064065.1	REP996b	outside
NZ_CP064065.1	REP1743d	outside
NZ_CP064065.1	REP1743c	outside
NZ_CP064065.1	REP1742d	inside
NZ_CP064065.1	REP1742b	outside
NZ_CP064065.1	REP997a	outside
NZ_CP064065.1	REP997d	inside
NZ_CP064065.1	REP1741b	inside
NZ_CP064065.1	REP1741a	inside
NZ_CP064065.1	REP998a	outside
NZ_CP064065.1	REP998b	inside
NZ_CP064065.1	REP1740d	inside
NZ_CP064065.1	REP1740c	inside
NZ_CP064065.1	REP1740b	inside
NZ_CP064065.1	REP1740a	outside
NZ_CP064065.1	REP999b	inside
NZ_CP064065.1	REP999d	inside
NZ_CP064065.1	REP1739	outside
NZ_CP064065.1	REP1738d	inside
NZ_CP064065.1	REP1738c	inside
NZ_CP064065.1	REP1738b	inside
NZ_CP064065.1	REP1738a	inside
NZ_CP064065.1	REP1000a	inside
NZ_CP064065.1	REP1000b	inside
NZ_CP064065.1	REP1000c	inside
NZ_CP064065.1	REP1000d	inside
NZ_CP064065.1	REP1737c	inside
NZ_CP064065.1	REP1737b	inside
NZ_CP064065.1	REP1001b	outside
NZ_CP064065.1	REP1001c	inside
NZ_CP064065.1	REP1736c	inside
NZ_CP064065.1	REP1736b	inside
NZ_CP064065.1	REP1736a	outside
NZ_CP064065.1	REP1002d	inside
NZ_CP064065.1	REP1003	outside
NZ_CP064065.1	REP1735d	inside
NZ_CP064065.1	REP1735c	inside
NZ_CP064065.1	REP1735a	inside
NZ_CP064065.1	REP1004a	inside
NZ_CP064065.1	REP1004d	inside
NZ_CP064065.1	REP1005a	outside
NZ_CP064065.1	REP1005b	outside
NZ_CP064065.1	REP1006	outside
NZ_CP064065.1	REP1734c	inside
NZ_CP064065.1	REP1734a	inside
NZ_CP064065.1	REP1007b	outside
NZ_CP064065.1	REP1007c	outside
NZ_CP064065.1	REP1008a	outside
NZ_CP064065.1	REP1008b	outside
NZ_CP064065.1	REP1008d	outside
NZ_CP064065.1	REP1009a	outside
NZ_CP064065.1	REP1009b	outside
NZ_CP064065.1	REP1009c	outside
NZ_CP064065.1	REP1009d	outside
NZ_CP064065.1	REP1733d	inside
NZ_CP064065.1	REP1733c	inside
NZ_CP064065.1	REP1010a	outside
NZ_CP064065.1	REP1010d	inside
NZ_CP064065.1	REP1732b	outside
NZ_CP064065.1	REP1731d	inside
NZ_CP064065.1	REP1731b	inside
NZ_CP064065.1	REP1011a	inside
NZ_CP064065.1	REP1011c	inside
NZ_CP064065.1	REP1011d	inside
NZ_CP064065.1	REP1730d	inside
NZ_CP064065.1	REP1730b	inside
NZ_CP064065.1	REP1012a	inside
NZ_CP064065.1	REP1012b	inside
NZ_CP064065.1	REP1012c	inside
NZ_CP064065.1	REP1729	outside
NZ_CP064065.1	REP1012d	outside
NZ_CP064065.1	REP1728a	outside
NZ_CP064065.1	REP1013d	inside
NZ_CP064065.1	REP1727d	inside
NZ_CP064065.1	REP1727c	inside
NZ_CP064065.1	REP1727b	inside
NZ_CP064065.1	REP1014a	inside
NZ_CP064065.1	REP1014b	inside
NZ_CP064065.1	REP1014c	inside
NZ_CP064065.1	REP1014d	inside
NZ_CP064065.1	REP1015	outside
NZ_CP064065.1	REP1017a	outside
NZ_CP064065.1	REP1018a	outside
NZ_CP064065.1	REP1018b	outside
NZ_CP064065.1	REP1018c	outside
NZ_CP064065.1	REP1018d	outside
NZ_CP064065.1	REP1726d	inside
NZ_CP064065.1	REP1726b	inside
NZ_CP064065.1	REP1726a	outside
NZ_CP064065.1	REP1725c	inside
NZ_CP064065.1	REP1725a	outside
NZ_CP064065.1	REP1020c	inside
NZ_CP064065.1	REP1724d	inside
NZ_CP064065.1	REP1724c	inside
NZ_CP064065.1	REP1724b	inside
NZ_CP064065.1	REP1021a	inside
NZ_CP064065.1	REP1021d	inside
NZ_CP064065.1	REP1723c	inside
NZ_CP064065.1	REP1723b	inside
NZ_CP064065.1	REP1022d	inside
NZ_CP064065.1	REP1722d	inside
NZ_CP064065.1	REP1722c	inside
NZ_CP064065.1	REP1722b	inside
NZ_CP064065.1	REP1722a	inside
NZ_CP064065.1	REP1023a	inside
NZ_CP064065.1	REP1023b	inside
NZ_CP064065.1	REP1023c	inside
NZ_CP064065.1	REP1023d	inside
NZ_CP064065.1	REP1721d	inside
NZ_CP064065.1	REP1721b	inside
NZ_CP064065.1	REP1721a	inside
NZ_CP064065.1	REP1024b	inside
NZ_CP064065.1	REP1024c	inside
NZ_CP064065.1	REP1024d	inside
NZ_CP064065.1	REP1025b	inside
NZ_CP064065.1	REP1025d	inside
NZ_CP064065.1	REP1719b	outside
NZ_CP064065.1	REP1718c	inside
NZ_CP064065.1	REP1718b	inside
NZ_CP064065.1	REP1718a	inside
NZ_CP064065.1	REP1027a	inside
NZ_CP064065.1	REP1027b	inside
NZ_CP064065.1	REP1027c	inside
NZ_CP064065.1	REP1717c	inside
NZ_CP064065.1	REP1717a	inside
NZ_CP064065.1	REP1028b	inside
NZ_CP064065.1	REP1028d	inside
NZ_CP064065.1	REP1715d	inside
NZ_CP064065.1	REP1715a	inside
NZ_CP064065.1	REP1029a	inside
NZ_CP064065.1	REP1030	outside
NZ_CP064065.1	REP1031	outside
NZ_CP064065.1	REP1714d	inside
NZ_CP064065.1	REP1714c	inside
NZ_CP064065.1	REP1032b	outside
NZ_CP064065.1	REP1033b	outside
NZ_CP064065.1	REP1713d	inside
NZ_CP064065.1	REP1713b	inside
NZ_CP064065.1	REP1713a	inside
NZ_CP064065.1	REP1034b	inside
NZ_CP064065.1	REP1034c	outside
NZ_CP064065.1	REP1712c	outside
NZ_CP064065.1	REP1711	outside
NZ_CP064065.1	REP1035a	outside
NZ_CP064065.1	REP1035c	inside
NZ_CP064065.1	REP1709c	inside
NZ_CP064065.1	REP1709b	inside
NZ_CP064065.1	REP1036c	inside
NZ_CP064065.1	REP1036d	inside
NZ_CP064065.1	REP1708c	inside
NZ_CP064065.1	REP1708a	outside
NZ_CP064065.1	REP1037c	inside
NZ_CP064065.1	REP1707	outside
NZ_CP064065.1	REP1706a	outside
NZ_CP064065.1	REP1038b	inside
NZ_CP064065.1	REP1038c	inside
NZ_CP064065.1	REP1705	outside
NZ_CP064065.1	REP1704d	inside
NZ_CP064065.1	REP1704c	inside
NZ_CP064065.1	REP1704a	inside
NZ_CP064065.1	REP1039a	outside
NZ_CP064065.1	REP1039b	inside
NZ_CP064065.1	REP1703	outside
NZ_CP064065.1	REP1040c	outside
NZ_CP064065.1	REP1040d	outside
NZ_CP064065.1	REP1702d	inside
NZ_CP064065.1	REP1702c	inside
NZ_CP064065.1	REP1702b	inside
NZ_CP064065.1	REP1041a	inside
NZ_CP064065.1	REP1041c	inside
NZ_CP064065.1	REP1041d	inside
NZ_CP064065.1	REP1701	outside
NZ_CP064065.1	REP1700b	outside
NZ_CP064065.1	REP1042a	inside
NZ_CP064065.1	REP1042b	inside
NZ_CP064065.1	REP1042c	inside
NZ_CP064065.1	REP1042d	inside
NZ_CP064065.1	REP1699d	inside
NZ_CP064065.1	REP1699c	inside
NZ_CP064065.1	REP1699a	outside
NZ_CP064065.1	REP1043b	inside
NZ_CP064065.1	REP1697	outside
NZ_CP064065.1	REP1696d	inside
NZ_CP064065.1	REP1696c	inside
NZ_CP064065.1	REP1696b	outside
NZ_CP064065.1	REP1696a	outside
NZ_CP064065.1	REP1044b	inside
NZ_CP064065.1	REP1044c	inside
NZ_CP064065.1	REP1044d	inside
NZ_CP064065.1	REP1695	outside
NZ_CP064065.1	REP1694d	inside
NZ_CP064065.1	REP1045a	inside
NZ_CP064065.1	REP1045b	inside
NZ_CP064065.1	REP1045d	inside
NZ_CP064065.1	REP1693d	inside
NZ_CP064065.1	REP1693b	inside
NZ_CP064065.1	REP1046b	inside
NZ_CP064065.1	REP1046c	inside
NZ_CP064065.1	REP1046d	inside
NZ_CP064065.1	REP1692d	inside
NZ_CP064065.1	REP1692b	inside
NZ_CP064065.1	REP1047d	inside
NZ_CP064065.1	REP1048b	outside
NZ_CP064065.1	REP1048c	outside
NZ_CP064065.1	REP1048d	outside
NZ_CP064065.1	REP1049	outside
NZ_CP064065.1	REP1690c	inside
NZ_CP064065.1	REP1690b	inside
NZ_CP064065.1	REP1690a	inside
NZ_CP064065.1	REP1050a	inside
NZ_CP064065.1	REP1050d	inside
NZ_CP064065.1	REP1689d	inside
NZ_CP064065.1	REP1689c	inside
NZ_CP064065.1	REP1689b	inside
NZ_CP064065.1	REP1689a	outside
NZ_CP064065.1	REP1052b	inside
NZ_CP064065.1	REP1052c	inside
NZ_CP064065.1	REP1052d	inside
NZ_CP064065.1	REP1688d	inside
NZ_CP064065.1	REP1053a	outside
NZ_CP064065.1	REP1053c	inside
NZ_CP064065.1	REP1053d	inside
NZ_CP064065.1	REP1687	outside
NZ_CP064065.1	REP1054a	outside
NZ_CP064065.1	REP1054b	outside
NZ_CP064065.1	REP1055a	outside
NZ_CP064065.1	REP1055b	outside
NZ_CP064065.1	REP1055c	outside
NZ_CP064065.1	REP1055d	outside
NZ_CP064065.1	REP1686c	inside
NZ_CP064065.1	REP1686b	inside
NZ_CP064065.1	REP1686a	inside
NZ_CP064065.1	REP1056a	inside
NZ_CP064065.1	REP1056b	inside
NZ_CP064065.1	REP1056c	inside
NZ_CP064065.1	REP1056d	inside
NZ_CP064065.1	REP1685d	inside
NZ_CP064065.1	REP1685b	outside
NZ_CP064065.1	REP1685a	outside
NZ_CP064065.1	REP1057d	outside
NZ_CP064065.1	REP1684	outside
NZ_CP064065.1	REP1058	outside
NZ_CP064065.1	REP1059a	outside
NZ_CP064065.1	REP1059c	outside
NZ_CP064065.1	REP1060	outside
NZ_CP064065.1	REP1683a	outside
NZ_CP064065.1	REP1061b	inside
NZ_CP064065.1	REP1061d	inside
NZ_CP064065.1	REP1682b	inside
NZ_CP064065.1	REP1062a	inside
NZ_CP064065.1	REP1062c	inside
NZ_CP064065.1	REP1063	outside
NZ_CP064065.1	REP1064b	outside
NZ_CP064065.1	REP1064d	outside
NZ_CP064065.1	REP1681c	inside
NZ_CP064065.1	REP1681a	outside
NZ_CP064065.1	REP1065c	inside
NZ_CP064065.1	REP1065d	inside
NZ_CP064065.1	REP1066b	outside
NZ_CP064065.1	REP1680c	inside
NZ_CP064065.1	REP1680b	outside
NZ_CP064065.1	REP1067a	outside
NZ_CP064065.1	REP1680a	outside
NZ_CP064065.1	REP1067c	inside
NZ_CP064065.1	REP1067d	inside
NZ_CP064065.1	REP1679c	outside
NZ_CP064065.1	REP1679b	outside
NZ_CP064065.1	REP1679a	outside
NZ_CP064065.1	REP1678b	inside
NZ_CP064065.1	REP1068b	inside
NZ_CP064065.1	REP1068c	inside
NZ_CP064065.1	REP1677d	inside
NZ_CP064065.1	REP1677c	inside
NZ_CP064065.1	REP1677b	outside
NZ_CP064065.1	REP1676c	inside
NZ_CP064065.1	REP1676b	inside
NZ_CP064065.1	REP1676a	inside
NZ_CP064065.1	REP1070a	outside
NZ_CP064065.1	REP1070c	inside
NZ_CP064065.1	REP1070d	inside
NZ_CP064065.1	REP1071	outside
NZ_CP064065.1	REP1072a	outside
NZ_CP064065.1	REP1674d	inside
NZ_CP064065.1	REP1674a	inside
NZ_CP064065.1	REP1073a	outside
NZ_CP064065.1	REP1073b	inside
NZ_CP064065.1	REP1073c	inside
NZ_CP064065.1	REP1073d	inside
NZ_CP064065.1	REP1673	outside
NZ_CP064065.1	REP1672d	inside
NZ_CP064065.1	REP1672a	inside
NZ_CP064065.1	REP1074b	inside
NZ_CP064065.1	REP1671	outside
NZ_CP064065.1	REP1670c	inside
NZ_CP064065.1	REP1670a	inside
NZ_CP064065.1	REP1075a	inside
NZ_CP064065.1	REP1075c	inside
NZ_CP064065.1	REP1075d	inside
NZ_CP064065.1	REP1669d	inside
NZ_CP064065.1	REP1669c	inside
NZ_CP064065.1	REP1076a	outside
NZ_CP064065.1	REP1076d	outside
NZ_CP064065.1	REP1077c	inside
NZ_CP064065.1	REP1077d	inside
NZ_CP064065.1	REP1667b	inside
NZ_CP064065.1	REP1078a	inside
NZ_CP064065.1	REP1666d	inside
NZ_CP064065.1	REP1666c	inside
NZ_CP064065.1	REP1666b	inside
NZ_CP064065.1	REP1666a	inside
NZ_CP064065.1	REP1079a	inside
NZ_CP064065.1	REP1079d	inside
NZ_CP064065.1	REP1665c	outside
NZ_CP064065.1	REP1664d	inside
NZ_CP064065.1	REP1664b	inside
NZ_CP064065.1	REP1664a	inside
NZ_CP064065.1	REP1080a	inside
NZ_CP064065.1	REP1080c	inside
NZ_CP064065.1	REP1080d	inside
NZ_CP064065.1	REP1663d	inside
NZ_CP064065.1	REP1081a	outside
NZ_CP064065.1	REP1081b	outside
NZ_CP064065.1	REP1081d	outside
NZ_CP064065.1	REP1662d	outside
NZ_CP064065.1	REP1662b	inside
NZ_CP064065.1	REP1662a	inside
NZ_CP064065.1	REP1082a	inside
NZ_CP064065.1	REP1083	outside
NZ_CP064065.1	REP1084b	outside
NZ_CP064065.1	REP1085	outside
NZ_CP064065.1	REP1086	outside
NZ_CP064065.1	REP1087b	outside
NZ_CP064065.1	REP1088a	outside
NZ_CP064065.1	REP1088b	outside
NZ_CP064065.1	REP1089	outside
NZ_CP064065.1	REP1090a	outside
NZ_CP064065.1	REP1090b	outside
NZ_CP064065.1	REP1661d	inside
NZ_CP064065.1	REP1661b	outside
NZ_CP064065.1	REP1091c	outside
NZ_CP064065.1	REP1660d	inside
NZ_CP064065.1	REP1660c	inside
NZ_CP064065.1	REP1660b	inside
NZ_CP064065.1	REP1092c	inside
NZ_CP064065.1	REP1659d	inside
NZ_CP064065.1	REP1093a	outside
NZ_CP064065.1	REP1093b	inside
NZ_CP064065.1	REP1093c	inside
NZ_CP064065.1	REP1093d	inside
NZ_CP064065.1	REP1658a	outside
NZ_CP064065.1	REP1657	outside
NZ_CP064065.1	REP1656b	outside
NZ_CP064065.1	REP1656a	outside
NZ_CP064065.1	REP1655d	inside
NZ_CP064065.1	REP1655b	inside
NZ_CP064065.1	REP1655a	inside
NZ_CP064065.1	REP1094a	outside
NZ_CP064065.1	REP1094d	inside
NZ_CP064065.1	REP1654d	inside
NZ_CP064065.1	REP1654c	inside
NZ_CP064065.1	REP1654a	inside
NZ_CP064065.1	REP1095b	inside
NZ_CP064065.1	REP1095d	inside
NZ_CP064065.1	REP1653b	inside
NZ_CP064065.1	REP1096a	outside
NZ_CP064065.1	REP1096b	inside
NZ_CP064065.1	REP1096c	inside
NZ_CP064065.1	REP1652d	inside
NZ_CP064065.1	REP1652b	inside
NZ_CP064065.1	REP1652a	inside
NZ_CP064065.1	REP1097a	inside
NZ_CP064065.1	REP1097b	inside
NZ_CP064065.1	REP1097c	inside
NZ_CP064065.1	REP1097d	inside
NZ_CP064065.1	REP1098a	outside
NZ_CP064065.1	REP1098b	outside
NZ_CP064065.1	REP1099a	outside
NZ_CP064065.1	REP1651d	inside
NZ_CP064065.1	REP1651b	inside
NZ_CP064065.1	REP1100c	outside
NZ_CP064065.1	REP1100d	outside
NZ_CP064065.1	REP1650d	inside
NZ_CP064065.1	REP1650b	inside
NZ_CP064065.1	REP1650a	inside
NZ_CP064065.1	REP1101c	inside
NZ_CP064065.1	REP1649d	inside
NZ_CP064065.1	REP1649b	inside
NZ_CP064065.1	REP1102b	inside
NZ_CP064065.1	REP1102c	inside
NZ_CP064065.1	REP1102d	inside
NZ_CP064065.1	REP1104	outside
NZ_CP064065.1	REP1105c	inside
NZ_CP064065.1	REP1105d	inside
NZ_CP064065.1	REP1106	outside
NZ_CP064065.1	REP1646b	inside
NZ_CP064065.1	REP1646a	inside
NZ_CP064065.1	REP1107a	inside
NZ_CP064065.1	REP1107b	inside
NZ_CP064065.1	REP1107c	inside
NZ_CP064065.1	REP1107d	inside
NZ_CP064065.1	REP1644d	inside
NZ_CP064065.1	REP1644c	inside
NZ_CP064065.1	REP1644b	inside
NZ_CP064065.1	REP1644a	inside
NZ_CP064065.1	REP1108d	inside
NZ_CP064065.1	REP1643c	inside
NZ_CP064065.1	REP1643a	inside
NZ_CP064065.1	REP1109a	inside
NZ_CP064065.1	REP1109b	inside
NZ_CP064065.1	REP1109d	inside
NZ_CP064065.1	REP1110	outside
NZ_CP064065.1	REP1111a	outside
NZ_CP064065.1	REP1111d	outside
NZ_CP064065.1	REP1112	outside
NZ_CP064065.1	REP1114	outside
NZ_CP064065.1	REP1115b	outside
NZ_CP064065.1	REP1642a	outside
NZ_CP064065.1	REP1116a	outside
NZ_CP064065.1	REP1116b	outside
NZ_CP064065.1	REP1641d	inside
NZ_CP064065.1	REP1641c	inside
NZ_CP064065.1	REP1641b	outside
NZ_CP064065.1	REP1117b	outside
NZ_CP064065.1	REP1641a	outside
NZ_CP064065.1	REP1117c	inside
NZ_CP064065.1	REP1640d	inside
NZ_CP064065.1	REP1640c	inside
NZ_CP064065.1	REP1640b	inside
NZ_CP064065.1	REP1118a	outside
NZ_CP064065.1	REP1118b	inside
NZ_CP064065.1	REP1118c	inside
NZ_CP064065.1	REP1118d	inside
NZ_CP064065.1	REP1639b	inside
NZ_CP064065.1	REP1119a	outside
NZ_CP064065.1	REP1119b	inside
NZ_CP064065.1	REP1638	outside
NZ_CP064065.1	REP1637	outside
NZ_CP064065.1	REP1120a	outside
NZ_CP064065.1	REP1636d	inside
NZ_CP064065.1	REP1636c	inside
NZ_CP064065.1	REP1636b	outside
NZ_CP064065.1	REP1636a	outside
NZ_CP064065.1	REP1121d	inside
NZ_CP064065.1	REP1635b	inside
NZ_CP064065.1	REP1635a	inside
NZ_CP064065.1	REP1122b	inside
NZ_CP064065.1	REP1122d	inside
NZ_CP064065.1	REP1634	outside
NZ_CP064065.1	REP1633b	outside
NZ_CP064065.1	REP1633a	outside
NZ_CP064065.1	REP1123a	outside
NZ_CP064065.1	REP1123c	outside
NZ_CP064065.1	REP1632d	inside
NZ_CP064065.1	REP1632c	outside
NZ_CP064065.1	REP1632b	outside
NZ_CP064065.1	REP1632a	outside
NZ_CP064065.1	REP1125d	inside
NZ_CP064065.1	REP1126	outside
NZ_CP064065.1	REP1631b	inside
NZ_CP064065.1	REP1631a	outside
NZ_CP064065.1	REP1127b	inside
NZ_CP064065.1	REP1127c	inside
NZ_CP064065.1	REP1127d	inside
NZ_CP064065.1	REP1128	outside
NZ_CP064065.1	REP1129	outside
NZ_CP064065.1	REP1130	outside
NZ_CP064065.1	REP1131	outside
NZ_CP064065.1	REP1630d	inside
NZ_CP064065.1	REP1630c	inside
NZ_CP064065.1	REP1630b	inside
NZ_CP064065.1	REP1630a	outside
NZ_CP064065.1	REP1629d	inside
NZ_CP064065.1	REP1629c	inside
NZ_CP064065.1	REP1133a	outside
NZ_CP064065.1	REP1133d	inside
NZ_CP064065.1	REP1628	outside
NZ_CP064065.1	REP1627c	inside
NZ_CP064065.1	REP1134a	inside
NZ_CP064065.1	REP1134b	inside
NZ_CP064065.1	REP1134c	inside
NZ_CP064065.1	REP1626d	inside
NZ_CP064065.1	REP1626c	inside
NZ_CP064065.1	REP1626b	inside
NZ_CP064065.1	REP1626a	outside
NZ_CP064065.1	REP1136b	inside
NZ_CP064065.1	REP1136c	inside
NZ_CP064065.1	REP1136d	inside
NZ_CP064065.1	REP1625d	inside
NZ_CP064065.1	REP1625c	inside
NZ_CP064065.1	REP1625b	inside
NZ_CP064065.1	REP1137a	inside
NZ_CP064065.1	REP1137b	inside
NZ_CP064065.1	REP1137c	inside
NZ_CP064065.1	REP1137d	inside
NZ_CP064065.1	REP1624b	outside
NZ_CP064065.1	REP1624a	outside
NZ_CP064065.1	REP1623a	inside
NZ_CP064065.1	REP1138a	inside
NZ_CP064065.1	REP1138d	inside
NZ_CP064065.1	REP1622d	inside
NZ_CP064065.1	REP1139a	inside
NZ_CP064065.1	REP1139b	inside
NZ_CP064065.1	REP1139d	inside
NZ_CP064065.1	REP1621d	inside
NZ_CP064065.1	REP1621b	inside
NZ_CP064065.1	REP1140a	inside
NZ_CP064065.1	REP1140d	inside
NZ_CP064065.1	REP1620d	inside
NZ_CP064065.1	REP1620c	inside
NZ_CP064065.1	REP1620a	inside
NZ_CP064065.1	REP1141a	inside
NZ_CP064065.1	REP1141b	inside
NZ_CP064065.1	REP1141c	inside
NZ_CP064065.1	REP1141d	inside
NZ_CP064065.1	REP1619c	inside
NZ_CP064065.1	REP1619b	inside
NZ_CP064065.1	REP1142a	inside
NZ_CP064065.1	REP1142c	inside
NZ_CP064065.1	REP1142d	inside
NZ_CP064065.1	REP1618a	outside
NZ_CP064065.1	REP1617d	inside
NZ_CP064065.1	REP1617c	inside
NZ_CP064065.1	REP1617b	inside
NZ_CP064065.1	REP1617a	inside
NZ_CP064065.1	REP1143a	inside
NZ_CP064065.1	REP1143c	inside
NZ_CP064065.1	REP1143d	inside
NZ_CP064065.1	REP1144	outside
NZ_CP064065.1	REP1145a	outside
NZ_CP064065.1	REP1145b	outside
NZ_CP064065.1	REP1145c	outside
NZ_CP064065.1	REP1616d	inside
NZ_CP064065.1	REP1616b	inside
NZ_CP064065.1	REP1616a	inside
NZ_CP064065.1	REP1146b	inside
NZ_CP064065.1	REP1146c	inside
NZ_CP064065.1	REP1146d	inside
NZ_CP064065.1	REP1615c	outside
NZ_CP064065.1	REP1615b	outside
NZ_CP064065.1	REP1615a	outside
NZ_CP064065.1	REP1147	outside
NZ_CP064065.1	REP1614c	inside
NZ_CP064065.1	REP1614a	inside
NZ_CP064065.1	REP1148b	inside
NZ_CP064065.1	REP1148c	inside
NZ_CP064065.1	REP1148d	inside
NZ_CP064065.1	REP1149a	outside
NZ_CP064065.1	REP1149b	outside
NZ_CP064065.1	REP1149d	outside
NZ_CP064065.1	REP1150a	outside
NZ_CP064065.1	REP1613c	inside
NZ_CP064065.1	REP1613b	inside
NZ_CP064065.1	REP1613a	inside
NZ_CP064065.1	REP1151a	inside
NZ_CP064065.1	REP1151c	inside
NZ_CP064065.1	REP1151d	inside
NZ_CP064065.1	REP1612d	inside
NZ_CP064065.1	REP1612c	inside
NZ_CP064065.1	REP1612a	inside
NZ_CP064065.1	REP1152a	inside
NZ_CP064065.1	REP1152c	inside
NZ_CP064065.1	REP1152d	inside
NZ_CP064065.1	REP1611d	inside
NZ_CP064065.1	REP1611c	inside
NZ_CP064065.1	REP1611a	inside
NZ_CP064065.1	REP1610b	inside
NZ_CP064065.1	REP1154b	inside
NZ_CP064065.1	REP1154d	inside
NZ_CP064065.1	REP1155a	outside
NZ_CP064065.1	REP1609d	inside
NZ_CP064065.1	REP1609c	inside
NZ_CP064065.1	REP1609a	inside
NZ_CP064065.1	REP1156c	inside
NZ_CP064065.1	REP1156d	inside
NZ_CP064065.1	REP1608c	inside
NZ_CP064065.1	REP1608b	inside
NZ_CP064065.1	REP1608a	inside
NZ_CP064065.1	REP1157c	inside
NZ_CP064065.1	REP1157d	inside
NZ_CP064065.1	REP1607	outside
NZ_CP064065.1	REP1606d	inside
NZ_CP064065.1	REP1606a	outside
NZ_CP064065.1	REP1158b	inside
NZ_CP064065.1	REP1158d	inside
NZ_CP064065.1	REP1605b	outside
NZ_CP064065.1	REP1605a	outside
NZ_CP064065.1	REP1604c	outside
NZ_CP064065.1	REP1604b	inside
NZ_CP064065.1	REP1159a	outside
NZ_CP064065.1	REP1159b	inside
NZ_CP064065.1	REP1159c	inside
NZ_CP064065.1	REP1159d	inside
NZ_CP064065.1	REP1603d	inside
NZ_CP064065.1	REP1603c	inside
NZ_CP064065.1	REP1603b	inside
NZ_CP064065.1	REP1603a	outside
NZ_CP064065.1	REP1160b	inside
NZ_CP064065.1	REP1160c	inside
NZ_CP064065.1	REP1602d	inside
NZ_CP064065.1	REP1602c	inside
NZ_CP064065.1	REP1602b	inside
NZ_CP064065.1	REP1602a	outside
NZ_CP064065.1	REP1162a	outside
NZ_CP064065.1	REP1162b	inside
NZ_CP064065.1	REP1600c	inside
NZ_CP064065.1	REP1600b	inside
NZ_CP064065.1	REP1600a	inside
NZ_CP064065.1	REP1163a	inside
NZ_CP064065.1	REP1163b	inside
NZ_CP064065.1	REP1163c	inside
NZ_CP064065.1	REP1163d	inside
NZ_CP064065.1	REP1164b	outside
NZ_CP064065.1	REP1599d	inside
NZ_CP064065.1	REP1599c	outside
NZ_CP064065.1	REP1165a	outside
NZ_CP064065.1	REP1165c	inside
NZ_CP064065.1	REP1598b	inside
NZ_CP064065.1	REP1598a	inside
NZ_CP064065.1	REP1166a	outside
NZ_CP064065.1	REP1166b	inside
NZ_CP064065.1	REP1166c	inside
NZ_CP064065.1	REP1166d	inside
NZ_CP064065.1	REP1597d	inside
NZ_CP064065.1	REP1597c	inside
NZ_CP064065.1	REP1167a	inside
NZ_CP064065.1	REP1596d	inside
NZ_CP064065.1	REP1596c	inside
NZ_CP064065.1	REP1596b	inside
NZ_CP064065.1	REP1596a	inside
NZ_CP064065.1	REP1168a	inside
NZ_CP064065.1	REP1168b	inside
NZ_CP064065.1	REP1168d	inside
NZ_CP064065.1	REP1595d	inside
NZ_CP064065.1	REP1595c	inside
NZ_CP064065.1	REP1595b	outside
NZ_CP064065.1	REP1169b	inside
NZ_CP064065.1	REP1169c	inside
NZ_CP064065.1	REP1594	outside
NZ_CP064065.1	REP1593d	inside
NZ_CP064065.1	REP1593b	outside
NZ_CP064065.1	REP1593a	outside
NZ_CP064065.1	REP1171b	inside
NZ_CP064065.1	REP1171c	inside
NZ_CP064065.1	REP1171d	inside
NZ_CP064065.1	REP1592b	inside
NZ_CP064065.1	REP1592a	inside
NZ_CP064065.1	REP1172b	outside
NZ_CP064065.1	REP1172d	inside
NZ_CP064065.1	REP1173	outside
NZ_CP064065.1	REP1174	outside
NZ_CP064065.1	REP1591d	outside
NZ_CP064065.1	REP1591b	inside
NZ_CP064065.1	REP1176a	inside
NZ_CP064065.1	REP1176b	outside
NZ_CP064065.1	REP1176c	inside
NZ_CP064065.1	REP1176d	inside
NZ_CP064065.1	REP1590d	inside
NZ_CP064065.1	REP1590b	inside
NZ_CP064065.1	REP1177a	outside
NZ_CP064065.1	REP1177c	inside
NZ_CP064065.1	REP1177d	inside
NZ_CP064065.1	REP1589b	outside
NZ_CP064065.1	REP1589a	outside
NZ_CP064065.1	REP1178b	outside
NZ_CP064065.1	REP1179	outside
NZ_CP064065.1	REP1181	outside
NZ_CP064065.1	REP1182	outside
NZ_CP064065.1	REP1183b	outside
NZ_CP064065.1	REP1183d	outside
NZ_CP064065.1	REP1184a	outside
NZ_CP064065.1	REP1184b	outside
NZ_CP064065.1	REP1588c	outside
NZ_CP064065.1	REP1588b	outside
NZ_CP064065.1	REP1588a	inside
NZ_CP064065.1	REP1186b	inside
NZ_CP064065.1	REP1186d	inside
NZ_CP064065.1	REP1587d	outside
NZ_CP064065.1	REP1587b	inside
NZ_CP064065.1	REP1187a	outside
NZ_CP064065.1	REP1187b	inside
NZ_CP064065.1	REP1187c	inside
NZ_CP064065.1	REP1187d	inside
NZ_CP064065.1	REP1188a	outside
NZ_CP064065.1	REP1188b	outside
NZ_CP064065.1	REP1189a	outside
NZ_CP064065.1	REP1189c	outside
NZ_CP064065.1	REP1190a	outside
NZ_CP064065.1	REP1586d	inside
NZ_CP064065.1	REP1586b	inside
NZ_CP064065.1	REP1586a	inside
NZ_CP064065.1	REP1192c	inside
NZ_CP064065.1	REP1585	outside
NZ_CP064065.1	REP1584	outside
NZ_CP064065.1	REP1583d	inside
NZ_CP064065.1	REP1583c	outside
NZ_CP064065.1	REP1193a	outside
NZ_CP064065.1	REP1193c	inside
NZ_CP064065.1	REP1193d	inside
NZ_CP064065.1	REP1582	outside
NZ_CP064065.1	REP1581d	inside
NZ_CP064065.1	REP1581b	inside
NZ_CP064065.1	REP1581a	inside
NZ_CP064065.1	REP1580d	inside
NZ_CP064065.1	REP1580c	inside
NZ_CP064065.1	REP1580b	inside
NZ_CP064065.1	REP1195a	inside
NZ_CP064065.1	REP1195c	inside
NZ_CP064065.1	REP1579a	outside
NZ_CP064065.1	REP1578	outside
NZ_CP064065.1	REP1577c	inside
NZ_CP064065.1	REP1577b	inside
NZ_CP064065.1	REP1577a	inside
NZ_CP064065.1	REP1196a	inside
NZ_CP064065.1	REP1196b	inside
NZ_CP064065.1	REP1196d	inside
NZ_CP064065.1	REP1197	outside
NZ_CP064065.1	REP1576c	inside
NZ_CP064065.1	REP1576a	outside
NZ_CP064065.1	REP1198b	inside
NZ_CP064065.1	REP1198c	inside
NZ_CP064065.1	REP1198d	inside
NZ_CP064065.1	REP1574d	inside
NZ_CP064065.1	REP1574c	inside
NZ_CP064065.1	REP1574a	outside
NZ_CP064065.1	REP1200c	inside
NZ_CP064065.1	REP1201	outside
NZ_CP064065.1	REP1573d	inside
NZ_CP064065.1	REP1573c	inside
NZ_CP064065.1	REP1573b	inside
NZ_CP064065.1	REP1573a	outside
NZ_CP064065.1	REP1202b	inside
NZ_CP064065.1	REP1202d	inside
NZ_CP064065.1	REP1203	outside
NZ_CP064065.1	REP1572d	inside
NZ_CP064065.1	REP1572c	inside
NZ_CP064065.1	REP1572a	inside
NZ_CP064065.1	REP1204c	inside
NZ_CP064065.1	REP1571a	outside
NZ_CP064065.1	REP1570a	outside
NZ_CP064065.1	REP1205c	inside
NZ_CP064065.1	REP1569d	inside
NZ_CP064065.1	REP1569c	inside
NZ_CP064065.1	REP1569b	inside
NZ_CP064065.1	REP1569a	outside
NZ_CP064065.1	REP1206d	inside
NZ_CP064065.1	REP1568d	inside
NZ_CP064065.1	REP1568b	inside
NZ_CP064065.1	REP1207a	inside
NZ_CP064065.1	REP1207b	inside
NZ_CP064065.1	REP1207c	inside
NZ_CP064065.1	REP1207d	inside
NZ_CP064065.1	REP1208b	outside
NZ_CP064065.1	REP1209	outside
NZ_CP064065.1	REP1210b	outside
NZ_CP064065.1	REP1210c	outside
NZ_CP064065.1	REP1567d	inside
NZ_CP064065.1	REP1567c	inside
NZ_CP064065.1	REP1567b	inside
NZ_CP064065.1	REP1567a	inside
NZ_CP064065.1	REP1211a	inside
NZ_CP064065.1	REP1211c	inside
NZ_CP064065.1	REP1211d	inside
NZ_CP064065.1	REP1566	outside
NZ_CP064065.1	REP1565c	inside
NZ_CP064065.1	REP1565b	inside
NZ_CP064065.1	REP1212d	inside
NZ_CP064065.1	REP1213b	outside
NZ_CP064065.1	REP1213c	outside
NZ_CP064065.1	REP1564d	inside
NZ_CP064065.1	REP1564c	inside
NZ_CP064065.1	REP1564a	inside
NZ_CP064065.1	REP1214a	inside
NZ_CP064065.1	REP1214b	inside
NZ_CP064065.1	REP1214c	inside
NZ_CP064065.1	REP1214d	inside
NZ_CP064065.1	REP1563d	inside
NZ_CP064065.1	REP1563b	inside
NZ_CP064065.1	REP1563a	inside
NZ_CP064065.1	REP1215a	inside
NZ_CP064065.1	REP1215b	inside
NZ_CP064065.1	REP1215d	inside
NZ_CP064065.1	REP1562d	inside
NZ_CP064065.1	REP1562c	inside
NZ_CP064065.1	REP1562a	inside
NZ_CP064065.1	REP1216a	outside
NZ_CP064065.1	REP1216b	inside
NZ_CP064065.1	REP1216d	inside
NZ_CP064065.1	REP1561c	inside
NZ_CP064065.1	REP1561b	inside
NZ_CP064065.1	REP1561a	inside
NZ_CP064065.1	REP1218b	inside
NZ_CP064065.1	REP1218d	inside
NZ_CP064065.1	REP1219b	outside
NZ_CP064065.1	REP1219c	outside
NZ_CP064065.1	REP1560d	inside
NZ_CP064065.1	REP1560a	inside
NZ_CP064065.1	REP1220a	inside
NZ_CP064065.1	REP1220b	inside
NZ_CP064065.1	REP1220c	inside
NZ_CP064065.1	REP1220d	inside
NZ_CP064065.1	REP1559	outside
NZ_CP064065.1	REP1558d	inside
NZ_CP064065.1	REP1558c	inside
NZ_CP064065.1	REP1558b	inside
NZ_CP064065.1	REP1558a	outside
NZ_CP064065.1	REP1221a	inside
NZ_CP064065.1	REP1221c	inside
NZ_CP064065.1	REP1557d	inside
NZ_CP064065.1	REP1557c	inside
NZ_CP064065.1	REP1557b	inside
NZ_CP064065.1	REP1557a	outside
NZ_CP064065.1	REP1222b	inside
NZ_CP064065.1	REP1222d	inside
NZ_CP064065.1	REP1224a	outside
NZ_CP064065.1	REP1556d	outside
NZ_CP064065.1	REP1224c	outside
NZ_CP064065.1	REP1556b	outside
NZ_CP064065.1	REP1556a	outside
NZ_CP064065.1	REP1225b	outside
NZ_CP064065.1	REP1225c	inside
NZ_CP064065.1	REP1225d	inside
NZ_CP064065.1	REP1555c	inside
NZ_CP064065.1	REP1555b	inside
NZ_CP064065.1	REP1226c	inside
NZ_CP064065.1	REP1554d	inside
NZ_CP064065.1	REP1554c	inside
NZ_CP064065.1	REP1554a	outside
NZ_CP064065.1	REP1227a	inside
NZ_CP064065.1	REP1227b	inside
NZ_CP064065.1	REP1227c	inside
NZ_CP064065.1	REP1553d	inside
NZ_CP064065.1	REP1553c	inside
NZ_CP064065.1	REP1553b	outside
NZ_CP064065.1	REP1228b	inside
NZ_CP064065.1	REP1228c	inside
NZ_CP064065.1	REP1228d	inside
NZ_CP064065.1	REP1552b	inside
NZ_CP064065.1	REP1552a	inside
NZ_CP064065.1	REP1229a	inside
NZ_CP064065.1	REP1229b	inside
NZ_CP064065.1	REP1229c	inside
NZ_CP064065.1	REP1551	outside
NZ_CP064065.1	REP1550	outside
NZ_CP064065.1	REP1549	outside
NZ_CP064065.1	REP1230	outside
NZ_CP064065.1	REP1548c	inside
NZ_CP064065.1	REP1548a	inside
NZ_CP064065.1	REP1231b	inside
NZ_CP064065.1	REP1231c	inside
NZ_CP064065.1	REP1547b	inside
NZ_CP064065.1	REP1547a	outside
NZ_CP064065.1	REP1232c	inside
NZ_CP064065.1	REP1232d	inside
NZ_CP064065.1	REP1544	outside
NZ_CP064065.1	REP1233a	outside
NZ_CP064065.1	REP1543c	inside
NZ_CP064065.1	REP1543a	outside
NZ_CP064065.1	REP1234b	outside
NZ_CP064065.1	REP1542b	outside
NZ_CP064065.1	REP1542a	outside
NZ_CP064065.1	REP1541b	outside
NZ_CP064065.1	REP1540d	inside
NZ_CP064065.1	REP1540c	inside
NZ_CP064065.1	REP1540b	inside
NZ_CP064065.1	REP1540a	inside
NZ_CP064065.1	REP1235b	inside
NZ_CP064065.1	REP1235c	inside
NZ_CP064065.1	REP1235d	inside
NZ_CP064065.1	REP1539d	inside
NZ_CP064065.1	REP1539c	inside
NZ_CP064065.1	REP1539b	inside
NZ_CP064065.1	REP1236a	inside
NZ_CP064065.1	REP1236c	inside
NZ_CP064065.1	REP1538d	inside
NZ_CP064065.1	REP1538c	inside
NZ_CP064065.1	REP1237a	inside
NZ_CP064065.1	REP1237d	inside
NZ_CP064065.1	REP1238a	outside
NZ_CP064065.1	REP1238c	outside
NZ_CP064065.1	REP1238d	outside
NZ_CP064065.1	REP1239a	inside
NZ_CP064065.1	REP1239b	inside
NZ_CP064065.1	REP1239c	inside
NZ_CP064065.1	REP1239d	inside
NZ_CP064065.1	REP1536c	outside
NZ_CP064065.1	REP1536b	inside
NZ_CP064065.1	REP1536a	inside
NZ_CP064065.1	REP1240a	inside
NZ_CP064065.1	REP1240b	inside
NZ_CP064065.1	REP1241a	outside
NZ_CP064065.1	REP1241b	outside
NZ_CP064065.1	REP1241c	outside
NZ_CP064065.1	REP1241d	outside
NZ_CP064065.1	REP1242a	outside
NZ_CP064065.1	REP1535d	inside
NZ_CP064065.1	REP1535c	inside
NZ_CP064065.1	REP1535b	inside
NZ_CP064065.1	REP1243b	inside
NZ_CP064065.1	REP1243c	inside
NZ_CP064065.1	REP1243d	inside
NZ_CP064065.1	REP1244	outside
NZ_CP064065.1	REP1534d	inside
NZ_CP064065.1	REP1534c	inside
NZ_CP064065.1	REP1245a	outside
NZ_CP064065.1	REP1245b	inside
NZ_CP064065.1	REP1245d	inside
NZ_CP064065.1	REP1533c	outside
NZ_CP064065.1	REP1533a	outside
NZ_CP064065.1	REP1246	outside
NZ_CP064065.1	REP1532d	inside
NZ_CP064065.1	REP1532b	inside
NZ_CP064065.1	REP1532a	inside
NZ_CP064065.1	REP1247a	inside
NZ_CP064065.1	REP1247b	inside
NZ_CP064065.1	REP1247c	inside
NZ_CP064065.1	REP1247d	inside
NZ_CP064065.1	REP1531d	outside
NZ_CP064065.1	REP1531c	outside
NZ_CP064065.1	REP1531b	outside
NZ_CP064065.1	REP1531a	outside
NZ_CP064065.1	REP1530c	inside
NZ_CP064065.1	REP1530b	inside
NZ_CP064065.1	REP1530a	outside
NZ_CP064065.1	REP1248c	inside
NZ_CP064065.1	REP1248d	outside
NZ_CP064065.1	REP1529c	outside
NZ_CP064065.1	REP1529b	outside
NZ_CP064065.1	REP1529a	outside
NZ_CP064065.1	REP1249a	inside
NZ_CP064065.1	REP1249c	inside
NZ_CP064065.1	REP1249d	inside
NZ_CP064065.1	REP1250	outside
NZ_CP064065.1	REP1528d	inside
NZ_CP064065.1	REP1528b	inside
NZ_CP064065.1	REP1528a	inside
NZ_CP064065.1	REP1251a	inside
NZ_CP064065.1	REP1251b	inside
NZ_CP064065.1	REP1252	outside
NZ_CP064065.1	REP1527c	inside
NZ_CP064065.1	REP1527b	inside
NZ_CP064065.1	REP1527a	outside
NZ_CP064065.1	REP1253b	inside
NZ_CP064065.1	REP1253d	inside
NZ_CP064065.1	REP1526	outside
NZ_CP064065.1	REP1525d	inside
NZ_CP064065.1	REP1525c	inside
NZ_CP064065.1	REP1254a	inside
NZ_CP064065.1	REP1254b	inside
NZ_CP064065.1	REP1254c	inside
NZ_CP064065.1	REP1524d	inside
NZ_CP064065.1	REP1524c	inside
NZ_CP064065.1	REP1255a	outside
NZ_CP064065.1	REP1255c	inside
NZ_CP064065.1	REP1256b	outside
NZ_CP064065.1	REP1256c	outside
NZ_CP064065.1	REP1523d	inside
NZ_CP064065.1	REP1523b	inside
NZ_CP064065.1	REP1257a	outside
NZ_CP064065.1	REP1257c	inside
NZ_CP064065.1	REP1257d	inside
NZ_CP064065.1	REP1522	outside
NZ_CP064065.1	REP1521d	inside
NZ_CP064065.1	REP1521b	inside
NZ_CP064065.1	REP1521a	inside
NZ_CP064065.1	REP1258a	outside
NZ_CP064065.1	REP1258d	inside
NZ_CP064065.1	REP1520c	inside
NZ_CP064065.1	REP1520b	inside
NZ_CP064065.1	REP1259a	outside
NZ_CP064065.1	REP1259b	inside
NZ_CP064065.1	REP1259c	inside
NZ_CP064065.1	REP1259d	inside
NZ_CP064065.1	REP1519d	inside
NZ_CP064065.1	REP1519c	inside
NZ_CP064065.1	REP1519b	outside
NZ_CP064065.1	REP1260c	inside
NZ_CP064065.1	REP1260d	inside
NZ_CP064065.1	REP1518	outside
NZ_CP064065.1	REP1517d	outside
NZ_CP064065.1	REP1517c	outside
NZ_CP064065.1	REP1517b	inside
NZ_CP064065.1	REP1261b	inside
NZ_CP064065.1	REP1261c	inside
NZ_CP064065.1	REP1516d	outside
NZ_CP064065.1	REP1516b	inside
NZ_CP064065.1	REP1516a	inside
NZ_CP064065.1	REP1262a	inside
NZ_CP064065.1	REP1262b	inside
NZ_CP064065.1	REP1515d	inside
NZ_CP064065.1	REP1515a	inside
NZ_CP064065.1	REP1263a	inside
NZ_CP064065.1	REP1263c	inside
NZ_CP064065.1	REP1263d	inside
NZ_CP064065.1	REP1264a	outside
NZ_CP064065.1	REP1514a	outside
NZ_CP064065.1	REP1264d	outside
NZ_CP064065.1	REP1513c	outside
NZ_CP064065.1	REP1513b	outside
NZ_CP064065.1	REP1512c	outside
NZ_CP064065.1	REP1512b	outside
NZ_CP064065.1	REP1512a	outside
NZ_CP064065.1	REP1511a	outside
NZ_CP064065.1	REP1510	outside
NZ_CP064065.1	REP1509b	inside
NZ_CP064065.1	REP1509a	inside
NZ_CP064065.1	REP1265b	inside
NZ_CP064065.1	REP1266	outside
NZ_CP064065.1	REP1508c	inside
NZ_CP064065.1	REP1508b	inside
NZ_CP064065.1	REP1508a	inside
NZ_CP064065.1	REP1267b	inside
NZ_CP064065.1	REP1507b	outside
NZ_CP064065.1	REP1268a	outside
NZ_CP064065.1	REP1268b	inside
NZ_CP064065.1	REP1268c	inside
NZ_CP064065.1	REP1268d	inside
NZ_CP064065.1	REP1269b	outside
NZ_CP064065.1	REP1269c	outside
NZ_CP064065.1	REP1506d	inside
NZ_CP064065.1	REP1506c	inside
NZ_CP064065.1	REP1506a	inside
NZ_CP064065.1	REP1270a	inside
NZ_CP064065.1	REP1270b	inside
NZ_CP064065.1	REP1270d	inside
NZ_CP064065.1	REP1505c	inside
NZ_CP064065.1	REP1271b	inside
NZ_CP064065.1	REP1271c	inside
NZ_CP064065.1	REP1271d	inside
NZ_CP064065.1	REP1504	outside
NZ_CP064065.1	REP1503c	inside
NZ_CP064065.1	REP1503a	outside
NZ_CP064065.1	REP1272b	inside
NZ_CP064065.1	REP1272d	inside
NZ_CP064065.1	REP1502c	inside
NZ_CP064065.1	REP1273a	inside
NZ_CP064065.1	REP1273b	inside
NZ_CP064065.1	REP1273c	outside
NZ_CP064065.1	REP1273d	outside
NZ_CP064065.1	REP1274	outside
NZ_CP064065.1	REP1501d	inside
NZ_CP064065.1	REP1501c	inside
NZ_CP064065.1	REP1275c	inside
NZ_CP064065.1	REP1275d	inside
NZ_CP064065.1	REP1277	outside
NZ_CP064065.1	REP1500d	inside
NZ_CP064065.1	REP1278b	inside
NZ_CP064065.1	REP1278c	inside
NZ_CP064065.1	REP1499d	inside
NZ_CP064065.1	REP1499c	inside
NZ_CP064065.1	REP1499b	inside
NZ_CP064065.1	REP1279a	outside
NZ_CP064065.1	REP1279c	inside
NZ_CP064065.1	REP1279d	inside
NZ_CP064065.1	REP1498d	inside
NZ_CP064065.1	REP1498c	inside
NZ_CP064065.1	REP1498b	outside
NZ_CP064065.1	REP1280b	outside
NZ_CP064065.1	REP1280c	inside
NZ_CP064065.1	REP1281b	inside
NZ_CP064065.1	REP1281d	inside
NZ_CP064065.1	REP1282	outside
NZ_CP064065.1	REP1283	outside
NZ_CP064065.1	REP1495b	inside
NZ_CP064065.1	REP1284a	outside
NZ_CP064065.1	REP1284c	inside
NZ_CP064065.1	REP1284d	inside
NZ_CP064065.1	REP1494d	inside
NZ_CP064065.1	REP1494c	inside
NZ_CP064065.1	REP1494a	inside
NZ_CP064065.1	REP1285a	inside
NZ_CP064065.1	REP1285b	outside
NZ_CP064065.1	REP1285c	inside
NZ_CP064065.1	REP1285d	inside
NZ_CP064065.1	REP1492b	inside
NZ_CP064065.1	REP1286a	inside
NZ_CP064065.1	REP1286c	inside
NZ_CP064065.1	REP1286b	inside
NZ_CP064065.1	REP1286d	inside
NZ_CP064065.1	REP1491d	inside
NZ_CP064065.1	REP1491c	inside
NZ_CP064065.1	REP1491b	inside
NZ_CP064065.1	REP1491a	inside
NZ_CP064065.1	REP1288b	inside
NZ_CP064065.1	REP1489	outside
NZ_CP064065.1	REP1488d	inside
NZ_CP064065.1	REP1488b	inside
NZ_CP064065.1	REP1488a	inside
NZ_CP064065.1	REP1289b	inside
NZ_CP064065.1	REP1289c	inside
NZ_CP064065.1	REP1289d	inside
NZ_CP064065.1	REP1487b	inside
NZ_CP064065.1	REP1290b	outside
NZ_CP064065.1	REP1290c	outside
NZ_CP064065.1	REP1290d	outside
NZ_CP064065.1	REP1291	outside
NZ_CP064065.1	REP1292	outside
NZ_CP064065.1	REP1486d	inside
NZ_CP064065.1	REP1486b	inside
NZ_CP064065.1	REP1486a	inside
NZ_CP064065.1	REP1293b	inside
NZ_CP064065.1	REP1293d	inside
NZ_CP064065.1	REP1294	outside
NZ_CP064065.1	REP1485d	inside
NZ_CP064065.1	REP1485c	inside
NZ_CP064065.1	REP1485b	inside
NZ_CP064065.1	REP1297a	inside
NZ_CP064065.1	REP1298	outside
NZ_CP064065.1	REP1299a	outside
NZ_CP064065.1	REP1299b	outside
NZ_CP064065.1	REP1484b	inside
NZ_CP064065.1	REP1300b	inside
NZ_CP064065.1	REP1483d	inside
NZ_CP064065.1	REP1483c	inside
NZ_CP064065.1	REP1483a	inside
NZ_CP064065.1	REP1301a	outside
NZ_CP064065.1	REP1302a	outside
NZ_CP064065.1	REP1482d	inside
NZ_CP064065.1	REP1482c	inside
NZ_CP064065.1	REP1482b	inside
NZ_CP064065.1	REP1303a	outside
NZ_CP064065.1	REP1303b	outside
NZ_CP064065.1	REP1303d	inside
NZ_CP064065.1	REP1481b	outside
NZ_CP064065.1	REP1304b	outside
NZ_CP064065.1	REP1304d	outside
NZ_CP064065.1	REP1305	outside
NZ_CP064065.1	REP1480c	inside
NZ_CP064065.1	REP1480b	inside
NZ_CP064065.1	REP1306a	inside
NZ_CP064065.1	REP1306d	inside
NZ_CP064065.1	REP1479c	outside
NZ_CP064065.1	REP1308d	outside
NZ_CP064065.1	REP1478b	outside
NZ_CP064065.1	REP1478a	outside
NZ_CP064065.1	REP1477d	inside
NZ_CP064065.1	REP1477a	inside
NZ_CP064065.1	REP1309a	inside
NZ_CP064065.1	REP1309b	inside
NZ_CP064065.1	REP1309d	inside
NZ_CP064065.1	REP1310a	outside
NZ_CP064065.1	REP1310b	outside
NZ_CP064065.1	REP1310c	outside
NZ_CP064065.1	REP1476d	inside
NZ_CP064065.1	REP1476c	inside
NZ_CP064065.1	REP1476b	inside
NZ_CP064065.1	REP1476a	inside
NZ_CP064065.1	REP1312a	inside
NZ_CP064065.1	REP1312b	inside
NZ_CP064065.1	REP1312c	inside
NZ_CP064065.1	REP1475d	inside
NZ_CP064065.1	REP1313b	inside
NZ_CP064065.1	REP1313c	inside
NZ_CP064065.1	REP1472d	inside
NZ_CP064065.1	REP1472a	inside
NZ_CP064065.1	REP1314b	inside
NZ_CP064065.1	REP1314c	inside
NZ_CP064065.1	REP1315	outside
NZ_CP064065.1	REP1316	outside
NZ_CP064065.1	REP1471b	inside
NZ_CP064065.1	REP1471a	inside
NZ_CP064065.1	REP1317b	inside
NZ_CP064065.1	REP1317c	inside
NZ_CP064065.1	REP1317d	inside
NZ_CP064065.1	REP1318	outside
NZ_CP064065.1	REP1470d	inside
NZ_CP064065.1	REP1470c	inside
NZ_CP064065.1	REP1470a	inside
NZ_CP064065.1	REP1319a	inside
NZ_CP064065.1	REP1469d	inside
NZ_CP064065.1	REP1320b	inside
NZ_CP064065.1	REP1320c	inside
NZ_CP064065.1	REP1468	outside
NZ_CP064065.1	REP1467b	outside
NZ_CP064065.1	REP1467a	outside
NZ_CP064065.1	REP1466a	outside
NZ_CP064065.1	REP1465c	inside
NZ_CP064065.1	REP1465a	inside
NZ_CP064065.1	REP1322b	inside
NZ_CP064065.1	REP1322c	inside
NZ_CP064065.1	REP1464b	outside
NZ_CP064065.1	REP1464a	outside
NZ_CP064065.1	REP1463d	inside
NZ_CP064065.1	REP1463c	inside
NZ_CP064065.1	REP1463b	inside
NZ_CP064065.1	REP1463a	inside
NZ_CP064065.1	REP1323a	inside
NZ_CP064065.1	REP1323b	inside
NZ_CP064065.1	REP1324a	outside
NZ_CP064065.1	REP1324b	outside
NZ_CP064065.1	REP1462d	inside
NZ_CP064065.1	REP1462c	inside
NZ_CP064065.1	REP1462a	inside
NZ_CP064065.1	REP1325a	inside
NZ_CP064065.1	REP1325b	inside
NZ_CP064065.1	REP1325d	outside
NZ_CP064065.1	REP1461c	inside
NZ_CP064065.1	REP1327c	inside
NZ_CP064065.1	REP1328	outside
NZ_CP064065.1	REP1329	outside
NZ_CP064065.1	REP1330	outside
NZ_CP064065.1	REP1331a	outside
NZ_CP064065.1	REP1331b	outside
NZ_CP064065.1	REP1332b	outside
NZ_CP064065.1	REP1332c	outside
NZ_CP064065.1	REP1333a	outside
NZ_CP064065.1	REP1334	outside
NZ_CP064065.1	REP1460c	inside
NZ_CP064065.1	REP1460a	outside
NZ_CP064065.1	REP1335d	inside
NZ_CP064065.1	REP1459c	outside
NZ_CP064065.1	REP1459b	outside
NZ_CP064065.1	REP1459a	outside
NZ_CP064065.1	REP1458d	inside
NZ_CP064065.1	REP1458c	inside
NZ_CP064065.1	REP1458a	inside
NZ_CP064065.1	REP1336c	inside
NZ_CP064065.1	REP1336d	inside
NZ_CP064065.1	REP1457	outside
NZ_CP064065.1	REP1456d	inside
NZ_CP064065.1	REP1456b	inside
NZ_CP064065.1	REP1456a	outside
NZ_CP064065.1	REP1455c	outside
NZ_CP064065.1	REP1455a	outside
NZ_CP064065.1	REP1338a	outside
NZ_CP064065.1	REP1338c	inside
NZ_CP064065.1	REP1338d	inside
NZ_CP064065.1	REP1453d	outside
NZ_CP064065.1	REP1453a	outside
NZ_CP064065.1	REP1339	outside
NZ_CP064065.1	REP1340	outside
NZ_CP064065.1	REP1343a	outside
NZ_CP064065.1	REP1343b	outside
NZ_CP064065.1	REP1452d	outside
NZ_CP064065.1	REP1452b	outside
NZ_CP064065.1	REP1344b	outside
NZ_CP064065.1	REP1344d	inside
NZ_CP064065.1	REP1451d	inside
NZ_CP064065.1	REP1451c	inside
NZ_CP064065.1	REP1451b	inside
NZ_CP064065.1	REP1345a	outside
NZ_CP064065.1	REP1345b	inside
NZ_CP064065.1	REP1345c	inside
NZ_CP064065.1	REP1345d	inside
NZ_CP064065.1	REP1450	outside
NZ_CP064065.1	REP1449d	inside
NZ_CP064065.1	REP1449a	inside
NZ_CP064065.1	REP1347a	outside
NZ_CP064065.1	REP1347c	outside
NZ_CP064065.1	REP1347d	outside
NZ_CP064065.1	REP1348	outside
NZ_CP064065.1	REP1448d	inside
NZ_CP064065.1	REP1448c	inside
NZ_CP064065.1	REP1349b	outside
NZ_CP064065.1	REP1349d	inside
NZ_CP064065.1	REP1446d	outside
NZ_CP064065.1	REP1350b	outside
NZ_CP064065.1	REP1350c	outside
NZ_CP064065.1	REP1446a	outside
NZ_CP064065.1	REP1351b	outside
NZ_CP064065.1	REP1445c	inside
NZ_CP064065.1	REP1445b	inside
NZ_CP064065.1	REP1352a	inside
NZ_CP064065.1	REP1352b	inside
NZ_CP064065.1	REP1352c	inside
NZ_CP064065.1	REP1352d	inside
NZ_CP064065.1	REP1444c	inside
NZ_CP064065.1	REP1444a	inside
NZ_CP064065.1	REP1353a	inside
NZ_CP064065.1	REP1353b	inside
NZ_CP064065.1	REP1353c	inside
NZ_CP064065.1	REP1354a	outside
NZ_CP064065.1	REP1443d	inside
NZ_CP064065.1	REP1443b	outside
NZ_CP064065.1	REP1443a	outside
NZ_CP064065.1	REP1355b	inside
NZ_CP064065.1	REP1355d	inside
NZ_CP064065.1	REP1442d	inside
NZ_CP064065.1	REP1442c	inside
NZ_CP064065.1	REP1442b	inside
NZ_CP064065.1	REP1356a	outside
NZ_CP064065.1	REP1356b	inside
NZ_CP064065.1	REP1356c	inside
NZ_CP064065.1	REP1441b	outside
NZ_CP064065.1	REP1440d	inside
NZ_CP064065.1	REP1440b	inside
NZ_CP064065.1	REP1440a	outside
NZ_CP064065.1	REP1357a	inside
NZ_CP064065.1	REP1357d	inside
NZ_CP064065.1	REP1439	outside
NZ_CP064065.1	REP1438b	outside
NZ_CP064065.1	REP1438a	outside
NZ_CP064065.1	REP1358c	inside
NZ_CP064065.1	REP1359a	outside
NZ_CP064065.1	REP1359b	outside
NZ_CP064065.1	REP1359c	inside
NZ_CP064065.1	REP1437d	inside
NZ_CP064065.1	REP1436c	inside
NZ_CP064065.1	REP1436b	inside
NZ_CP064065.1	REP1436a	inside
NZ_CP064065.1	REP1360a	inside
NZ_CP064065.1	REP1360b	inside
NZ_CP064065.1	REP1360c	inside
NZ_CP064065.1	REP1360d	inside
NZ_CP064065.1	REP1435	outside
NZ_CP064065.1	REP1361a	outside
NZ_CP064065.1	REP1361b	outside
NZ_CP064065.1	REP1434b	outside
NZ_CP064065.1	REP1434a	outside
NZ_CP064065.1	REP1362	outside
NZ_CP064065.1	REP1433d	inside
NZ_CP064065.1	REP1363b	outside
NZ_CP064065.1	REP1363c	inside
NZ_CP064065.1	REP1363d	inside
NZ_CP064065.1	REP1432c	inside
NZ_CP064065.1	REP1432b	inside
NZ_CP064065.1	REP1432a	inside
NZ_CP064065.1	REP1364c	inside
NZ_CP064065.1	REP1431d	outside
NZ_CP064065.1	REP1431b	inside
NZ_CP064065.1	REP1366a	outside
NZ_CP064065.1	REP1366b	outside
NZ_CP064065.1	REP1366c	inside
NZ_CP064065.1	REP1367b	outside
NZ_CP064065.1	REP1430a	outside
NZ_CP064065.1	REP1367c	outside
NZ_CP064065.1	REP1367d	inside
NZ_CP064065.1	REP1368	outside
NZ_CP064065.1	REP1369	outside
NZ_CP064065.1	REP1370	outside
NZ_CP064065.1	REP1429b	inside
NZ_CP064065.1	REP1429a	inside
NZ_CP064065.1	REP1371b	inside
NZ_CP064065.1	REP1371c	inside
NZ_CP064065.1	REP1428	outside
NZ_CP064065.1	REP1372a	outside
NZ_CP064065.1	REP1372b	outside
NZ_CP064065.1	REP1427d	inside
NZ_CP064065.1	REP1427b	inside
NZ_CP064065.1	REP1427a	inside
NZ_CP064065.1	REP1373a	inside
NZ_CP064065.1	REP1426d	inside
NZ_CP064065.1	REP1426c	inside
NZ_CP064065.1	REP1426b	inside
NZ_CP064065.1	REP1374a	inside
NZ_CP064065.1	REP1374b	inside
NZ_CP064065.1	REP1374c	inside
NZ_CP064065.1	REP1374d	inside
NZ_CP064065.1	REP1425d	inside
NZ_CP064065.1	REP1425b	inside
NZ_CP064065.1	REP1376a	outside
NZ_CP064065.1	REP1376b	inside
NZ_CP064065.1	REP1376d	outside
NZ_CP064065.1	REP1424c	inside
NZ_CP064065.1	REP1424b	inside
NZ_CP064065.1	REP1424a	outside
NZ_CP064065.1	REP1377b	inside
NZ_CP064065.1	REP1377c	inside
NZ_CP064065.1	REP1422d	inside
NZ_CP064065.1	REP1422b	inside
NZ_CP064065.1	REP1378a	outside
NZ_CP064065.1	REP1378b	inside
NZ_CP064065.1	REP1378d	inside
NZ_CP064065.1	REP1421d	inside
NZ_CP064065.1	REP1421c	inside
NZ_CP064065.1	REP1379c	inside
NZ_CP064065.1	REP1379d	inside
NZ_CP064065.1	REP1419d	inside
NZ_CP064065.1	REP1419b	inside
NZ_CP064065.1	REP1380b	inside
NZ_CP064065.1	REP1380c	inside
NZ_CP064065.1	REP1380d	inside
NZ_CP064065.1	REP1381	outside
NZ_CP064065.1	REP1418d	inside
NZ_CP064065.1	REP1418c	inside
NZ_CP064065.1	REP1418b	inside
NZ_CP064065.1	REP1418a	inside
NZ_CP064065.1	REP1417d	outside
NZ_CP064065.1	REP1417b	outside
NZ_CP064065.1	REP1417a	outside
NZ_CP064065.1	REP1383b	outside
NZ_CP064065.1	REP1383d	outside
NZ_CP064065.1	REP1415d	inside
NZ_CP064065.1	REP1415c	inside
NZ_CP064065.1	REP1415a	inside
NZ_CP064065.1	REP1384a	inside
NZ_CP064065.1	REP1384c	inside
NZ_CP064065.1	REP1385a	outside
NZ_CP064065.1	REP1385b	outside
NZ_CP064065.1	REP1414d	inside
NZ_CP064065.1	REP1414b	inside
NZ_CP064065.1	REP1386a	inside
NZ_CP064065.1	REP1386b	inside
NZ_CP064065.1	REP1386c	inside
NZ_CP064065.1	REP1413b	inside
NZ_CP064065.1	REP1387a	outside
NZ_CP064065.1	REP1387b	inside
NZ_CP064065.1	REP1387d	inside
NZ_CP064065.1	REP1412d	inside
NZ_CP064065.1	REP1412c	inside
NZ_CP064065.1	REP1412b	inside
NZ_CP064065.1	REP1388c	inside
NZ_CP064065.1	REP1409d	inside
NZ_CP064065.1	REP1389b	outside
NZ_CP064065.1	REP1389d	inside
NZ_CP064065.1	REP1390	outside
NZ_CP064065.1	REP1408b	inside
NZ_CP064065.1	REP1391a	outside
NZ_CP064065.1	REP1391b	inside
NZ_CP064065.1	REP1391c	outside
NZ_CP064065.1	REP1407c	inside
NZ_CP064065.1	REP1407b	inside
NZ_CP064065.1	REP1407a	inside
NZ_CP064065.1	REP1392c	inside
NZ_CP064065.1	REP1406	outside
NZ_CP064065.1	REP1393b	outside
NZ_CP064065.1	REP1394a	outside
NZ_CP064065.1	REP1394b	outside
NZ_CP064065.1	REP1394c	outside
NZ_CP064065.1	REP1405d	inside
NZ_CP064065.1	REP1395a	outside
NZ_CP064065.1	REP1396b	outside
NZ_CP064065.1	REP1396c	outside
NZ_CP064065.1	REP1397	outside
NZ_CP064065.1	REP1398c	outside
NZ_CP064065.1	REP1404d	inside
NZ_CP064065.1	REP1404a	outside
NZ_CP064065.1	REP1399a	inside
NZ_CP064065.1	REP1400b	outside
NZ_CP064065.1	REP1403b	inside
NZ_CP064065.1	REP1403a	outside
NZ_CP064065.1	REP1401b	inside
NZ_CP064065.1	REP1401c	inside
NZ_CP064065.1	REP1401d	inside
NZ_CP064066.1	REP1a	outside
NZ_CP064066.1	REP87c	inside
NZ_CP064066.1	REP87b	inside
NZ_CP064066.1	REP2a	inside
NZ_CP064066.1	REP2b	inside
NZ_CP064066.1	REP2c	outside
NZ_CP064066.1	REP2d	outside
NZ_CP064066.1	REP86d	inside
NZ_CP064066.1	REP86c	inside
NZ_CP064066.1	REP86a	inside
NZ_CP064066.1	REP3a	outside
NZ_CP064066.1	REP3c	inside
NZ_CP064066.1	REP3d	inside
NZ_CP064066.1	REP85c	outside
NZ_CP064066.1	REP85a	outside
NZ_CP064066.1	REP83	outside
NZ_CP064066.1	REP82	outside
NZ_CP064066.1	REP81d	outside
NZ_CP064066.1	REP81c	outside
NZ_CP064066.1	REP81b	outside
NZ_CP064066.1	REP81a	outside
NZ_CP064066.1	REP4a	outside
NZ_CP064066.1	REP4b	outside
NZ_CP064066.1	REP4c	outside
NZ_CP064066.1	REP79c	outside
NZ_CP064066.1	REP79b	outside
NZ_CP064066.1	REP79a	outside
NZ_CP064066.1	REP78c	inside
NZ_CP064066.1	REP78b	outside
NZ_CP064066.1	REP78a	outside
NZ_CP064066.1	REP5c	inside
NZ_CP064066.1	REP5d	inside
NZ_CP064066.1	REP77c	inside
NZ_CP064066.1	REP77b	inside
NZ_CP064066.1	REP6a	outside
NZ_CP064066.1	REP6b	inside
NZ_CP064066.1	REP76c	outside
NZ_CP064066.1	REP76b	outside
NZ_CP064066.1	REP76a	outside
NZ_CP064066.1	REP73	outside
NZ_CP064066.1	REP8	outside
NZ_CP064066.1	REP9a	outside
NZ_CP064066.1	REP9b	outside
NZ_CP064066.1	REP72d	inside
NZ_CP064066.1	REP72c	inside
NZ_CP064066.1	REP72b	inside
NZ_CP064066.1	REP10b	inside
NZ_CP064066.1	REP10c	inside
NZ_CP064066.1	REP71c	inside
NZ_CP064066.1	REP71b	inside
NZ_CP064066.1	REP11a	inside
NZ_CP064066.1	REP11b	inside
NZ_CP064066.1	REP11d	outside
NZ_CP064066.1	REP70d	inside
NZ_CP064066.1	REP70c	inside
NZ_CP064066.1	REP12a	inside
NZ_CP064066.1	REP12d	outside
NZ_CP064066.1	REP69c	inside
NZ_CP064066.1	REP69b	outside
NZ_CP064066.1	REP69a	outside
NZ_CP064066.1	REP13d	inside
NZ_CP064066.1	REP68b	outside
NZ_CP064066.1	REP14a	inside
NZ_CP064066.1	REP14b	inside
NZ_CP064066.1	REP14c	inside
NZ_CP064066.1	REP14d	inside
NZ_CP064066.1	REP15	outside
NZ_CP064066.1	REP16d	outside
NZ_CP064066.1	REP17a	outside
NZ_CP064066.1	REP17b	outside
NZ_CP064066.1	REP17c	outside
NZ_CP064066.1	REP17d	outside
NZ_CP064066.1	REP18	outside
NZ_CP064066.1	REP19	outside
NZ_CP064066.1	REP67c	outside
NZ_CP064066.1	REP20b	outside
NZ_CP064066.1	REP20c	outside
NZ_CP064066.1	REP20d	inside
NZ_CP064066.1	REP66c	outside
NZ_CP064066.1	REP66a	outside
NZ_CP064066.1	REP65d	outside
NZ_CP064066.1	REP65c	inside
NZ_CP064066.1	REP65b	inside
NZ_CP064066.1	REP21b	inside
NZ_CP064066.1	REP21c	inside
NZ_CP064066.1	REP64d	outside
NZ_CP064066.1	REP64c	outside
NZ_CP064066.1	REP64b	outside
NZ_CP064066.1	REP64a	inside
NZ_CP064066.1	REP22a	inside
NZ_CP064066.1	REP22c	outside
NZ_CP064066.1	REP63d	inside
NZ_CP064066.1	REP63c	inside
NZ_CP064066.1	REP23a	outside
NZ_CP064066.1	REP23b	inside
NZ_CP064066.1	REP23c	inside
NZ_CP064066.1	REP24b	outside
NZ_CP064066.1	REP24c	outside
NZ_CP064066.1	REP62b	outside
NZ_CP064066.1	REP24d	outside
NZ_CP064066.1	REP62a	outside
NZ_CP064066.1	REP25a	inside
NZ_CP064066.1	REP25b	inside
NZ_CP064066.1	REP25c	inside
NZ_CP064066.1	REP25d	inside
NZ_CP064066.1	REP61d	inside
NZ_CP064066.1	REP61c	inside
NZ_CP064066.1	REP61a	outside
NZ_CP064066.1	REP26d	inside
NZ_CP064066.1	REP27a	outside
NZ_CP064066.1	REP27b	outside
NZ_CP064066.1	REP60d	inside
NZ_CP064066.1	REP60c	inside
NZ_CP064066.1	REP60a	outside
NZ_CP064066.1	REP28a	outside
NZ_CP064066.1	REP28b	inside
NZ_CP064066.1	REP28c	inside
NZ_CP064066.1	REP28d	inside
NZ_CP064066.1	REP59	outside
NZ_CP064066.1	REP30a	outside
NZ_CP064066.1	REP30b	outside
NZ_CP064066.1	REP30c	outside
NZ_CP064066.1	REP58d	inside
NZ_CP064066.1	REP58c	inside
NZ_CP064066.1	REP58b	inside
NZ_CP064066.1	REP31a	inside
NZ_CP064066.1	REP31c	inside
NZ_CP064066.1	REP31d	inside
NZ_CP064066.1	REP32	outside
NZ_CP064066.1	REP33	outside
NZ_CP064066.1	REP57d	outside
NZ_CP064066.1	REP57b	outside
NZ_CP064066.1	REP35a	outside
NZ_CP064066.1	REP35c	outside
NZ_CP064066.1	REP35d	outside
NZ_CP064066.1	REP36a	outside
NZ_CP064066.1	REP36b	outside
NZ_CP064066.1	REP36c	outside
NZ_CP064066.1	REP56d	inside
NZ_CP064066.1	REP37a	outside
NZ_CP064066.1	REP56a	outside
NZ_CP064066.1	REP38	outside
NZ_CP064066.1	REP55b	inside
NZ_CP064066.1	REP55a	inside
NZ_CP064066.1	REP39a	inside
NZ_CP064066.1	REP39b	inside
NZ_CP064066.1	REP39c	inside
NZ_CP064066.1	REP54b	outside
NZ_CP064066.1	REP54a	outside
NZ_CP064066.1	REP53d	inside
NZ_CP064066.1	REP53b	outside
NZ_CP064066.1	REP40b	inside
NZ_CP064066.1	REP40d	inside
NZ_CP064066.1	REP41a	outside
NZ_CP064066.1	REP52b	outside
NZ_CP064066.1	REP42d	outside
NZ_CP064066.1	REP52a	outside
NZ_CP064066.1	REP43b	outside
NZ_CP064066.1	REP51d	outside
NZ_CP064066.1	REP51c	inside
NZ_CP064066.1	REP51b	inside
NZ_CP064066.1	REP44c	inside
NZ_CP064066.1	REP44d	inside
NZ_CP064066.1	REP45	outside
NZ_CP064066.1	REP50d	inside
NZ_CP064066.1	REP50b	inside
NZ_CP064066.1	REP50a	inside
NZ_CP064066.1	REP46a	inside
NZ_CP064066.1	REP46b	outside
NZ_CP064066.1	REP49	outside
NZ_CP064066.1	REP46d	inside
NZ_CP064066.1	REP48	outside
NZ_CP064066.1	REP47d	outside
NZ_CP064066.1	REP47c	outside
