name	molecule	start	stop	GC	dG	stem_len	loop_size	bulges
REP2825c	NZ_CP064065.1	4191	4206	68.8	-9.90	6	4		
REP2825b	NZ_CP064065.1	4355	4372	44.4	-7.30	7	4		
REP1a	NZ_CP064065.1	8178	8192	73.3	-8.00	6	3		
REP1b	NZ_CP064065.1	8178	8217	70.0	-26.00	15	8	_c1	
REP1d	NZ_CP064065.1	8203	8242	70.0	-26.00	15	8	_c1	
REP2824d	NZ_CP064065.1	8228	8267	70.0	-26.00	15	8	_c1	
REP2824b	NZ_CP064065.1	8253	8292	70.0	-26.00	15	8	_c1	
REP2824a	NZ_CP064065.1	8278	8292	73.3	-8.00	6	3		
REP2823b	NZ_CP064065.1	9422	9448	69.2	-11.00	10	3	_c1	
REP2823a	NZ_CP064065.1	9456	9475	80.0	-14.10	7	6		
REP2	NZ_CP064065.1	11289	11315	92.6	-26.30	12	3		
REP3b	NZ_CP064065.1	11811	11829	94.7	-13.20	7	5		
REP2822d	NZ_CP064065.1	12590	12614	80.0	-15.80	10	3	_c1	
REP2822c	NZ_CP064065.1	12602	12632	80.6	-11.30	8	7	_c1_c1	
REP4a	NZ_CP064065.1	12734	12769	86.1	-36.30	16	4		
REP4b	NZ_CP064065.1	12755	12792	81.6	-25.50	13	10	_c1	
REP2821c	NZ_CP064065.1	20971	20986	81.2	-3.30	5	4	_c1	
REP2821a	NZ_CP064065.1	21162	21188	77.8	-17.00	10	7		
REP6	NZ_CP064065.1	23542	23569	71.4	-21.80	11	6		
REP2820d	NZ_CP064065.1	23818	23831	78.6	-1.40	4	4	_c1	
REP2820c	NZ_CP064065.1	23861	23878	55.6	-8.00	7	4		
REP2820b	NZ_CP064065.1	23976	23988	84.6	-3.50	4	5		
REP7c	NZ_CP064065.1	24560	24573	85.7	-4.60	4	6		
REP2819d	NZ_CP064065.1	25013	25025	84.6	-4.00	4	5		
REP2819b	NZ_CP064065.1	25302	25321	80.0	-9.40	6	8		
REP2819a	NZ_CP064065.1	25386	25409	70.8	-8.80	7	8	_c1	
REP8a	NZ_CP064065.1	25772	25790	68.4	-9.80	7	5		
REP2818	NZ_CP064065.1	25985	25997	61.5	-5.50	4	5		
REP8c	NZ_CP064065.1	26086	26109	70.8	-14.00	9	6		
REP8d	NZ_CP064065.1	26282	26307	80.8	-14.50	8	10		
REP2817b	NZ_CP064065.1	32050	32071	86.4	-15.70	7	8		
REP2817a	NZ_CP064065.1	32087	32104	83.3	-6.10	6	4	_c1	
REP9a	NZ_CP064065.1	32277	32292	81.2	-6.70	5	6		
REP9b	NZ_CP064065.1	32431	32452	81.8	-7.70	6	10		
REP2816d	NZ_CP064065.1	35120	35147	75.0	-15.80	9	6	_c2	
REP2816a	NZ_CP064065.1	35500	35551	65.4	-42.80	22	4	_c2	
REP10b	NZ_CP064065.1	35669	35680	100.0	-7.30	4	4		
REP10c	NZ_CP064065.1	35736	35750	80.0	-7.70	6	3		
REP2815a	NZ_CP064065.1	36450	36473	75.0	-12.00	7	8	_c1	
REP2814c	NZ_CP064065.1	47019	47029	90.9	-3.40	3	5		
REP2814a	NZ_CP064065.1	47080	47111	65.6	-9.80	10	6	_c2_c1	
REP11a	NZ_CP064065.1	47171	47212	78.6	-41.20	19	4		
REP11b	NZ_CP064065.1	47301	47313	69.2	1.00	3	5		
REP2812d	NZ_CP064065.1	50250	50266	88.2	-6.20	4	5		
REP2812c	NZ_CP064065.1	50361	50382	77.3	-13.60	7	8		
REP2812a	NZ_CP064065.1	50445	50466	77.3	-11.80	7	8		
REP12	NZ_CP064065.1	51000	51024	64.0	-13.90	8	5	_c1	
REP13a	NZ_CP064065.1	51269	51312	75.0	-39.40	19	4	_c1	
REP2811d	NZ_CP064065.1	52585	52596	83.3	-5.50	4	4		
REP15a	NZ_CP064065.1	56003	56025	82.6	-14.00	7	9		
REP15b	NZ_CP064065.1	56072	56104	57.6	-26.30	14	5		
REP15c	NZ_CP064065.1	56139	56155	47.1	-6.40	6	5		
REP15d	NZ_CP064065.1	56470	56493	83.3	-15.20	8	8		
REP16a	NZ_CP064065.1	57677	57699	100.0	-21.50	10	3		
REP16c	NZ_CP064065.1	57753	57783	67.7	-23.00	13	3	_c1	
REP2810d	NZ_CP064065.1	59354	59370	88.2	-11.90	6	5		
REP2810c	NZ_CP064065.1	59511	59548	65.8	-33.90	17	4		
REP17c	NZ_CP064065.1	59588	59604	58.8	-6.00	5	7		
REP2810a	NZ_CP064065.1	59692	59703	66.7	-3.60	2	4		
REP2809c	NZ_CP064065.1	61956	61981	76.9	-17.00	10	4	_c1	
REP2809a	NZ_CP064065.1	62066	62083	94.4	-14.20	7	4		
REP2808c	NZ_CP064065.1	66397	66425	82.8	-22.40	12	3	_c1	
REP2808b	NZ_CP064065.1	66574	66587	71.4	-5.90	5	4		
REP19a	NZ_CP064065.1	67138	67164	70.4	-16.60	10	5	_c1	
REP19b	NZ_CP064065.1	67215	67234	80.0	-13.80	7	6		
REP19c	NZ_CP064065.1	67513	67528	81.2	-10.70	6	4		
REP19d	NZ_CP064065.1	67623	67636	92.9	-5.30	4	6		
REP2807d	NZ_CP064065.1	68182	68193	83.3	-1.80	3	6		
REP2807b	NZ_CP064065.1	68282	68301	90.0	-11.80	7	4	_c1	
REP20a	NZ_CP064065.1	68652	68665	78.6	-4.80	5	4		
REP20b	NZ_CP064065.1	68691	68707	88.2	-10.40	7	3		
REP20d	NZ_CP064065.1	69405	69417	92.3	-5.80	5	3		
REP2806d	NZ_CP064065.1	72558	72575	50.0	-6.20	5	6		
REP2806c	NZ_CP064065.1	72916	72929	92.9	-4.30	4	6		
REP2806b	NZ_CP064065.1	73267	73292	84.6	-16.20	9	6	_c1	
REP2806a	NZ_CP064065.1	73751	73797	85.1	-49.10	21	3	_c1	
REP2805	NZ_CP064065.1	75240	75252	69.2	-6.20	4	5		
REP22	NZ_CP064065.1	79207	79220	71.4	-6.80	5	4		
REP2804c	NZ_CP064065.1	81435	81450	75.0	-5.00	4	8		
REP2804a	NZ_CP064065.1	81672	81684	76.9	-5.60	4	5		
REP23b	NZ_CP064065.1	81716	81728	84.6	-4.70	4	5		
REP23c	NZ_CP064065.1	81779	81798	80.0	-12.10	7	6		
REP2803d	NZ_CP064065.1	82820	82837	88.9	-18.70	7	4		
REP2803c	NZ_CP064065.1	83001	83035	85.7	-35.00	15	5		
REP2803b	NZ_CP064065.1	83029	83041	92.3	-6.80	5	3		
REP2803a	NZ_CP064065.1	83065	83085	76.2	-14.40	9	3		
REP2800d	NZ_CP064065.1	90059	90071	84.6	-1.50	2	4		
REP24a	NZ_CP064065.1	90199	90236	60.5	-13.90	10	6	_c1_c4	
REP2800a	NZ_CP064065.1	90239	90253	93.3	-10.00	6	3		
REP24c	NZ_CP064065.1	90264	90303	62.5	-18.70	14	6	_c1_c1_c1	
REP2799d	NZ_CP064065.1	99921	99940	73.7	-10.80	6	4	_c1	
REP2799c	NZ_CP064065.1	99960	99972	76.9	-6.50	5	3		
REP2799a	NZ_CP064065.1	100046	100070	84.0	-5.00	7	7	_c1_c1	
REP25c	NZ_CP064065.1	100210	100229	95.0	-17.50	8	4		
REP26b	NZ_CP064065.1	104566	104579	85.7	-8.20	5	4		
REP27	NZ_CP064065.1	106733	106772	75.0	-38.90	17	6		
REP2798d	NZ_CP064065.1	112455	112483	72.4	-11.60	9	9	_c1	
REP28a	NZ_CP064065.1	112880	112891	91.7	-5.80	4	4		
REP28b	NZ_CP064065.1	113057	113082	84.6	-12.70	9	4	_c1_c1	
REP28c	NZ_CP064065.1	113132	113147	81.2	-3.70	4	8		
REP28d	NZ_CP064065.1	113146	113168	95.7	-16.40	8	5	_c1	
REP2797c	NZ_CP064065.1	117228	117249	72.7	-14.00	8	6		
REP2797b	NZ_CP064065.1	117321	117333	76.9	-4.10	4	5		
REP29a	NZ_CP064065.1	117353	117409	54.4	-41.70	24	3	_c2	
REP29d	NZ_CP064065.1	117667	117688	81.8	-10.90	8	4	_c1	
REP2796c	NZ_CP064065.1	122959	122973	86.7	-7.80	5	5		
REP2796b	NZ_CP064065.1	123031	123042	90.9	-3.30	3	4		
REP2796a	NZ_CP064065.1	123380	123394	80.0	-6.90	5	5		
REP31a	NZ_CP064065.1	123521	123531	100.0	-3.40	4	3		
REP31b	NZ_CP064065.1	123543	123559	88.2	-5.10	5	5	_c1	
REP31d	NZ_CP064065.1	123727	123742	93.8	-11.60	6	4		
REP2795	NZ_CP064065.1	124246	124264	68.4	-12.10	8	3		
REP2794b	NZ_CP064065.1	125712	125733	81.8	-11.30	7	6	_c1	
REP32a	NZ_CP064065.1	131582	131598	52.9	-6.00	6	5		
REP32b	NZ_CP064065.1	131636	131654	78.9	-12.70	7	5		
REP32c	NZ_CP064065.1	131734	131749	75.0	-9.40	6	4		
REP32d	NZ_CP064065.1	131845	131870	73.1	-13.70	8	10		
REP33a	NZ_CP064065.1	133306	133347	71.4	-28.20	17	6	_c1	
REP33b	NZ_CP064065.1	133388	133429	76.2	-43.40	19	4		
REP34c	NZ_CP064065.1	134980	134999	80.0	-9.70	7	4	_c1	
REP2793d	NZ_CP064065.1	135516	135532	56.2	1.00	2	5		
REP2793c	NZ_CP064065.1	135614	135629	68.8	-3.60	4	8		
REP35a	NZ_CP064065.1	136334	136361	75.0	-25.80	12	4		
REP35b	NZ_CP064065.1	136472	136526	58.2	-44.90	24	5	_c1	
REP35c	NZ_CP064065.1	136663	136682	80.0	-8.30	6	8		
REP2792b	NZ_CP064065.1	137921	137938	55.6	-8.70	7	4		
REP2792a	NZ_CP064065.1	137986	138005	25.0	-7.00	8	4		
REP2790d	NZ_CP064065.1	141432	141455	87.5	-16.10	8	4	_c2	
REP2790c	NZ_CP064065.1	141508	141519	75.0	-2.30	4	4		
REP2790a	NZ_CP064065.1	141690	141706	82.4	-11.50	7	3		
REP37c	NZ_CP064065.1	142103	142126	75.0	-12.10	8	6	_c1	
REP37d	NZ_CP064065.1	142163	142174	91.7	-5.60	4	4		
REP38a	NZ_CP064065.1	146475	146500	84.6	-26.00	11	4		
REP2789b	NZ_CP064065.1	146557	146572	81.2	-7.60	5	6		
REP2789a	NZ_CP064065.1	146600	146621	77.3	-13.50	7	8		
REP38d	NZ_CP064065.1	146835	146852	77.8	-10.20	7	4		
REP2788a	NZ_CP064065.1	147333	147385	62.3	-48.40	24	5		
REP2787	NZ_CP064065.1	150463	150481	73.7	-11.20	8	3		
REP2786c	NZ_CP064065.1	158968	158986	73.7	-12.30	8	3		
REP2786b	NZ_CP064065.1	159248	159262	66.7	-6.20	5	5		
REP2786a	NZ_CP064065.1	159312	159340	86.2	-27.60	12	5		
REP41b	NZ_CP064065.1	159552	159568	58.8	-7.40	7	3		
REP41d	NZ_CP064065.1	159783	159800	66.7	-8.90	7	4		
REP42	NZ_CP064065.1	163410	163430	85.7	-10.80	7	7		
REP44a	NZ_CP064065.1	173140	173161	86.4	-19.90	9	4		
REP44b	NZ_CP064065.1	173171	173184	64.3	-4.30	5	4		
REP44c	NZ_CP064065.1	173303	173317	73.3	-5.70	5	5		
REP44d	NZ_CP064065.1	173404	173419	86.7	-6.70	5	4		
REP45a	NZ_CP064065.1	176619	176646	85.7	-22.60	10	8		
REP45b	NZ_CP064065.1	176684	176697	64.3	-5.00	5	4		
REP46a	NZ_CP064065.1	177478	177522	73.3	-39.60	19	5	_c1	
REP46b	NZ_CP064065.1	177532	177547	75.0	-8.50	6	4		
REP2784d	NZ_CP064065.1	179731	179744	85.7	-7.40	5	4		
REP2784c	NZ_CP064065.1	179823	179837	73.3	-4.90	5	5		
REP2784a	NZ_CP064065.1	179932	179943	91.7	-5.90	4	4		
REP47c	NZ_CP064065.1	180310	180328	78.9	-10.90	7	5		
REP47d	NZ_CP064065.1	180453	180470	77.8	-11.80	7	4		
REP2783d	NZ_CP064065.1	187887	187909	60.9	-12.60	8	7		
REP2783c	NZ_CP064065.1	187959	187984	73.1	-9.80	7	6	_c3	
REP2783b	NZ_CP064065.1	188008	188018	72.7	-2.80	3	4		
REP2783a	NZ_CP064065.1	188449	188460	66.7	-2.30	4	4		
REP48a	NZ_CP064065.1	188726	188745	70.0	-9.40	7	4	_c1	
REP48b	NZ_CP064065.1	188884	188899	68.8	-1.50	4	4	_c1	
REP48c	NZ_CP064065.1	189008	189042	82.9	-22.90	13	3	_c3	
REP2782d	NZ_CP064065.1	191048	191077	66.7	-14.40	9	12		
REP2782a	NZ_CP064065.1	191498	191539	76.2	-18.50	13	4	_c1_c4_c1	
REP49a	NZ_CP064065.1	191671	191687	88.2	-10.80	6	5		
REP49c	NZ_CP064065.1	191813	191832	75.0	-13.80	8	4		
REP49d	NZ_CP064065.1	191897	191908	100.0	-4.10	4	4		
REP50	NZ_CP064065.1	194535	194554	90.0	-13.60	7	6		
REP51	NZ_CP064065.1	202488	202510	78.3	-13.00	7	9		
REP53a	NZ_CP064065.1	207070	207084	73.3	-6.70	5	5		
REP53b	NZ_CP064065.1	207086	207110	72.0	-11.90	9	5	_c1	
REP54a	NZ_CP064065.1	210394	210410	88.2	-12.00	6	5		
REP54c	NZ_CP064065.1	210515	210536	81.8	-12.20	8	4	_c1	
REP2780d	NZ_CP064065.1	212047	212059	69.2	-3.20	4	5		
REP2780a	NZ_CP064065.1	212523	212538	75.0	-8.50	5	6		
REP55d	NZ_CP064065.1	212656	212677	86.4	-9.10	6	8	_c1	
REP2779	NZ_CP064065.1	216837	216851	66.7	-2.80	4	7		
REP56a	NZ_CP064065.1	233194	233226	81.8	-29.70	13	7		
REP56d	NZ_CP064065.1	233430	233446	82.4	-9.30	6	5		
REP2778d	NZ_CP064065.1	243182	243196	93.3	-4.50	3	4		
REP2778c	NZ_CP064065.1	243234	243247	85.7	-8.00	5	4		
REP58a	NZ_CP064065.1	243511	243522	100.0	-5.20	4	4		
REP58d	NZ_CP064065.1	243562	243574	84.6	-4.70	4	5		
REP59a	NZ_CP064065.1	246944	246974	90.3	-32.20	13	5		
REP59b	NZ_CP064065.1	247005	247016	75.0	-3.30	2	4		
REP59c	NZ_CP064065.1	247044	247067	70.8	-8.30	8	4	_c2	
REP60a	NZ_CP064065.1	248443	248481	69.2	-36.70	17	5		
REP60b	NZ_CP064065.1	248487	248503	58.8	-3.50	6	5		
REP61a	NZ_CP064065.1	250350	250408	54.2	-45.20	26	3	_c2	
REP61b	NZ_CP064065.1	250400	250412	84.6	-4.30	4	5		
REP62a	NZ_CP064065.1	253882	253899	66.7	-10.70	7	4		
REP62b	NZ_CP064065.1	253946	253968	87.0	-14.20	8	5	_c1	
REP62c	NZ_CP064065.1	254030	254057	57.1	-16.60	10	8		
REP65a	NZ_CP064065.1	257443	257467	76.0	-8.00	9	3	_c1_c1	
REP2777c	NZ_CP064065.1	259718	259733	81.2	-9.00	6	4		
REP2777b	NZ_CP064065.1	259759	259774	68.8	-7.40	6	4		
REP66a	NZ_CP064065.1	259924	259943	90.0	-15.90	8	4		
REP2777a	NZ_CP064065.1	259950	259986	78.4	-33.30	15	7		
REP66d	NZ_CP064065.1	260038	260051	78.6	-5.10	5	4		
REP2776d	NZ_CP064065.1	261088	261100	92.3	-6.80	5	3		
REP2776c	NZ_CP064065.1	261462	261475	92.9	-6.40	5	4		
REP2776b	NZ_CP064065.1	261671	261681	81.8	-4.30	4	3		
REP67a	NZ_CP064065.1	262008	262020	69.2	-3.30	4	5		
REP2775b	NZ_CP064065.1	262792	262809	83.3	-8.70	6	6		
REP68a	NZ_CP064065.1	263806	263820	86.7	-8.20	5	5		
REP68b	NZ_CP064065.1	263889	263910	81.8	-11.60	7	8		
REP68c	NZ_CP064065.1	263991	264003	84.6	-5.00	4	5		
REP69a	NZ_CP064065.1	265270	265283	92.9	-8.50	5	4		
REP2774d	NZ_CP064065.1	266633	266646	100.0	-6.20	4	6		
REP2774c	NZ_CP064065.1	266637	266647	100.0	-4.30	4	3		
REP2774b	NZ_CP064065.1	266740	266759	75.0	-13.00	7	6		
REP2774a	NZ_CP064065.1	266766	266784	94.7	-14.40	7	5		
REP72a	NZ_CP064065.1	269781	269816	83.3	-36.60	16	4		
REP2773d	NZ_CP064065.1	272594	272605	91.7	-4.80	4	4		
REP2773c	NZ_CP064065.1	272737	272755	73.7	-8.40	6	5	_c1	
REP73d	NZ_CP064065.1	273659	273679	85.7	-17.30	8	5		
REP2772c	NZ_CP064065.1	273864	273875	75.0	-4.80	4	4		
REP2772b	NZ_CP064065.1	273918	273931	100.0	-8.40	5	4		
REP2771d	NZ_CP064065.1	275207	275227	85.7	-9.00	8	3	_c1	
REP2771b	NZ_CP064065.1	275470	275496	85.2	-14.80	9	5	_c1_c1	
REP74a	NZ_CP064065.1	275523	275559	78.4	-35.30	16	5		
REP74b	NZ_CP064065.1	275902	275919	88.9	-8.30	5	8		
REP2770c	NZ_CP064065.1	282172	282199	67.9	-15.90	9	4	_c1	
REP2770b	NZ_CP064065.1	282307	282329	82.6	-11.40	7	7	_c1	
REP75b	NZ_CP064065.1	282423	282446	79.2	-12.60	8	6	_c1	
REP75c	NZ_CP064065.1	282555	282575	81.0	-15.30	8	5		
REP2769c	NZ_CP064065.1	286626	286640	86.7	-10.10	6	3		
REP77b	NZ_CP064065.1	286646	286677	71.9	-21.40	12	6	_c1	
REP77d	NZ_CP064065.1	286766	286788	65.2	-10.70	8	7		
REP78a	NZ_CP064065.1	290898	290911	92.9	-9.70	5	4		
REP78b	NZ_CP064065.1	290915	290932	94.4	-8.70	5	8		
REP78c	NZ_CP064065.1	290938	290961	91.7	-13.30	8	4	_c2	
REP79b	NZ_CP064065.1	292735	292749	86.7	-7.30	5	5		
REP2768d	NZ_CP064065.1	296416	296428	92.3	-5.80	5	3		
REP2768c	NZ_CP064065.1	296440	296452	92.3	-4.30	4	5		
REP80b	NZ_CP064065.1	296875	296888	85.7	-9.20	5	4		
REP80c	NZ_CP064065.1	296968	296981	92.9	-5.00	4	6		
REP80d	NZ_CP064065.1	297035	297066	87.5	-22.30	11	8	_c1	
REP81	NZ_CP064065.1	299293	299330	84.2	-29.30	14	8	_c1	
REP2767b	NZ_CP064065.1	299831	299868	68.4	-14.10	12	6	_c2_c1_c1	
REP82a	NZ_CP064065.1	300059	300072	85.7	-8.30	5	4		
REP82c	NZ_CP064065.1	300407	300426	75.0	-8.50	7	4	_c1	
REP82d	NZ_CP064065.1	300489	300502	57.1	-4.30	5	4		
REP83	NZ_CP064065.1	303291	303321	74.2	-19.70	11	7	_c1	
REP84a	NZ_CP064065.1	306289	306329	80.0	-36.80	16	5		
REP84b	NZ_CP064065.1	306330	306347	77.8	-12.20	7	4		
REP85	NZ_CP064065.1	311254	311271	88.9	-10.70	6	6		
REP2766d	NZ_CP064065.1	311932	311951	80.0	-5.30	5	10		
REP2766b	NZ_CP064065.1	312117	312129	100.0	-4.90	4	5		
REP86a	NZ_CP064065.1	312194	312237	72.7	-38.80	19	4	_c1	
REP86b	NZ_CP064065.1	312266	312278	92.3	-3.60	4	5		
REP86c	NZ_CP064065.1	312369	312399	64.5	-14.20	10	3	_c1_c1_c2	
REP87	NZ_CP064065.1	316600	316616	88.2	-11.50	6	5		
REP88a	NZ_CP064065.1	318509	318556	56.2	-32.70	17	14		
REP88c	NZ_CP064065.1	318617	318641	88.0	-15.60	9	5	_c1	
REP89a	NZ_CP064065.1	321145	321181	86.5	-36.60	15	7		
REP89b	NZ_CP064065.1	321237	321254	77.8	-8.20	5	8		
REP89c	NZ_CP064065.1	321387	321415	64.3	-10.20	10	3	_c1_c1	
REP91	NZ_CP064065.1	330995	331008	71.4	-3.80	5	4		
REP2765c	NZ_CP064065.1	332418	332429	66.7	-4.90	4	4		
REP2765b	NZ_CP064065.1	332817	332828	50.0	-2.00	4	4		
REP93a	NZ_CP064065.1	333223	333255	75.8	-16.70	12	3	_c3	
REP93c	NZ_CP064065.1	333559	333570	75.0	-3.40	4	4		
REP93d	NZ_CP064065.1	333670	333697	71.4	-12.60	9	8	_c1	
REP95a	NZ_CP064065.1	341136	341150	60.0	-8.50	5	5		
REP2764b	NZ_CP064065.1	341547	341564	44.4	-3.20	6	4	_c1	
REP2764a	NZ_CP064065.1	341770	341782	76.9	-5.90	4	5		
REP96a	NZ_CP064065.1	342299	342322	66.7	-12.00	7	10		
REP96c	NZ_CP064065.1	342737	342749	76.9	-3.40	4	5		
REP96d	NZ_CP064065.1	342809	342832	58.3	-8.90	9	4	_c1	
REP98	NZ_CP064065.1	345121	345143	87.0	-17.50	9	5		
REP2763d	NZ_CP064065.1	346420	346436	88.2	-10.90	6	5		
REP2763c	NZ_CP064065.1	346530	346545	93.8	-6.60	4	8		
REP2763a	NZ_CP064065.1	346632	346650	94.7	-15.80	8	3		
REP99c	NZ_CP064065.1	347085	347098	85.7	-4.70	4	6		
REP99d	NZ_CP064065.1	347158	347173	87.5	-5.50	5	4	_c1	
REP2762b	NZ_CP064065.1	348951	348966	56.2	-1.60	5	4	_c1	
REP2762a	NZ_CP064065.1	349141	349170	60.0	-19.90	12	6		
REP100b	NZ_CP064065.1	349327	349341	60.0	-7.60	5	5		
REP100d	NZ_CP064065.1	349544	349560	88.2	-9.80	7	3		
REP2761d	NZ_CP064065.1	353300	353312	69.2	-5.70	5	3		
REP2761c	NZ_CP064065.1	353598	353620	73.9	-12.00	9	3	_c1	
REP2761b	NZ_CP064065.1	353652	353663	83.3	-2.80	3	6		
REP2761a	NZ_CP064065.1	353702	353713	91.7	-6.40	4	4		
REP101a	NZ_CP064065.1	354180	354210	80.6	-17.90	11	5	_c2	
REP101b	NZ_CP064065.1	354195	354207	84.6	-3.90	4	5		
REP101c	NZ_CP064065.1	354321	354338	72.2	-8.30	7	4		
REP101d	NZ_CP064065.1	354499	354513	86.7	-2.60	4	3	_c1	
REP2760d	NZ_CP064065.1	359824	359835	91.7	-4.00	4	4		
REP2760c	NZ_CP064065.1	359942	359955	100.0	-7.70	5	4		
REP2760b	NZ_CP064065.1	360034	360049	75.0	-3.00	4	8		
REP102a	NZ_CP064065.1	360115	360142	75.0	-13.50	9	10		
REP2760a	NZ_CP064065.1	360130	360142	69.2	-3.50	4	5		
REP102c	NZ_CP064065.1	360236	360248	69.2	-2.90	4	5		
REP102d	NZ_CP064065.1	360520	360585	74.2	-49.80	23	6	_c1_c4_c2	
REP2759c	NZ_CP064065.1	363881	363902	68.2	-14.00	8	6		
REP2759a	NZ_CP064065.1	364039	364066	78.6	-26.70	12	4		
REP103a	NZ_CP064065.1	364152	364181	73.3	-16.80	9	10		
REP103b	NZ_CP064065.1	364312	364335	83.3	-12.30	7	10		
REP103c	NZ_CP064065.1	364748	364764	76.5	-6.10	5	5	_c1	
REP103d	NZ_CP064065.1	365221	365244	79.2	-7.30	7	4	_c3	
REP2757c	NZ_CP064065.1	369494	369514	66.7	-7.30	7	5	_c1	
REP2757b	NZ_CP064065.1	369699	369720	63.6	-8.30	7	8		
REP2757a	NZ_CP064065.1	369839	369866	78.6	-28.30	11	4		
REP105	NZ_CP064065.1	373926	373943	94.4	-13.50	7	4		
REP2756c	NZ_CP064065.1	376260	376276	76.5	-9.00	6	5		
REP2756b	NZ_CP064065.1	376350	376369	75.0	-13.60	7	6		
REP2756a	NZ_CP064065.1	376405	376434	80.0	-29.30	13	4		
REP106b	NZ_CP064065.1	376574	376597	79.2	-16.20	9	6		
REP106c	NZ_CP064065.1	377000	377015	87.5	-14.70	6	4		
REP107	NZ_CP064065.1	382478	382492	86.7	-4.60	4	7		
REP108	NZ_CP064065.1	383896	383907	50.0	-2.70	3	4		
REP2755d	NZ_CP064065.1	384597	384613	70.6	-9.90	7	3		
REP2755c	NZ_CP064065.1	384666	384681	87.5	-8.70	6	4		
REP109a	NZ_CP064065.1	385108	385134	92.6	-27.40	12	3		
REP109c	NZ_CP064065.1	385494	385538	80.0	-23.90	14	5	_c4_c1_c1	
REP2754d	NZ_CP064065.1	387062	387083	72.7	-11.50	8	4	_c1	
REP2754c	NZ_CP064065.1	387185	387219	71.4	-11.80	12	5	_c1_c1_c1	
REP2754b	NZ_CP064065.1	387257	387279	69.6	-10.10	7	5	_c2	
REP2754a	NZ_CP064065.1	387427	387442	87.5	-11.30	6	4		
REP111b	NZ_CP064065.1	387475	387485	90.9	-3.40	4	3		
REP111d	NZ_CP064065.1	387783	387806	58.3	-8.10	7	10		
REP2753d	NZ_CP064065.1	392150	392164	66.7	-6.50	6	3		
REP2753c	NZ_CP064065.1	392229	392244	62.5	-5.00	5	6		
REP2753b	NZ_CP064065.1	392371	392384	92.9	-8.30	5	4		
REP112a	NZ_CP064065.1	392729	392750	81.8	-12.20	8	4	_c1	
REP112b	NZ_CP064065.1	392914	392929	81.2	-6.90	6	4		
REP112d	NZ_CP064065.1	393263	393275	84.6	-4.70	4	5		
REP2752d	NZ_CP064065.1	397130	397141	83.3	-4.50	4	4		
REP2752c	NZ_CP064065.1	397167	397185	63.2	-11.50	8	3		
REP2752a	NZ_CP064065.1	397325	397342	94.4	-14.60	7	4		
REP113c	NZ_CP064065.1	397511	397523	91.7	-2.50	3	5		
REP113d	NZ_CP064065.1	397861	397876	62.5	-7.10	6	4		
REP114	NZ_CP064065.1	405354	405376	82.6	-13.20	7	9		
REP2750b	NZ_CP064065.1	406536	406547	83.3	-5.00	4	4		
REP2750a	NZ_CP064065.1	406593	406611	89.5	-13.60	7	5		
REP115a	NZ_CP064065.1	406613	406633	81.0	-12.20	7	7		
REP2749	NZ_CP064065.1	407624	407662	79.5	-38.20	17	5		
REP2748d	NZ_CP064065.1	412367	412385	73.7	-11.90	7	5		
REP2748c	NZ_CP064065.1	412442	412455	85.7	-5.00	4	6		
REP116a	NZ_CP064065.1	413010	413029	75.0	-8.30	7	4	_c1	
REP116b	NZ_CP064065.1	413228	413246	73.7	-10.20	7	5		
REP116c	NZ_CP064065.1	413277	413305	62.1	-13.10	11	5	_c1	
REP116d	NZ_CP064065.1	413588	413602	86.7	-9.10	5	5		
REP2747c	NZ_CP064065.1	413834	413863	63.3	-20.50	12	4	_c1	
REP2747b	NZ_CP064065.1	413939	413965	77.8	-18.10	9	9		
REP2747a	NZ_CP064065.1	413955	413969	100.0	-10.00	6	3		
REP2746	NZ_CP064065.1	416105	416118	78.6	-8.20	5	4		
REP117d	NZ_CP064065.1	416573	416588	75.0	-7.40	5	6		
REP2745d	NZ_CP064065.1	419032	419045	85.7	-8.90	5	4		
REP2745b	NZ_CP064065.1	419225	419236	83.3	-3.60	4	4		
REP2745a	NZ_CP064065.1	419370	419406	70.3	-32.00	16	5		
REP2744c	NZ_CP064065.1	421751	421776	84.6	-14.60	8	10		
REP2744b	NZ_CP064065.1	421803	421823	76.2	-11.70	7	7		
REP119a	NZ_CP064065.1	422140	422154	66.7	-6.40	6	3		
REP119b	NZ_CP064065.1	422253	422272	80.0	-6.30	6	8		
REP119c	NZ_CP064065.1	422287	422297	81.8	-2.20	3	5		
REP2743d	NZ_CP064065.1	425203	425234	81.2	-14.30	10	8	_c1_c1	
REP2743c	NZ_CP064065.1	425257	425314	82.8	-35.90	19	4	_c3_c5	
REP2743a	NZ_CP064065.1	425290	425301	83.3	-5.00	4	4		
REP120c	NZ_CP064065.1	425367	425383	100.0	-12.50	7	3		
REP120d	NZ_CP064065.1	425379	425392	92.9	-7.80	5	4		
REP2742d	NZ_CP064065.1	426310	426338	58.6	-21.10	12	5		
REP121b	NZ_CP064065.1	426763	426794	75.0	-24.90	13	4	_c1	
REP2741d	NZ_CP064065.1	427983	427994	66.7	-2.90	4	4		
REP2741a	NZ_CP064065.1	428409	428436	89.3	-15.70	8	12		
REP122a	NZ_CP064065.1	428726	428752	74.1	-11.00	7	9	_c1	
REP122c	NZ_CP064065.1	428943	428962	95.0	-9.70	6	8		
REP122d	NZ_CP064065.1	428957	428978	86.4	-9.40	6	10		
REP2740c	NZ_CP064065.1	430483	430498	68.8	-7.70	6	4		
REP2740b	NZ_CP064065.1	430502	430518	100.0	-12.40	7	3		
REP124b	NZ_CP064065.1	430598	430625	75.0	-19.20	10	8		
REP124d	NZ_CP064065.1	430938	430951	71.4	-6.10	5	4		
REP125	NZ_CP064065.1	435425	435470	47.8	-32.70	19	6		
REP2739d	NZ_CP064065.1	437317	437339	87.0	-8.20	7	3	_c3	
REP2739c	NZ_CP064065.1	437401	437414	85.7	-3.00	3	3		
REP127a	NZ_CP064065.1	437603	437642	77.5	-33.40	16	6	_c1	
REP127b	NZ_CP064065.1	437641	437658	88.9	-7.80	6	4	_c1	
REP127c	NZ_CP064065.1	437888	437906	73.7	-11.60	8	3		
REP127d	NZ_CP064065.1	437903	437920	100.0	-10.30	6	4	_c1	
REP2738d	NZ_CP064065.1	441566	441583	83.3	-7.70	6	4	_c1	
REP2738b	NZ_CP064065.1	441595	441606	83.3	-3.90	4	4		
REP128a	NZ_CP064065.1	442013	442024	66.7	-5.50	4	4		
REP128b	NZ_CP064065.1	442041	442065	88.0	-16.20	10	3	_c1	
REP128d	NZ_CP064065.1	442385	442407	82.6	-14.60	9	5		
REP2737	NZ_CP064065.1	443183	443223	87.8	-36.90	16	7	_c1	
REP2736a	NZ_CP064065.1	446756	446769	92.9	-7.10	5	4		
REP2734	NZ_CP064065.1	449680	449695	43.8	-4.70	6	4		
REP2733	NZ_CP064065.1	451249	451278	80.0	-17.60	10	8	_c1	
REP2732d	NZ_CP064065.1	454544	454570	59.3	-15.70	10	5	_c1	
REP2732b	NZ_CP064065.1	454713	454761	79.6	-25.50	16	5	_c1_c2_c3	
REP2732a	NZ_CP064065.1	454899	454919	81.0	-12.20	7	7		
REP129a	NZ_CP064065.1	455273	455291	94.7	-14.20	7	5		
REP129b	NZ_CP064065.1	455355	455386	71.9	-18.60	11	8	_c1	
REP2731d	NZ_CP064065.1	458101	458123	69.6	-10.30	7	7	_c1	
REP2731b	NZ_CP064065.1	458429	458440	75.0	-5.60	4	4		
REP130b	NZ_CP064065.1	458701	458720	90.0	-14.40	8	4		
REP130c	NZ_CP064065.1	458831	458845	73.3	-6.20	6	3		
REP130d	NZ_CP064065.1	458838	458859	72.7	-13.80	9	4		
REP2730d	NZ_CP064065.1	460185	460197	61.5	-2.50	5	3		
REP131b	NZ_CP064065.1	461026	461041	68.8	-8.00	6	4		
REP131c	NZ_CP064065.1	461219	461256	65.8	-18.50	14	4	_c1_c1_c1	
REP2729d	NZ_CP064065.1	464611	464644	70.6	-13.10	11	6	_c1_c2	
REP2729c	NZ_CP064065.1	464763	464774	90.9	-2.20	3	4		
REP2729a	NZ_CP064065.1	464892	464918	88.9	-26.00	12	3		
REP132b	NZ_CP064065.1	464964	464979	75.0	-3.70	4	8		
REP132c	NZ_CP064065.1	465079	465090	91.7	-4.40	4	4		
REP132d	NZ_CP064065.1	465120	465135	75.0	-4.90	5	6		
REP133a	NZ_CP064065.1	466380	466417	76.3	-39.90	17	4		
REP133b	NZ_CP064065.1	466516	466530	66.7	-4.20	4	7		
REP133c	NZ_CP064065.1	466537	466553	52.9	-6.80	7	3		
REP133d	NZ_CP064065.1	466734	466748	66.7	-4.20	4	7		
REP134a	NZ_CP064065.1	468249	468266	83.3	-13.00	7	4		
REP136a	NZ_CP064065.1	474958	474979	81.8	-12.80	7	8		
REP136b	NZ_CP064065.1	475014	475046	72.7	-15.90	13	3	_c1_c1	
REP137	NZ_CP064065.1	476023	476061	76.9	-39.70	18	3		
REP138a	NZ_CP064065.1	476940	476962	82.6	-17.50	10	3		
REP138c	NZ_CP064065.1	477003	477022	75.0	-13.00	7	6		
REP139	NZ_CP064065.1	477680	477696	76.5	-9.20	7	3		
REP140a	NZ_CP064065.1	478492	478535	84.1	-40.30	18	6	_c1	
REP140b	NZ_CP064065.1	478545	478558	50.0	-4.10	5	4		
REP141c	NZ_CP064065.1	480898	480921	87.5	-15.20	8	8		
REP142a	NZ_CP064065.1	481300	481316	76.5	-10.30	7	3		
REP144	NZ_CP064065.1	489181	489195	86.7	-8.90	5	5		
REP2728d	NZ_CP064065.1	493228	493238	72.7	-2.50	3	5		
REP2728c	NZ_CP064065.1	493250	493265	62.5	-4.80	6	4		
REP2728b	NZ_CP064065.1	493355	493368	71.4	-4.30	5	4		
REP2728a	NZ_CP064065.1	493618	493639	63.6	-8.70	7	8		
REP146a	NZ_CP064065.1	493942	493975	76.5	-13.70	13	4	_c1_c1	
REP146b	NZ_CP064065.1	493998	494016	63.2	-10.00	7	5		
REP146c	NZ_CP064065.1	494082	494104	78.3	-15.00	9	3	_c1	
REP146d	NZ_CP064065.1	494160	494171	91.7	-5.80	4	4		
REP2726c	NZ_CP064065.1	499659	499672	92.9	-9.70	5	4		
REP2726a	NZ_CP064065.1	499894	499926	75.8	-33.00	15	3		
REP147b	NZ_CP064065.1	499935	499956	81.8	-20.00	9	4		
REP147c	NZ_CP064065.1	500234	500252	52.6	-9.70	8	3		
REP148a	NZ_CP064065.1	503123	503164	61.9	-27.60	16	4	_c1_c2	
REP148b	NZ_CP064065.1	503204	503220	88.2	-10.30	7	3		
REP148c	NZ_CP064065.1	503209	503239	90.3	-22.50	12	5	_c1	
REP2724d	NZ_CP064065.1	503672	503685	78.6	-7.60	5	4		
REP149b	NZ_CP064065.1	504007	504023	52.9	-7.40	6	5		
REP149c	NZ_CP064065.1	504203	504214	83.3	-1.80	2	4		
REP149d	NZ_CP064065.1	504249	504275	81.5	-10.50	8	5	_c1_c2	
REP2722d	NZ_CP064065.1	519088	519098	81.8	-3.40	4	3		
REP2722c	NZ_CP064065.1	519098	519111	71.4	-6.80	5	4		
REP2722a	NZ_CP064065.1	519188	519219	68.8	-23.00	13	4	_c1	
REP150b	NZ_CP064065.1	519291	519304	64.3	-4.90	5	4		
REP150c	NZ_CP064065.1	519341	519358	83.3	-12.30	7	4		
REP150d	NZ_CP064065.1	519415	519432	88.9	-13.00	7	4		
REP2721d	NZ_CP064065.1	520496	520512	82.4	-7.40	5	7		
REP2721b	NZ_CP064065.1	520646	520674	89.7	-15.10	9	5	_c3	
REP151d	NZ_CP064065.1	520879	520890	91.7	-5.10	4	4		
REP2720	NZ_CP064065.1	522203	522214	50.0	-1.90	3	6		
REP2719d	NZ_CP064065.1	529105	529130	73.1	-13.30	9	4	_c2	
REP2719c	NZ_CP064065.1	529181	529219	71.8	-19.30	12	9	_c2_c1	
REP2719b	NZ_CP064065.1	529420	529439	60.0	-9.10	7	4	_c1	
REP2719a	NZ_CP064065.1	529458	529492	88.6	-35.50	15	5		
REP2718	NZ_CP064065.1	530347	530361	86.7	-8.20	5	5		
REP153a	NZ_CP064065.1	530581	530601	66.7	-6.90	7	5	_c1	
REP153b	NZ_CP064065.1	530655	530671	100.0	-10.00	6	5		
REP2717d	NZ_CP064065.1	530947	530962	62.5	-7.20	6	4		
REP2717c	NZ_CP064065.1	531316	531334	73.7	-9.10	6	7		
REP2717b	NZ_CP064065.1	531351	531365	73.3	-7.40	5	5		
REP2717a	NZ_CP064065.1	531455	531479	60.0	-14.40	9	7		
REP154b	NZ_CP064065.1	531890	531916	85.2	-16.40	9	7	_c1	
REP154c	NZ_CP064065.1	532209	532225	82.4	-10.90	7	3		
REP2716d	NZ_CP064065.1	533997	534017	71.4	-12.50	7	7		
REP2716c	NZ_CP064065.1	534026	534041	56.2	-6.20	6	4		
REP2716b	NZ_CP064065.1	534146	534158	46.2	-1.10	5	3		
REP2716a	NZ_CP064065.1	534476	534487	66.7	-2.30	3	6		
REP155a	NZ_CP064065.1	535379	535404	65.4	-13.70	9	8		
REP155b	NZ_CP064065.1	535511	535527	88.2	-6.90	5	7		
REP155c	NZ_CP064065.1	535550	535563	92.9	-6.60	5	4		
REP155d	NZ_CP064065.1	535649	535671	73.9	-13.20	8	7		
REP2715d	NZ_CP064065.1	541249	541262	100.0	-9.80	5	4		
REP2715a	NZ_CP064065.1	542044	542059	75.0	-6.90	5	6		
REP156b	NZ_CP064065.1	542527	542572	75.6	-29.10	17	4	_c1_c2	
REP157	NZ_CP064065.1	546204	546225	68.2	-8.50	8	4	_c1	
REP2714b	NZ_CP064065.1	548359	548385	81.5	-11.70	8	11		
REP2714a	NZ_CP064065.1	548619	548634	75.0	-10.10	6	4		
REP158a	NZ_CP064065.1	548726	548748	82.6	-11.40	8	5	_c1	
REP2713	NZ_CP064065.1	550574	550598	76.0	-14.10	10	3	_c1	
REP2712d	NZ_CP064065.1	555086	555099	71.4	-0.90	4	4	_c1	
REP2712c	NZ_CP064065.1	555177	555190	85.7	-8.90	5	4		
REP2712a	NZ_CP064065.1	555488	555520	75.8	-28.00	12	9		
REP159c	NZ_CP064065.1	555715	555732	88.9	-10.90	6	6		
REP2711	NZ_CP064065.1	557102	557135	76.5	-13.20	9	8	_c4	
REP160	NZ_CP064065.1	560030	560061	93.8	-30.90	13	4	_c1	
REP2710a	NZ_CP064065.1	565884	565903	78.9	-4.80	4	7		
REP161b	NZ_CP064065.1	565889	565903	73.3	-4.60	4	7		
REP161c	NZ_CP064065.1	565999	566017	57.9	-9.40	7	5		
REP161d	NZ_CP064065.1	566079	566104	76.9	-14.30	9	8		
REP162a	NZ_CP064065.1	570982	570995	71.4	-2.50	4	6		
REP162b	NZ_CP064065.1	571039	571073	82.9	-23.40	12	11		
REP162c	NZ_CP064065.1	571099	571112	92.9	-6.40	5	4		
REP163b	NZ_CP064065.1	577019	577062	54.5	-21.70	15	6	_c4	
REP2709d	NZ_CP064065.1	579244	579268	72.0	-11.50	8	5	_c2	
REP2709b	NZ_CP064065.1	579476	579504	86.2	-13.80	9	5	_c3	
REP165a	NZ_CP064065.1	579816	579831	81.2	-6.30	5	6		
REP165c	NZ_CP064065.1	579929	579958	60.0	-13.60	10	6	_c1	
REP165d	NZ_CP064065.1	579935	579974	65.0	-14.30	12	4	_c3_c2_c1	
REP166a	NZ_CP064065.1	583630	583663	79.4	-33.90	15	4		
REP166b	NZ_CP064065.1	583764	583777	92.9	-8.10	5	4		
REP166c	NZ_CP064065.1	583786	583797	33.3	1.60	4	4		
REP166d	NZ_CP064065.1	583895	583919	80.0	-14.70	9	5	_c1	
REP2708c	NZ_CP064065.1	584976	584995	90.0	-12.70	7	4	_c1	
REP2708a	NZ_CP064065.1	585273	585300	85.7	-17.30	9	10		
REP167d	NZ_CP064065.1	585440	585456	88.2	-6.80	6	3	_c1	
REP2706	NZ_CP064065.1	588648	588662	60.0	-5.60	6	3		
REP168	NZ_CP064065.1	592939	592982	88.6	-50.30	19	4	_c1	
REP169	NZ_CP064065.1	602048	602080	72.7	-31.30	14	5		
REP171b	NZ_CP064065.1	608589	608610	72.7	-10.60	7	8		
REP2705d	NZ_CP064065.1	610137	610151	73.3	-6.10	5	5		
REP2705c	NZ_CP064065.1	610505	610526	72.7	-15.00	9	4		
REP172a	NZ_CP064065.1	611022	611035	64.3	-2.50	4	6		
REP172b	NZ_CP064065.1	611137	611151	73.3	-6.10	6	3		
REP172c	NZ_CP064065.1	611167	611178	66.7	-3.80	4	4		
REP172d	NZ_CP064065.1	611444	611454	81.8	-0.90	3	5		
REP2704d	NZ_CP064065.1	614796	614843	83.3	-32.30	16	10	_c1_c2	
REP173b	NZ_CP064065.1	615000	615023	66.7	-6.60	7	8	_c1	
REP173d	NZ_CP064065.1	615125	615156	78.1	-19.30	11	8	_c1	
REP174	NZ_CP064065.1	627194	627225	100.0	-30.20	13	4	_c1	
REP175	NZ_CP064065.1	630406	630449	81.8	-31.80	16	6	_c2_c1	
REP2703b	NZ_CP064065.1	633907	633920	92.9	-5.10	4	6		
REP2703a	NZ_CP064065.1	634023	634036	92.9	-7.40	5	4		
REP176a	NZ_CP064065.1	634059	634075	88.2	-11.30	7	3		
REP176c	NZ_CP064065.1	634219	634232	78.6	-5.70	5	4		
REP2702a	NZ_CP064065.1	636058	636074	94.1	-12.40	6	5		
REP2701a	NZ_CP064065.1	636997	637012	87.5	-7.70	5	6		
REP177a	NZ_CP064065.1	637188	637199	100.0	-5.50	4	4		
REP177b	NZ_CP064065.1	637224	637237	100.0	-9.70	5	4		
REP177c	NZ_CP064065.1	637239	637259	90.5	-12.40	8	3	_c1	
REP177d	NZ_CP064065.1	637384	637408	80.0	-17.60	11	3		
REP2700c	NZ_CP064065.1	644536	644548	100.0	-6.70	5	3		
REP2700b	NZ_CP064065.1	644631	644650	75.0	-13.80	7	6		
REP178b	NZ_CP064065.1	644933	644950	72.2	-7.40	6	6		
REP178c	NZ_CP064065.1	644945	644959	86.7	-8.00	6	3		
REP178d	NZ_CP064065.1	644957	644974	77.8	-11.00	7	4		
REP2699c	NZ_CP064065.1	645960	645986	77.8	-18.10	11	3	_c1	
REP179a	NZ_CP064065.1	646175	646225	80.4	-57.10	24	3		
REP179b	NZ_CP064065.1	646256	646273	72.2	-10.80	7	4		
REP179c	NZ_CP064065.1	646307	646320	92.9	-9.80	5	4		
REP2698	NZ_CP064065.1	647233	647251	57.9	-9.40	7	5		
REP180	NZ_CP064065.1	651624	651646	82.6	-15.00	8	7		
REP2697d	NZ_CP064065.1	657823	657845	78.3	-10.70	7	9		
REP2697c	NZ_CP064065.1	657939	657954	100.0	-10.10	5	4		
REP181c	NZ_CP064065.1	657967	657998	84.4	-32.90	14	4		
REP2696d	NZ_CP064065.1	662732	662748	93.8	-6.30	4	7		
REP182a	NZ_CP064065.1	662734	662753	95.0	-11.20	7	4	_c1	
REP2696b	NZ_CP064065.1	662884	662906	69.6	-13.80	9	3	_c1	
REP2696a	NZ_CP064065.1	662945	662964	75.0	-5.80	5	8	_c1	
REP183a	NZ_CP064065.1	663098	663112	73.3	-6.60	5	5		
REP183b	NZ_CP064065.1	663131	663156	69.2	-22.40	11	4		
REP2695	NZ_CP064065.1	663683	663717	82.9	-24.60	14	3	_c1_c1	
REP184a	NZ_CP064065.1	667386	667403	77.8	-11.90	7	4		
REP184b	NZ_CP064065.1	667586	667605	80.0	-12.10	7	6		
REP2694d	NZ_CP064065.1	675219	675231	84.6	-5.00	4	5		
REP2694c	NZ_CP064065.1	675424	675443	100.0	-17.50	8	4		
REP2694b	NZ_CP064065.1	675426	675446	100.0	-16.90	8	5		
REP2694a	NZ_CP064065.1	675551	675566	81.2	-10.10	6	4		
REP185a	NZ_CP064065.1	675630	675668	92.3	-25.20	13	7	_c1_c2	
REP185d	NZ_CP064065.1	675726	675741	87.5	-8.60	6	4		
REP2693d	NZ_CP064065.1	678880	678899	85.0	-14.90	8	4		
REP2693b	NZ_CP064065.1	678972	679014	83.7	-28.20	14	7	_c2_c2	
REP2693a	NZ_CP064065.1	679005	679024	80.0	-13.90	8	4		
REP186b	NZ_CP064065.1	679213	679223	90.0	-1.00	3	3		
REP186c	NZ_CP064065.1	679274	679289	93.8	-12.20	6	4		
REP2692d	NZ_CP064065.1	685958	685973	68.8	-8.40	6	4		
REP2692c	NZ_CP064065.1	686053	686070	72.2	-4.90	6	4	_c1	
REP187d	NZ_CP064065.1	686498	686524	92.6	-15.10	9	7	_c1	
REP2691d	NZ_CP064065.1	688746	688761	87.5	-9.30	6	4		
REP2691c	NZ_CP064065.1	688809	688826	77.8	-6.60	6	4	_c1	
REP188a	NZ_CP064065.1	692967	693009	69.8	-42.70	19	5		
REP188b	NZ_CP064065.1	693030	693053	70.8	-12.00	7	8	_c1	
REP188d	NZ_CP064065.1	693206	693222	94.1	-13.20	7	3		
REP2690d	NZ_CP064065.1	695126	695152	81.5	-16.30	10	5	_c1	
REP189a	NZ_CP064065.1	695506	695537	78.1	-30.60	14	4		
REP2690a	NZ_CP064065.1	695549	695569	90.5	-17.00	9	3		
REP189d	NZ_CP064065.1	695576	695589	92.9	-7.10	5	4		
REP2689	NZ_CP064065.1	696659	696675	94.1	-13.30	7	3		
REP2688	NZ_CP064065.1	698127	698143	76.5	-10.40	7	3		
REP190c	NZ_CP064065.1	698475	698488	78.6	-7.60	5	4		
REP190d	NZ_CP064065.1	698658	698678	76.2	-10.60	7	5	_c1	
REP2687d	NZ_CP064065.1	707513	707550	81.6	-14.90	11	8	_c1_c2_c1	
REP192	NZ_CP064065.1	707672	707685	64.3	1.30	4	4	_c1	
REP2687b	NZ_CP064065.1	707753	707769	52.9	-5.90	5	7		
REP2687a	NZ_CP064065.1	707837	707851	80.0	-7.40	5	5		
REP193b	NZ_CP064065.1	708411	708421	81.8	-1.40	3	5		
REP193d	NZ_CP064065.1	709245	709267	95.7	-14.50	9	3	_c1	
REP2686a	NZ_CP064065.1	715210	715223	92.9	-7.70	5	4		
REP194	NZ_CP064065.1	718396	718426	96.8	-33.20	14	3		
REP195a	NZ_CP064065.1	719691	719715	76.0	-12.40	7	11		
REP195c	NZ_CP064065.1	719897	719916	80.0	-12.20	8	4		
REP2683d	NZ_CP064065.1	721255	721266	66.7	-2.90	4	4		
REP2683c	NZ_CP064065.1	721615	721628	64.3	-1.80	2	8		
REP2683b	NZ_CP064065.1	721849	721861	83.3	-2.70	3	5		
REP2683a	NZ_CP064065.1	721911	721938	71.4	-22.80	12	4		
REP196a	NZ_CP064065.1	722121	722136	62.5	-8.10	6	4		
REP196b	NZ_CP064065.1	722197	722210	92.9	-6.40	5	4		
REP196d	NZ_CP064065.1	722588	722615	75.0	-18.20	10	8		
REP2682a	NZ_CP064065.1	724889	724916	75.0	-16.80	10	6	_c1	
REP2681d	NZ_CP064065.1	734177	734211	68.6	-11.80	11	9	_c1_c1	
REP2681c	NZ_CP064065.1	734202	734216	73.3	-7.00	6	3		
REP2681a	NZ_CP064065.1	734319	734335	88.2	-12.60	7	3		
REP197a	NZ_CP064065.1	734538	734552	80.0	-5.80	5	5		
REP197b	NZ_CP064065.1	734576	734595	80.0	-12.00	7	4	_c1	
REP197c	NZ_CP064065.1	734858	734883	76.9	-14.10	9	4	_c2	
REP197d	NZ_CP064065.1	734957	734990	85.3	-18.70	11	8	_c1_c1	
REP2679d	NZ_CP064065.1	738059	738085	70.4	-10.60	8	11		
REP2679b	NZ_CP064065.1	738330	738360	90.3	-22.00	10	11		
REP2679a	NZ_CP064065.1	738856	738868	76.9	-5.90	4	5		
REP198b	NZ_CP064065.1	739229	739241	92.3	-6.70	5	3		
REP198c	NZ_CP064065.1	739286	739297	100.0	-5.10	4	4		
REP199b	NZ_CP064065.1	741386	741426	90.2	-44.60	19	3		
REP199c	NZ_CP064065.1	741401	741435	88.6	-29.00	14	5	_c1	
REP200a	NZ_CP064065.1	743412	743427	80.0	-7.80	5	4		
REP2678c	NZ_CP064065.1	745165	745176	75.0	-5.60	4	4		
REP2678b	NZ_CP064065.1	745185	745201	88.2	-11.30	7	3		
REP201b	NZ_CP064065.1	745439	745464	84.6	-18.60	10	4	_c1	
REP201c	NZ_CP064065.1	745485	745499	86.7	-9.20	6	3		
REP202	NZ_CP064065.1	750728	750757	73.3	-26.20	13	4		
REP2677c	NZ_CP064065.1	755158	755175	88.9	-12.20	7	4		
REP2677b	NZ_CP064065.1	755231	755244	78.6	-6.10	5	4		
REP2677a	NZ_CP064065.1	755384	755408	64.0	-13.50	10	3	_c1	
REP204b	NZ_CP064065.1	755787	755801	73.3	-7.50	5	5		
REP204c	NZ_CP064065.1	755896	755910	80.0	-6.60	5	5		
REP204d	NZ_CP064065.1	755980	755992	69.2	-3.50	4	5		
REP2676c	NZ_CP064065.1	757131	757186	75.0	-35.40	21	6	_c3_c1	
REP2676d	NZ_CP064065.1	757134	757151	77.8	-9.30	6	6		
REP2676b	NZ_CP064065.1	757236	757254	89.5	-12.90	7	5		
REP2676a	NZ_CP064065.1	757328	757373	82.6	-19.60	15	4	_c1_c2_c2_c1	
REP205b	NZ_CP064065.1	757842	757877	71.4	-19.40	12	8	_c1	
REP205c	NZ_CP064065.1	757861	757874	85.7	-5.20	4	6		
REP205d	NZ_CP064065.1	757983	757996	92.9	-7.20	5	4		
REP2675d	NZ_CP064065.1	758718	758738	81.0	-12.60	8	5		
REP2675c	NZ_CP064065.1	758733	758748	93.8	-6.40	4	4		
REP2675b	NZ_CP064065.1	758761	758777	88.2	-7.10	5	5	_c1	
REP206a	NZ_CP064065.1	758939	758959	81.0	-9.60	8	3	_c1	
REP2673d	NZ_CP064065.1	761527	761544	77.8	-13.90	6	4		
REP2673c	NZ_CP064065.1	761583	761605	91.3	-11.20	7	5	_c1_c1	
REP207b	NZ_CP064065.1	762073	762086	85.7	-7.10	5	4		
REP207c	NZ_CP064065.1	762171	762182	83.3	-4.50	4	4		
REP207d	NZ_CP064065.1	762320	762334	86.7	-8.00	6	3		
REP2672c	NZ_CP064065.1	769660	769675	75.0	-5.60	5	6		
REP2672b	NZ_CP064065.1	769890	769916	70.4	-13.80	11	3	_c1	
REP208a	NZ_CP064065.1	770112	770127	87.5	-8.10	6	4		
REP2672a	NZ_CP064065.1	770145	770160	87.5	-5.80	4	8		
REP208c	NZ_CP064065.1	770521	770540	95.0	-16.60	8	4		
REP2671c	NZ_CP064065.1	778401	778415	60.0	-4.60	5	5		
REP2671b	NZ_CP064065.1	778533	778548	81.2	-10.20	6	4		
REP209a	NZ_CP064065.1	778553	778588	80.6	-33.60	15	4	_c1	
REP209b	NZ_CP064065.1	778847	778864	83.3	-8.60	6	6		
REP209c	NZ_CP064065.1	778926	778938	92.3	-6.70	5	3		
REP209d	NZ_CP064065.1	779042	779075	64.7	-20.60	13	6	_c1	
REP2669b	NZ_CP064065.1	779746	779778	51.5	-21.00	13	7		
REP2668	NZ_CP064065.1	781666	781682	94.1	-12.50	7	3		
REP2667b	NZ_CP064065.1	784369	784406	81.6	-39.60	17	4		
REP2666c	NZ_CP064065.1	785166	785184	88.9	-10.80	7	3		
REP210a	NZ_CP064065.1	785424	785442	84.2	-11.90	7	5		
REP210b	NZ_CP064065.1	785520	785535	56.2	-1.40	4	8		
REP210c	NZ_CP064065.1	785714	785736	82.6	-14.10	8	5	_c1	
REP210d	NZ_CP064065.1	785809	785822	100.0	-8.90	5	4		
REP2665d	NZ_CP064065.1	808347	808360	64.3	-0.80	3	4		
REP2665b	NZ_CP064065.1	808486	808508	73.9	-12.00	7	9		
REP2665a	NZ_CP064065.1	808601	808613	92.3	-3.90	4	5		
REP211c	NZ_CP064065.1	808785	808796	100.0	-4.20	4	4		
REP211d	NZ_CP064065.1	808807	808817	81.8	-2.50	3	5		
REP212d	NZ_CP064065.1	809863	809875	69.2	-3.70	5	3		
REP2664c	NZ_CP064065.1	813753	813767	73.3	-5.60	6	3		
REP2664b	NZ_CP064065.1	813862	813873	83.3	-4.80	4	4		
REP2664a	NZ_CP064065.1	813897	813912	100.0	-9.50	5	4		
REP214b	NZ_CP064065.1	813962	813976	86.7	-7.30	5	5		
REP214d	NZ_CP064065.1	814324	814340	58.8	-6.70	7	3		
REP2663c	NZ_CP064065.1	814470	814488	94.7	-13.70	7	5		
REP2663a	NZ_CP064065.1	814540	814574	85.7	-36.40	16	3		
REP215	NZ_CP064065.1	820368	820399	71.9	-16.60	11	8	_c1	
REP216a	NZ_CP064065.1	824384	824400	76.5	-9.90	6	5		
REP216b	NZ_CP064065.1	824425	824443	73.7	-13.70	7	5		
REP216c	NZ_CP064065.1	824495	824512	77.8	-11.40	7	4		
REP217	NZ_CP064065.1	827010	827030	100.0	-16.60	8	5		
REP218a	NZ_CP064065.1	834161	834184	100.0	-25.40	10	4		
REP218b	NZ_CP064065.1	834242	834280	76.9	-27.00	15	3	_c2_c1	
REP218c	NZ_CP064065.1	834407	834423	82.4	-10.40	7	3		
REP219	NZ_CP064065.1	836660	836694	80.0	-35.80	16	3		
REP2662d	NZ_CP064065.1	839494	839509	68.8	-2.00	5	4	_c1	
REP2662a	NZ_CP064065.1	839783	839819	67.6	-28.30	13	9		
REP220b	NZ_CP064065.1	840002	840013	91.7	-5.70	4	4		
REP2661	NZ_CP064065.1	842753	842768	87.5	-11.00	6	4		
REP2660	NZ_CP064065.1	843804	843826	60.9	-9.80	7	9		
REP2659	NZ_CP064065.1	844409	844423	80.0	-4.70	4	7		
REP2658	NZ_CP064065.1	845775	845786	91.7	0.50	2	7		
REP2657c	NZ_CP064065.1	851320	851338	78.9	-12.30	7	5		
REP2657b	NZ_CP064065.1	851422	851434	76.9	-4.50	4	5		
REP2657a	NZ_CP064065.1	851616	851635	78.9	-5.60	5	7		
REP221a	NZ_CP064065.1	852239	852253	66.7	-6.50	5	5		
REP221b	NZ_CP064065.1	852831	852862	71.9	-17.70	12	4	_c2	
REP221c	NZ_CP064065.1	852907	852922	81.2	-11.20	6	4		
REP221d	NZ_CP064065.1	853018	853041	70.8	-9.90	8	6	_c1	
REP2656d	NZ_CP064065.1	855745	855761	88.2	-8.00	5	7		
REP2656c	NZ_CP064065.1	855766	855781	81.2	-7.40	5	6		
REP2656b	NZ_CP064065.1	855831	855865	68.6	-32.10	15	5		
REP2656a	NZ_CP064065.1	855900	855920	57.1	-9.40	8	5		
REP2654	NZ_CP064065.1	871210	871228	68.4	-12.10	6	5		
REP2653d	NZ_CP064065.1	878162	878180	73.7	-13.20	7	5		
REP2653c	NZ_CP064065.1	878497	878519	60.9	-11.60	7	7		
REP2653b	NZ_CP064065.1	879114	879131	72.2	-5.90	6	4	_c1	
REP2652c	NZ_CP064065.1	900217	900235	94.7	-13.20	7	5		
REP222a	NZ_CP064065.1	900561	900579	94.7	-8.40	6	5	_c1	
REP222b	NZ_CP064065.1	900659	900672	92.9	-8.30	5	4		
REP222c	NZ_CP064065.1	900713	900727	93.3	-7.20	5	5		
REP2651d	NZ_CP064065.1	902632	902643	91.7	-6.40	4	4		
REP2651a	NZ_CP064065.1	902953	902970	83.3	-10.70	6	6		
REP223a	NZ_CP064065.1	903133	903151	84.2	-9.30	6	7		
REP223b	NZ_CP064065.1	903260	903277	88.9	-12.50	6	6		
REP223c	NZ_CP064065.1	903352	903376	72.0	-15.60	9	7		
REP223d	NZ_CP064065.1	903595	903611	82.4	-11.40	6	5		
REP2650b	NZ_CP064065.1	907643	907660	77.8	-8.20	5	4		
REP225a	NZ_CP064065.1	920638	920658	81.0	-12.40	7	7		
REP226c	NZ_CP064065.1	921572	921590	78.9	-9.80	7	5		
REP227a	NZ_CP064065.1	922207	922218	66.7	-3.10	4	4		
REP227b	NZ_CP064065.1	922248	922259	91.7	-6.40	4	4		
REP2649d	NZ_CP064065.1	922477	922497	85.7	-14.70	7	7		
REP2649b	NZ_CP064065.1	922649	922661	69.2	-4.90	4	5		
REP228a	NZ_CP064065.1	923101	923115	86.7	-7.90	6	3		
REP228b	NZ_CP064065.1	923194	923211	66.7	-9.50	7	4		
REP228c	NZ_CP064065.1	923229	923243	66.7	-5.10	5	5		
REP228d	NZ_CP064065.1	923441	923458	88.9	-11.80	6	6		
REP229a	NZ_CP064065.1	926051	926070	90.0	-12.00	7	6		
REP229b	NZ_CP064065.1	926072	926088	82.4	-9.80	6	5		
REP229c	NZ_CP064065.1	926173	926188	60.0	-6.40	5	4		
REP2648a	NZ_CP064065.1	926232	926245	78.6	-8.00	5	4		
REP2647d	NZ_CP064065.1	933645	933680	72.2	-16.20	12	4	_c2_c1_c1	
REP2647c	NZ_CP064065.1	933702	933728	55.6	-7.10	7	13		
REP2647b	NZ_CP064065.1	933862	933877	68.8	-8.70	6	4		
REP230c	NZ_CP064065.1	933922	933935	100.0	-7.30	5	4		
REP230d	NZ_CP064065.1	934103	934118	87.5	-10.10	6	4		
REP2646d	NZ_CP064065.1	935308	935319	83.3	-8.80	4	4		
REP2646a	NZ_CP064065.1	935498	935512	93.3	-10.00	6	3		
REP2645a	NZ_CP064065.1	938373	938393	81.0	-12.50	7	7		
REP2644	NZ_CP064065.1	953530	953541	83.3	-5.30	4	4		
REP2642d	NZ_CP064065.1	962191	962228	81.6	-26.50	14	4	_c1_c2	
REP2642a	NZ_CP064065.1	962455	962486	84.4	-24.30	12	8		
REP232c	NZ_CP064065.1	962666	962694	65.5	-13.60	11	3	_c2	
REP232d	NZ_CP064065.1	962941	962959	63.2	-11.20	8	3		
REP2641	NZ_CP064065.1	963091	963112	63.6	-10.80	8	4	_c1	
REP2640d	NZ_CP064065.1	967197	967211	66.7	-6.10	5	5		
REP2640c	NZ_CP064065.1	967393	967409	70.6	-6.40	6	5		
REP2640b	NZ_CP064065.1	967418	967431	100.0	-6.80	4	4		
REP2640a	NZ_CP064065.1	967499	967510	83.3	-2.80	3	6		
REP233d	NZ_CP064065.1	967801	967815	86.7	-8.60	6	3		
REP234a	NZ_CP064065.1	969351	969363	76.9	-5.00	4	5		
REP234d	NZ_CP064065.1	969431	969453	87.0	-15.50	8	7		
REP2638d	NZ_CP064065.1	974987	975015	96.6	-18.50	11	3	_c1_c1	
REP2638c	NZ_CP064065.1	975022	975035	85.7	-4.70	4	6		
REP2638b	NZ_CP064065.1	975408	975433	76.9	-13.90	9	8		
REP235a	NZ_CP064065.1	975662	975680	63.2	-10.90	6	5		
REP235b	NZ_CP064065.1	975736	975753	83.3	-7.70	6	4	_c1	
REP235d	NZ_CP064065.1	975955	975978	79.2	-10.50	9	4	_c1	
REP236	NZ_CP064065.1	981729	981754	61.5	-10.20	9	6	_c1	
REP2637d	NZ_CP064065.1	981948	981967	70.0	-6.60	6	6	_c1	
REP2637b	NZ_CP064065.1	982069	982086	64.7	-1.90	3	4		
REP237a	NZ_CP064065.1	982159	982204	80.4	-42.00	19	6	_c1	
REP237d	NZ_CP064065.1	982770	982781	75.0	-3.20	4	4		
REP2636b	NZ_CP064065.1	986423	986435	69.2	-3.00	4	5		
REP2636a	NZ_CP064065.1	986765	986781	76.5	-9.20	7	3		
REP238a	NZ_CP064065.1	986868	986893	76.9	-11.50	9	4	_c2	
REP238b	NZ_CP064065.1	987151	987171	85.7	-12.30	7	7		
REP238c	NZ_CP064065.1	987205	987217	84.6	-4.90	4	5		
REP239a	NZ_CP064065.1	989439	989452	78.6	-6.60	5	4		
REP2635d	NZ_CP064065.1	993553	993571	68.4	-6.40	6	5	_c1	
REP2635b	NZ_CP064065.1	993653	993668	62.5	-7.90	6	4		
REP240a	NZ_CP064065.1	993761	993778	94.4	-15.60	7	4		
REP240b	NZ_CP064065.1	993860	993884	84.0	-19.10	10	5		
REP240c	NZ_CP064065.1	994197	994219	73.9	-11.50	9	3	_c1	
REP2634b	NZ_CP064065.1	995141	995164	75.0	-14.80	8	8		
REP2634a	NZ_CP064065.1	995152	995164	76.9	-2.80	4	5		
REP2633b	NZ_CP064065.1	996886	996897	91.7	-5.20	4	4		
REP241b	NZ_CP064065.1	997132	997145	92.9	-8.80	5	4		
REP241c	NZ_CP064065.1	997156	997191	77.8	-11.40	10	8	_c3_c1	
REP242c	NZ_CP064065.1	997651	997664	92.9	-7.30	5	4		
REP242d	NZ_CP064065.1	997662	997675	85.7	-6.00	4	6		
REP2632b	NZ_CP064065.1	1002660	1002675	75.0	-6.30	5	6		
REP2632a	NZ_CP064065.1	1002757	1002770	92.9	-8.40	5	4		
REP2631d	NZ_CP064065.1	1004687	1004700	78.6	-5.10	5	4		
REP2631c	NZ_CP064065.1	1004697	1004714	94.4	-13.20	7	4		
REP2631a	NZ_CP064065.1	1004956	1004995	80.0	-36.80	17	6		
REP2630	NZ_CP064065.1	1009951	1009969	100.0	-13.20	7	5		
REP2629d	NZ_CP064065.1	1012704	1012723	75.0	-6.00	6	6	_c1	
REP2629c	NZ_CP064065.1	1012767	1012803	67.6	-23.50	14	5	_c2	
REP243c	NZ_CP064065.1	1012941	1012956	75.0	-9.30	6	4		
REP2628d	NZ_CP064065.1	1015272	1015287	50.0	-5.00	6	4		
REP2628c	NZ_CP064065.1	1015343	1015355	92.3	-4.50	4	5		
REP2628b	NZ_CP064065.1	1015351	1015371	81.0	-7.10	6	9		
REP2628a	NZ_CP064065.1	1015409	1015445	89.2	-38.80	16	5		
REP244c	NZ_CP064065.1	1015451	1015472	86.4	-9.10	7	6	_c1	
REP244d	NZ_CP064065.1	1015623	1015639	47.1	-6.60	6	5		
REP245a	NZ_CP064065.1	1018661	1018691	83.9	-19.20	11	5	_c2	
REP2627c	NZ_CP064065.1	1018667	1018714	83.3	-43.60	19	10		
REP2626c	NZ_CP064065.1	1021023	1021050	82.1	-11.30	8	6	_c3	
REP2626a	NZ_CP064065.1	1021271	1021309	74.4	-38.10	17	5		
REP246c	NZ_CP064065.1	1021414	1021428	100.0	-10.00	6	3		
REP246d	NZ_CP064065.1	1021422	1021440	89.5	-14.20	7	5		
REP2625c	NZ_CP064065.1	1027999	1028022	75.0	-16.70	9	6		
REP2625b	NZ_CP064065.1	1028039	1028059	90.5	-17.30	9	3		
REP2625a	NZ_CP064065.1	1028153	1028189	86.5	-32.30	15	5	_c1	
REP2624	NZ_CP064065.1	1032178	1032193	87.5	-5.80	4	8		
REP2622d	NZ_CP064065.1	1035707	1035732	76.9	-19.40	9	8		
REP2622c	NZ_CP064065.1	1035808	1035829	81.8	-11.60	7	8		
REP2622b	NZ_CP064065.1	1035942	1035953	91.7	-3.10	4	4		
REP247a	NZ_CP064065.1	1036121	1036144	83.3	-16.80	8	4	_c2	
REP247c	NZ_CP064065.1	1036205	1036236	78.1	-19.00	11	6	_c2	
REP247d	NZ_CP064065.1	1036245	1036257	92.3	-5.90	5	3		
REP248	NZ_CP064065.1	1037953	1037967	86.7	-8.00	6	3		
REP2621d	NZ_CP064065.1	1038113	1038138	76.9	-10.50	7	12		
REP2621c	NZ_CP064065.1	1038304	1038318	86.7	-7.80	6	3		
REP2621b	NZ_CP064065.1	1038392	1038423	71.9	-24.70	13	4	_c1	
REP2621a	NZ_CP064065.1	1038458	1038477	75.0	-5.30	6	6	_c1	
REP249a	NZ_CP064065.1	1038582	1038600	84.2	-15.00	7	5		
REP2620	NZ_CP064065.1	1041062	1041076	60.0	-5.30	5	5		
REP250a	NZ_CP064065.1	1041615	1041646	68.8	-29.10	14	4		
REP250c	NZ_CP064065.1	1041836	1041847	83.3	-3.70	4	4		
REP250d	NZ_CP064065.1	1041990	1042001	66.7	-1.90	4	4		
REP252b	NZ_CP064065.1	1052242	1052262	38.1	-7.20	7	7		
REP2618d	NZ_CP064065.1	1055503	1055526	87.0	-15.20	8	6		
REP2618c	NZ_CP064065.1	1055616	1055635	85.0	-12.10	7	6		
REP2618b	NZ_CP064065.1	1055728	1055740	92.3	-5.00	4	5		
REP253b	NZ_CP064065.1	1056018	1056032	100.0	-10.10	6	3		
REP2617c	NZ_CP064065.1	1057571	1057590	70.0	-17.60	8	4		
REP2617a	NZ_CP064065.1	1057630	1057659	83.3	-30.00	13	4		
REP2616a	NZ_CP064065.1	1062047	1062058	83.3	-1.10	2	5		
REP254a	NZ_CP064065.1	1062175	1062198	83.3	-16.30	8	8		
REP254d	NZ_CP064065.1	1062649	1062660	83.3	-3.90	4	4		
REP2614	NZ_CP064065.1	1063265	1063282	72.2	-5.60	5	8		
REP2613d	NZ_CP064065.1	1066504	1066525	81.8	-15.00	8	6		
REP2613c	NZ_CP064065.1	1066571	1066591	85.7	-16.90	8	5		
REP255c	NZ_CP064065.1	1067223	1067245	73.9	-10.30	8	5	_c1	
REP255d	NZ_CP064065.1	1067491	1067512	77.3	-9.40	8	4	_c1	
REP2612	NZ_CP064065.1	1069649	1069673	100.0	-20.20	9	7		
REP2611b	NZ_CP064065.1	1071683	1071719	83.8	-39.40	16	5		
REP2611a	NZ_CP064065.1	1071754	1071766	100.0	-5.50	4	5		
REP256c	NZ_CP064065.1	1071755	1071768	100.0	-9.80	5	4		
REP2610	NZ_CP064065.1	1072828	1072845	61.1	-11.30	7	4		
REP2609	NZ_CP064065.1	1074154	1074166	61.5	-3.80	4	5		
REP2608	NZ_CP064065.1	1076284	1076298	86.7	-9.10	6	3		
REP2607c	NZ_CP064065.1	1082429	1082439	100.0	-1.50	3	5		
REP2607b	NZ_CP064065.1	1082534	1082560	85.2	-20.80	11	3	_c1	
REP257c	NZ_CP064065.1	1082570	1082583	85.7	-5.00	4	6		
REP257d	NZ_CP064065.1	1082750	1082762	76.9	-4.90	4	5		
REP2606d	NZ_CP064065.1	1083173	1083198	73.1	-8.70	7	12		
REP2605a	NZ_CP064065.1	1101338	1101351	78.6	-6.90	5	4		
REP2604d	NZ_CP064065.1	1102672	1102686	86.7	-7.90	5	5		
REP2604b	NZ_CP064065.1	1102767	1102781	93.3	-9.20	6	3		
REP2604a	NZ_CP064065.1	1102805	1102838	82.4	-19.50	12	4	_c2_c1	
REP258b	NZ_CP064065.1	1102906	1102919	71.4	-5.10	5	4		
REP258d	NZ_CP064065.1	1103082	1103110	75.9	-14.10	10	5	_c1_c1	
REP2603b	NZ_CP064065.1	1103925	1103943	68.4	-12.70	6	5		
REP2603a	NZ_CP064065.1	1103926	1103947	77.3	-19.60	9	4		
REP2602a	NZ_CP064065.1	1105375	1105393	57.9	-5.60	6	7		
REP259a	NZ_CP064065.1	1105588	1105606	63.2	-11.00	8	3		
REP259b	NZ_CP064065.1	1105915	1105928	71.4	-5.30	5	4		
REP259c	NZ_CP064065.1	1106091	1106109	78.9	-12.70	7	5		
REP2601c	NZ_CP064065.1	1106690	1106702	84.6	-6.70	5	3		
REP2601b	NZ_CP064065.1	1106847	1106869	82.6	-14.70	8	7		
REP2601a	NZ_CP064065.1	1106861	1106882	86.4	-10.30	5	8		
REP2600d	NZ_CP064065.1	1108627	1108647	90.5	-11.30	7	5	_c1	
REP2600c	NZ_CP064065.1	1108663	1108689	88.9	-14.80	8	11		
REP2600b	NZ_CP064065.1	1108698	1108713	81.2	-5.60	5	4	_c1	
REP2600a	NZ_CP064065.1	1108817	1108835	89.5	-12.80	7	5		
REP260c	NZ_CP064065.1	1109078	1109093	81.2	-7.60	6	4		
REP260d	NZ_CP064065.1	1109159	1109178	75.0	-9.10	6	8		
REP2599d	NZ_CP064065.1	1110615	1110634	85.0	-6.60	6	4	_c2	
REP2599c	NZ_CP064065.1	1110666	1110689	91.7	-17.40	8	8		
REP2599b	NZ_CP064065.1	1110709	1110727	78.9	-13.40	7	5		
REP2599a	NZ_CP064065.1	1111271	1111288	66.7	-10.10	7	4		
REP261c	NZ_CP064065.1	1111553	1111579	88.5	-16.50	9	5	_c1	
REP2598d	NZ_CP064065.1	1113372	1113385	71.4	-5.60	5	4		
REP2598c	NZ_CP064065.1	1113506	1113517	75.0	-3.20	4	4		
REP262a	NZ_CP064065.1	1113603	1113630	75.0	-12.20	8	6	_c2_c1	
REP2598a	NZ_CP064065.1	1113670	1113701	81.2	-22.80	10	12		
REP262c	NZ_CP064065.1	1113761	1113777	76.5	-9.30	6	5		
REP262d	NZ_CP064065.1	1114105	1114120	93.8	-6.40	5	4	_c1	
REP263a	NZ_CP064065.1	1116011	1116021	81.8	-2.60	3	5		
REP263b	NZ_CP064065.1	1116177	1116193	76.5	-11.20	7	3		
REP263d	NZ_CP064065.1	1116238	1116258	76.2	-15.40	9	3		
REP2596	NZ_CP064065.1	1119611	1119624	92.9	-3.90	3	4		
REP2595	NZ_CP064065.1	1121200	1121225	84.6	-23.70	11	4		
REP264b	NZ_CP064065.1	1126287	1126320	91.2	-39.40	15	4		
REP264c	NZ_CP064065.1	1126361	1126377	76.5	-8.60	7	3		
REP2593b	NZ_CP064065.1	1131737	1131752	81.2	-9.80	6	4		
REP2593a	NZ_CP064065.1	1131800	1131813	92.3	-5.90	4	4		
REP2592	NZ_CP064065.1	1133461	1133499	74.4	-34.30	16	5	_c1	
REP2591c	NZ_CP064065.1	1137042	1137057	75.0	-9.00	5	4		
REP2591b	NZ_CP064065.1	1137052	1137073	86.4	-5.70	4	4		
REP2590	NZ_CP064065.1	1147865	1147885	81.0	-10.50	7	5	_c1	
REP2589	NZ_CP064065.1	1151967	1151982	87.5	-10.80	6	4		
REP2588d	NZ_CP064065.1	1152707	1152729	87.0	-5.60	6	9	_c1	
REP2588a	NZ_CP064065.1	1152818	1152854	75.7	-35.30	17	3		
REP2587	NZ_CP064065.1	1153478	1153502	84.0	-17.30	9	5	_c1	
REP2586d	NZ_CP064065.1	1158856	1158875	90.0	-16.50	8	4		
REP265b	NZ_CP064065.1	1159257	1159281	84.0	-21.30	10	5		
REP265d	NZ_CP064065.1	1159335	1159353	84.2	-6.70	6	5	_c1	
REP2585c	NZ_CP064065.1	1164791	1164812	81.8	-12.10	7	8		
REP2585a	NZ_CP064065.1	1165399	1165421	87.0	-15.30	8	7		
REP266b	NZ_CP064065.1	1165711	1165725	80.0	-7.60	6	3		
REP266d	NZ_CP064065.1	1166015	1166026	58.3	-1.90	4	4		
REP2584d	NZ_CP064065.1	1167895	1167910	87.5	-8.90	6	4		
REP2584c	NZ_CP064065.1	1167991	1168009	78.9	-6.90	7	3	_c1	
REP2584b	NZ_CP064065.1	1168051	1168088	71.1	-24.30	15	4	_c1_c1	
REP2584a	NZ_CP064065.1	1168112	1168142	74.2	-19.00	11	5	_c2	
REP267a	NZ_CP064065.1	1168182	1168207	80.8	-18.40	9	8		
REP267b	NZ_CP064065.1	1168200	1168216	76.5	-10.30	7	3		
REP267c	NZ_CP064065.1	1168423	1168444	68.2	-11.40	8	6		
REP2583	NZ_CP064065.1	1169650	1169668	100.0	-13.20	7	5		
REP2582	NZ_CP064065.1	1170991	1171009	68.4	-11.00	7	5		
REP2581	NZ_CP064065.1	1173724	1173738	100.0	-10.00	6	3		
REP2580	NZ_CP064065.1	1178527	1178562	86.1	-37.40	15	6		
REP2579b	NZ_CP064065.1	1181837	1181860	70.8	-10.80	8	6	_c1	
REP2579a	NZ_CP064065.1	1181910	1181925	87.5	-4.50	5	4	_c1	
REP268c	NZ_CP064065.1	1182172	1182187	93.8	-10.30	6	4		
REP268d	NZ_CP064065.1	1182266	1182280	66.7	-4.80	5	5		
REP269a	NZ_CP064065.1	1187993	1188036	75.0	-52.30	20	4		
REP269b	NZ_CP064065.1	1188022	1188035	92.9	-4.80	4	6		
REP269c	NZ_CP064065.1	1188075	1188097	73.9	-14.90	8	7		
REP2578d	NZ_CP064065.1	1188339	1188353	86.7	-8.10	5	5		
REP2578c	NZ_CP064065.1	1188364	1188378	86.7	-8.10	5	5		
REP2578b	NZ_CP064065.1	1188562	1188588	81.5	-14.50	8	11		
REP2578a	NZ_CP064065.1	1188738	1188779	85.7	-48.20	19	4		
REP2577d	NZ_CP064065.1	1192263	1192277	80.0	-7.70	6	3		
REP2577b	NZ_CP064065.1	1192404	1192420	76.5	-9.50	7	3		
REP270a	NZ_CP064065.1	1192535	1192564	70.0	-27.20	13	4		
REP270d	NZ_CP064065.1	1192909	1192925	76.5	-11.20	6	5		
REP2575	NZ_CP064065.1	1195040	1195081	81.0	-45.20	19	4		
REP2574b	NZ_CP064065.1	1195517	1195541	64.0	-11.90	8	9		
REP2574a	NZ_CP064065.1	1195706	1195735	76.7	-12.70	9	4	_c2_c2	
REP271a	NZ_CP064065.1	1196355	1196376	72.7	-8.50	7	6	_c1	
REP272	NZ_CP064065.1	1197775	1197790	68.8	-9.90	6	4		
REP2573d	NZ_CP064065.1	1198480	1198497	83.3	-10.60	7	4		
REP273a	NZ_CP064065.1	1198546	1198562	94.1	-13.40	7	3		
REP2573a	NZ_CP064065.1	1198573	1198589	94.1	-13.40	7	3		
REP273c	NZ_CP064065.1	1198775	1198788	71.4	-6.10	5	4		
REP273d	NZ_CP064065.1	1198783	1198795	76.9	-5.80	5	3		
REP274a	NZ_CP064065.1	1202418	1202447	86.7	-30.10	13	4		
REP274b	NZ_CP064065.1	1202442	1202457	87.5	-10.20	6	4		
REP274c	NZ_CP064065.1	1202506	1202535	63.3	-19.90	11	4	_c2	
REP275	NZ_CP064065.1	1204451	1204485	74.3	-28.70	14	5	_c1	
REP276	NZ_CP064065.1	1206259	1206287	89.7	-17.70	10	7	_c1	
REP277	NZ_CP064065.1	1207335	1207362	82.1	-23.10	11	6		
REP2572d	NZ_CP064065.1	1207744	1207786	79.1	-22.50	14	7	_c2_c2	
REP2572c	NZ_CP064065.1	1207845	1207862	55.6	-6.10	6	6		
REP2572b	NZ_CP064065.1	1207904	1207923	70.0	-8.00	4	4		
REP278a	NZ_CP064065.1	1208135	1208175	73.2	-36.00	17	5	_c1	
REP278c	NZ_CP064065.1	1208532	1208557	92.3	-12.80	9	4	_c1_c1	
REP278d	NZ_CP064065.1	1208574	1208594	76.2	-10.20	6	9		
REP2571d	NZ_CP064065.1	1210228	1210251	50.0	-11.60	8	6		
REP2571c	NZ_CP064065.1	1210348	1210393	69.6	-45.90	21	4		
REP279b	NZ_CP064065.1	1210407	1210440	88.2	-17.00	9	14	_c1	
REP2571a	NZ_CP064065.1	1210412	1210432	80.0	-2.80	3	6		
REP279d	NZ_CP064065.1	1210495	1210512	77.8	-12.20	7	4		
REP2570d	NZ_CP064065.1	1213374	1213392	78.9	-4.60	6	5	_c1	
REP280a	NZ_CP064065.1	1213486	1213501	93.8	-8.00	6	4		
REP2570a	NZ_CP064065.1	1213523	1213562	92.5	-47.20	18	4		
REP2569c	NZ_CP064065.1	1215666	1215685	65.0	-11.40	7	6		
REP2569a	NZ_CP064065.1	1215807	1215847	80.5	-17.00	12	5	_c3_c3	
REP281a	NZ_CP064065.1	1215928	1215945	77.8	-11.50	7	4		
REP281b	NZ_CP064065.1	1216097	1216110	85.7	-4.90	5	4		
REP281c	NZ_CP064065.1	1216216	1216235	80.0	-11.30	6	8		
REP281d	NZ_CP064065.1	1216306	1216325	85.0	-15.20	8	4		
REP2568b	NZ_CP064065.1	1221483	1221499	52.9	-5.50	7	3		
REP282a	NZ_CP064065.1	1221800	1221821	72.7	-9.30	8	4	_c1	
REP282b	NZ_CP064065.1	1221830	1221843	71.4	-2.80	4	6		
REP283a	NZ_CP064065.1	1229795	1229825	74.2	-22.20	13	3	_c1	
REP2566d	NZ_CP064065.1	1230722	1230751	63.3	-20.40	11	6		
REP2566c	NZ_CP064065.1	1231081	1231099	73.7	-3.10	5	7	_c1	
REP2566b	NZ_CP064065.1	1231188	1231207	75.0	-8.70	7	3		
REP2566a	NZ_CP064065.1	1231204	1231230	85.2	-16.30	9	7	_c1	
REP284a	NZ_CP064065.1	1231332	1231347	81.2	-4.20	5	4	_c1	
REP284c	NZ_CP064065.1	1231366	1231399	76.5	-21.90	12	10		
REP284d	NZ_CP064065.1	1231458	1231482	88.0	-18.30	9	7		
REP2565b	NZ_CP064065.1	1234632	1234645	78.6	-7.90	5	4		
REP2565a	NZ_CP064065.1	1234774	1234788	93.3	-10.10	6	3		
REP285c	NZ_CP064065.1	1234893	1234908	87.5	-5.40	5	6		
REP285d	NZ_CP064065.1	1234978	1234999	68.2	-14.00	8	6		
REP2564d	NZ_CP064065.1	1239820	1239840	85.7	-9.80	7	5	_c1	
REP2564c	NZ_CP064065.1	1240061	1240080	75.0	-12.10	8	4		
REP2564b	NZ_CP064065.1	1240088	1240106	84.2	-13.30	7	5		
REP2564a	NZ_CP064065.1	1240271	1240284	78.6	-5.10	5	4		
REP286a	NZ_CP064065.1	1240595	1240605	81.8	-3.40	4	3		
REP286b	NZ_CP064065.1	1240632	1240643	66.7	-2.50	4	4		
REP286c	NZ_CP064065.1	1240705	1240716	75.0	-6.20	4	4		
REP286d	NZ_CP064065.1	1240807	1240837	74.2	-14.90	11	7	_c1	
REP2563c	NZ_CP064065.1	1246449	1246462	78.6	-2.80	3	4		
REP2563a	NZ_CP064065.1	1246572	1246587	81.2	-8.10	6	4		
REP288a	NZ_CP064065.1	1247982	1247998	52.9	-8.90	6	5		
REP288b	NZ_CP064065.1	1248150	1248162	76.9	-5.30	5	3		
REP288c	NZ_CP064065.1	1248256	1248269	64.3	-6.10	5	4		
REP288d	NZ_CP064065.1	1248352	1248363	66.7	1.70	2	8		
REP2562d	NZ_CP064065.1	1249501	1249516	66.7	-0.80	4	4	_c1	
REP2562c	NZ_CP064065.1	1249647	1249658	58.3	-3.30	4	4		
REP2562b	NZ_CP064065.1	1249880	1249893	64.3	-0.30	2	4		
REP2562a	NZ_CP064065.1	1249924	1249955	75.0	-26.50	13	6		
REP289b	NZ_CP064065.1	1249963	1249983	61.9	-12.60	8	5		
REP289c	NZ_CP064065.1	1250239	1250252	92.9	-7.90	5	4		
REP2561b	NZ_CP064065.1	1251748	1251776	89.7	-16.20	10	3	_c3	
REP290	NZ_CP064065.1	1257520	1257550	45.2	-19.20	13	3		
REP291	NZ_CP064065.1	1258534	1258552	84.2	-10.70	7	5		
REP292	NZ_CP064065.1	1260204	1260236	78.8	-32.30	15	3		
REP2560a	NZ_CP064065.1	1261716	1261779	76.6	-53.50	26	4	_c3_c1	
REP293b	NZ_CP064065.1	1261815	1261828	92.9	-6.40	5	4		
REP293c	NZ_CP064065.1	1261826	1261837	91.7	-4.30	4	4		
REP2559b	NZ_CP064065.1	1266966	1267000	88.6	-29.80	13	5	_c2	
REP2559a	NZ_CP064065.1	1266985	1267005	81.0	-13.90	8	5		
REP294c	NZ_CP064065.1	1267116	1267132	88.2	-7.20	5	7		
REP294d	NZ_CP064065.1	1267186	1267202	94.1	-13.30	7	3		
REP2558d	NZ_CP064065.1	1268569	1268587	78.9	-9.80	7	5		
REP2558a	NZ_CP064065.1	1268853	1268890	84.2	-34.90	16	4	_c1	
REP295b	NZ_CP064065.1	1268914	1268925	91.7	-4.10	4	4		
REP2557c	NZ_CP064065.1	1270411	1270424	50.0	-1.90	5	4		
REP2557a	NZ_CP064065.1	1270636	1270647	75.0	-3.70	4	4		
REP297b	NZ_CP064065.1	1276084	1276100	76.5	-11.30	6	5		
REP298a	NZ_CP064065.1	1278343	1278359	82.4	-8.90	5	7		
REP2556d	NZ_CP064065.1	1278585	1278630	58.7	-43.20	21	4		
REP298d	NZ_CP064065.1	1278714	1278725	83.3	-5.00	4	4		
REP2556b	NZ_CP064065.1	1278793	1278813	81.0	-9.50	6	9		
REP2556a	NZ_CP064065.1	1278902	1278918	100.0	-10.60	6	5		
REP2555d	NZ_CP064065.1	1284886	1284902	88.2	-11.40	6	5		
REP2555c	NZ_CP064065.1	1284907	1284922	87.5	-10.20	6	4		
REP2555b	NZ_CP064065.1	1285156	1285196	85.4	-23.20	13	9	_c3	
REP300b	NZ_CP064065.1	1285167	1285207	78.0	-33.40	17	5	_c1	
REP300c	NZ_CP064065.1	1285252	1285268	70.6	-9.10	7	3		
REP300d	NZ_CP064065.1	1285441	1285484	75.0	-26.30	16	4	_c2_c1_c1	
REP2554d	NZ_CP064065.1	1287218	1287245	71.4	-13.30	7	7		
REP2554b	NZ_CP064065.1	1287352	1287363	83.3	-5.00	4	4		
REP2554a	NZ_CP064065.1	1287485	1287503	68.4	-5.10	6	5	_c1	
REP301a	NZ_CP064065.1	1287708	1287721	92.9	-4.70	4	6		
REP2553d	NZ_CP064065.1	1291310	1291323	85.7	-8.90	5	4		
REP2553c	NZ_CP064065.1	1291741	1291757	94.1	-12.50	7	3		
REP2553a	NZ_CP064065.1	1292363	1292385	69.6	-9.40	7	9		
REP302b	NZ_CP064065.1	1292715	1292733	78.9	-12.60	7	5		
REP302c	NZ_CP064065.1	1292840	1292857	61.1	-11.30	7	4		
REP302d	NZ_CP064065.1	1292958	1292979	68.2	-15.10	9	4		
REP2552d	NZ_CP064065.1	1295713	1295734	86.4	-18.70	9	4		
REP2552c	NZ_CP064065.1	1295845	1295878	85.3	-17.40	10	12	_c1	
REP303d	NZ_CP064065.1	1296242	1296254	83.3	-2.80	3	5		
REP2551	NZ_CP064065.1	1296268	1296285	88.2	-6.30	5	4	_c1	
REP2550	NZ_CP064065.1	1300399	1300414	75.0	-7.70	6	4		
REP2549c	NZ_CP064065.1	1302144	1302154	90.9	-2.00	3	5		
REP2549a	NZ_CP064065.1	1302702	1302715	71.4	-3.70	3	4		
REP304a	NZ_CP064065.1	1302822	1302849	85.7	-25.50	12	4		
REP304b	NZ_CP064065.1	1302947	1302967	95.2	-16.50	8	5		
REP304c	NZ_CP064065.1	1302990	1303014	80.0	-15.30	10	3	_c1	
REP304d	NZ_CP064065.1	1303194	1303209	81.2	-8.80	6	4		
REP2548b	NZ_CP064065.1	1303880	1303891	75.0	-3.00	4	4		
REP305c	NZ_CP064065.1	1303946	1303965	75.0	-9.30	6	8		
REP2547b	NZ_CP064065.1	1307056	1307079	91.7	-13.00	8	6	_c1	
REP2547a	NZ_CP064065.1	1307327	1307349	87.0	-11.80	8	5	_c1	
REP306a	NZ_CP064065.1	1307524	1307546	73.9	-12.40	8	7		
REP307	NZ_CP064065.1	1314591	1314604	85.7	-6.60	5	4		
REP2546d	NZ_CP064065.1	1315189	1315208	75.0	-6.50	5	10		
REP2546b	NZ_CP064065.1	1315347	1315368	68.2	-9.90	7	8		
REP2546a	NZ_CP064065.1	1315427	1315438	75.0	-3.40	4	4		
REP308b	NZ_CP064065.1	1315775	1315789	80.0	-10.00	6	3		
REP308c	NZ_CP064065.1	1315924	1315938	86.7	-8.00	6	3		
REP308d	NZ_CP064065.1	1316024	1316035	83.3	-3.70	4	4		
REP2545d	NZ_CP064065.1	1318392	1318408	88.2	-11.00	6	5		
REP2545c	NZ_CP064065.1	1318444	1318457	85.7	-1.60	4	3		
REP2545b	NZ_CP064065.1	1318494	1318517	70.8	-15.30	9	4	_c1	
REP2545a	NZ_CP064065.1	1318787	1318799	76.9	-3.50	4	5		
REP309a	NZ_CP064065.1	1319100	1319117	83.3	-12.10	7	4		
REP309c	NZ_CP064065.1	1319110	1319137	82.1	-20.10	11	4	_c1	
REP2544d	NZ_CP064065.1	1321930	1321948	77.8	-6.40	5	7		
REP2544c	NZ_CP064065.1	1322029	1322051	87.0	-12.70	7	9		
REP2544b	NZ_CP064065.1	1322313	1322325	92.3	-5.80	4	5		
REP310a	NZ_CP064065.1	1322605	1322626	81.8	-14.10	8	6		
REP2543d	NZ_CP064065.1	1327009	1327021	84.6	-3.90	4	5		
REP2543b	NZ_CP064065.1	1327178	1327199	63.6	-9.10	7	8		
REP2543a	NZ_CP064065.1	1327411	1327447	81.1	-32.00	16	3	_c1	
REP2542	NZ_CP064065.1	1330794	1330814	90.5	-13.20	7	7		
REP312	NZ_CP064065.1	1342274	1342290	70.6	-4.20	5	5	_c1	
REP2541d	NZ_CP064065.1	1345349	1345360	75.0	0.60	2	3		
REP2541b	NZ_CP064065.1	1345418	1345430	92.3	-6.70	5	3		
REP313a	NZ_CP064065.1	1345487	1345524	71.1	-30.80	15	4	_c1	
REP313b	NZ_CP064065.1	1345938	1345958	76.2	-15.20	8	5		
REP313c	NZ_CP064065.1	1346010	1346024	86.7	-6.40	6	3		
REP313d	NZ_CP064065.1	1346068	1346086	89.5	-7.40	5	9		
REP2540a	NZ_CP064065.1	1346463	1346478	81.2	-9.50	5	6		
REP2539d	NZ_CP064065.1	1349940	1349955	68.8	-11.20	6	4		
REP315a	NZ_CP064065.1	1350167	1350206	67.5	-34.40	17	4	_c1	
REP315b	NZ_CP064065.1	1350583	1350615	97.0	-28.30	13	5	_c1	
REP2538b	NZ_CP064065.1	1354176	1354197	86.4	-13.20	7	8		
REP2538a	NZ_CP064065.1	1354242	1354276	82.9	-36.90	16	3		
REP2537	NZ_CP064065.1	1355325	1355353	79.3	-19.20	11	5	_c1	
REP2536d	NZ_CP064065.1	1357153	1357168	68.8	-7.60	6	4		
REP2536c	NZ_CP064065.1	1357190	1357201	91.7	-5.30	4	4		
REP2536b	NZ_CP064065.1	1357282	1357358	72.7	-37.30	23	11	_c2_c3_c5	
REP2535	NZ_CP064065.1	1359153	1359187	82.9	-35.30	15	5		
REP2534c	NZ_CP064065.1	1365243	1365260	77.8	-5.10	5	8		
REP2534b	NZ_CP064065.1	1365382	1365394	84.6	-5.90	4	5		
REP2534a	NZ_CP064065.1	1365429	1365472	70.5	-32.90	18	4	_c1_c1	
REP317b	NZ_CP064065.1	1365539	1365561	82.6	-14.20	8	5	_c1	
REP317c	NZ_CP064065.1	1365568	1365587	85.0	-7.40	5	10		
REP2533b	NZ_CP064065.1	1367212	1367241	83.3	-19.40	11	6	_c1	
REP2533a	NZ_CP064065.1	1367424	1367483	75.0	-33.50	20	6	_c5_c1_c1	
REP318c	NZ_CP064065.1	1367753	1367765	69.2	-3.90	4	5		
REP318d	NZ_CP064065.1	1367874	1367885	83.3	-2.70	4	4		
REP2532c	NZ_CP064065.1	1369010	1369035	76.9	-9.00	8	4	_c2_c1	
REP2532b	NZ_CP064065.1	1369085	1369096	75.0	-4.30	4	4		
REP319a	NZ_CP064065.1	1369184	1369214	87.1	-31.60	13	5		
REP319b	NZ_CP064065.1	1369279	1369296	88.9	-13.40	7	4		
REP319c	NZ_CP064065.1	1369318	1369335	72.2	-4.80	6	4	_c1	
REP2531d	NZ_CP064065.1	1375727	1375748	86.4	-9.40	7	6	_c1	
REP320a	NZ_CP064065.1	1375919	1375942	83.3	-14.00	9	4	_c1	
REP320c	NZ_CP064065.1	1375957	1375976	85.0	-16.00	8	4		
REP2530d	NZ_CP064065.1	1378499	1378514	81.2	-11.40	6	4		
REP321b	NZ_CP064065.1	1378836	1378850	93.3	-9.20	6	3		
REP321c	NZ_CP064065.1	1378902	1378928	81.5	-13.80	10	3	_c1_c1	
REP2529	NZ_CP064065.1	1386585	1386617	87.9	-34.90	14	5		
REP2528b	NZ_CP064065.1	1391953	1391975	86.4	-16.90	9	3		
REP322a	NZ_CP064065.1	1392232	1392261	83.3	-20.60	11	6	_c1	
REP2527c	NZ_CP064065.1	1395764	1395793	80.0	-17.60	10	8	_c1	
REP2527a	NZ_CP064065.1	1395917	1395932	87.5	-10.70	6	4		
REP323b	NZ_CP064065.1	1395942	1395964	60.9	-12.50	9	5		
REP323c	NZ_CP064065.1	1396125	1396150	84.6	-18.00	9	6	_c1	
REP2526c	NZ_CP064065.1	1400681	1400702	86.4	-10.00	6	10		
REP2526b	NZ_CP064065.1	1400714	1400735	86.4	-10.00	6	10		
REP2525d	NZ_CP064065.1	1403386	1403400	53.3	-4.30	6	3		
REP2525c	NZ_CP064065.1	1403406	1403422	64.7	-8.90	7	3		
REP2525b	NZ_CP064065.1	1403475	1403497	73.9	-16.20	9	5		
REP2525a	NZ_CP064065.1	1403677	1403691	86.7	-7.90	6	3		
REP324a	NZ_CP064065.1	1403837	1403862	76.9	-12.90	9	4	_c1_c1	
REP324b	NZ_CP064065.1	1403889	1403912	83.3	-15.00	9	4	_c1	
REP324c	NZ_CP064065.1	1403983	1404000	83.3	-8.60	6	6		
REP324d	NZ_CP064065.1	1404141	1404163	69.6	-15.80	9	5		
REP2524	NZ_CP064065.1	1404622	1404645	75.0	-10.80	7	10		
REP2523b	NZ_CP064065.1	1405988	1405999	83.3	-6.20	4	4		
REP2523a	NZ_CP064065.1	1406011	1406044	88.2	-36.10	15	4		
REP2522c	NZ_CP064065.1	1410102	1410115	92.9	-7.60	5	4		
REP2522b	NZ_CP064065.1	1410295	1410315	71.4	-10.60	7	7		
REP2522a	NZ_CP064065.1	1410699	1410749	58.8	-39.40	23	3	_c1	
REP325b	NZ_CP064065.1	1411047	1411062	50.0	-1.90	4	8		
REP325d	NZ_CP064065.1	1411142	1411153	83.3	-5.40	4	4		
REP2520d	NZ_CP064065.1	1420232	1420249	94.4	-11.00	7	4		
REP2520b	NZ_CP064065.1	1420501	1420521	76.2	-9.70	7	7		
REP326b	NZ_CP064065.1	1421235	1421269	79.4	-22.90	12	7	_c1	
REP326d	NZ_CP064065.1	1421392	1421416	76.0	-14.30	9	5	_c1	
REP2519d	NZ_CP064065.1	1423091	1423109	68.4	-9.50	7	5		
REP327a	NZ_CP064065.1	1423132	1423146	100.0	-10.00	6	3		
REP327b	NZ_CP064065.1	1423132	1423172	90.2	-36.30	16	5	_c1_c1	
REP2519b	NZ_CP064065.1	1423158	1423198	90.2	-36.30	16	5	_c1_c1	
REP2519a	NZ_CP064065.1	1423184	1423198	100.0	-10.00	6	3		
REP328	NZ_CP064065.1	1427410	1427431	63.6	-9.60	7	8		
REP2518d	NZ_CP064065.1	1428900	1428916	88.2	-8.70	5	7		
REP2518b	NZ_CP064065.1	1428938	1428967	86.7	-17.50	10	6	_c1_c1	
REP2518a	NZ_CP064065.1	1428964	1428979	100.0	-8.40	5	6		
REP329a	NZ_CP064065.1	1429036	1429052	88.2	-12.50	7	3		
REP329c	NZ_CP064065.1	1429183	1429198	87.5	-3.00	5	4	_c1	
REP329d	NZ_CP064065.1	1429366	1429385	70.0	-13.40	8	4		
REP330	NZ_CP064065.1	1432428	1432454	88.9	-25.90	12	3		
REP2516d	NZ_CP064065.1	1432705	1432722	100.0	-15.40	7	4		
REP2516c	NZ_CP064065.1	1432889	1432905	64.7	-6.70	7	3		
REP331a	NZ_CP064065.1	1433041	1433058	94.4	-10.40	6	6		
REP331b	NZ_CP064065.1	1433164	1433181	66.7	-11.60	7	4		
REP331c	NZ_CP064065.1	1433184	1433200	82.4	-10.30	7	3		
REP331d	NZ_CP064065.1	1433259	1433276	94.4	-11.40	6	6		
REP2515b	NZ_CP064065.1	1441518	1441538	90.0	-11.30	6	7		
REP2515a	NZ_CP064065.1	1441534	1441551	94.4	-10.70	6	6		
REP332a	NZ_CP064065.1	1441766	1441786	76.2	-9.20	7	5	_c1	
REP332b	NZ_CP064065.1	1441809	1441834	69.2	-8.00	9	4	_c1_c1	
REP332c	NZ_CP064065.1	1441875	1441896	77.3	-15.90	9	4		
REP332d	NZ_CP064065.1	1441992	1442013	59.1	-10.80	7	8		
REP2514d	NZ_CP064065.1	1442174	1442187	100.0	-8.80	5	4		
REP2514c	NZ_CP064065.1	1442619	1442662	61.4	-31.00	17	6	_c2	
REP2514b	NZ_CP064065.1	1442696	1442712	64.7	-8.00	6	5		
REP2514a	NZ_CP064065.1	1442839	1442872	73.5	-23.50	13	6	_c1	
REP2513	NZ_CP064065.1	1445404	1445433	83.3	-19.20	11	4	_c1_c1	
REP2512	NZ_CP064065.1	1447129	1447149	100.0	-16.00	8	5		
REP2511d	NZ_CP064065.1	1447883	1447918	80.6	-36.90	16	4		
REP2511b	NZ_CP064065.1	1448265	1448298	58.8	-11.10	12	4	_c1_c2	
REP2511a	NZ_CP064065.1	1448347	1448380	52.9	-12.70	12	8	_c1	
REP333	NZ_CP064065.1	1454879	1454896	52.9	-4.50	6	4		
REP2509d	NZ_CP064065.1	1457381	1457395	93.3	-7.90	5	5		
REP2509c	NZ_CP064065.1	1457479	1457503	52.0	-10.00	9	7		
REP334b	NZ_CP064065.1	1457643	1457662	90.0	-8.60	6	4	_c2	
REP334c	NZ_CP064065.1	1457799	1457813	80.0	-1.50	4	5	_c1	
REP335a	NZ_CP064065.1	1459909	1459949	75.6	-44.20	18	5		
REP2508c	NZ_CP064065.1	1460078	1460098	71.4	-10.70	8	5		
REP2508b	NZ_CP064065.1	1460106	1460121	56.2	-7.90	5	4		
REP2508a	NZ_CP064065.1	1460235	1460269	85.7	-38.00	16	3		
REP2507d	NZ_CP064065.1	1463508	1463535	82.1	-22.30	11	4	_c1	
REP2507b	NZ_CP064065.1	1463587	1463604	66.7	-5.60	6	4	_c1	
REP2507a	NZ_CP064065.1	1463888	1463902	80.0	-7.10	6	3		
REP336b	NZ_CP064065.1	1464162	1464177	75.0	-8.80	6	4		
REP336c	NZ_CP064065.1	1464341	1464367	74.1	-18.60	10	5	_c1	
REP336d	NZ_CP064065.1	1464356	1464394	74.4	-25.10	14	9	_c1	
REP2506c	NZ_CP064065.1	1468544	1468562	88.9	-6.50	5	7		
REP2506b	NZ_CP064065.1	1468961	1468989	62.1	-17.10	12	3	_c1	
REP2505c	NZ_CP064065.1	1469497	1469514	66.7	-12.60	7	4		
REP2505a	NZ_CP064065.1	1469742	1469758	58.8	-9.60	6	5		
REP2504	NZ_CP064065.1	1472174	1472194	52.4	-9.00	7	7		
REP338b	NZ_CP064065.1	1472412	1472433	72.7	-16.00	9	4		
REP338d	NZ_CP064065.1	1472554	1472578	76.0	-13.20	7	11		
REP2503d	NZ_CP064065.1	1473686	1473702	88.2	-11.10	7	3		
REP2503c	NZ_CP064065.1	1473722	1473759	63.2	-10.80	11	4	_c3_c3	
REP2503a	NZ_CP064065.1	1473841	1473858	83.3	-10.20	7	4		
REP339a	NZ_CP064065.1	1473965	1473982	88.9	-9.20	6	4	_c1	
REP339d	NZ_CP064065.1	1474269	1474280	83.3	-2.60	4	4		
REP2502c	NZ_CP064065.1	1476192	1476212	80.0	-4.70	5	9		
REP2502b	NZ_CP064065.1	1476336	1476360	92.0	-17.80	10	3	_c1	
REP2502a	NZ_CP064065.1	1476340	1476361	90.9	-14.20	7	8		
REP340b	NZ_CP064065.1	1476435	1476457	87.0	-16.20	8	7		
REP2501d	NZ_CP064065.1	1484603	1484626	75.0	-11.90	7	10		
REP2501b	NZ_CP064065.1	1484979	1484997	73.7	-9.70	7	5		
REP2501a	NZ_CP064065.1	1485068	1485092	76.0	-20.50	11	3		
REP341b	NZ_CP064065.1	1485322	1485341	80.0	-7.50	7	4	_c1	
REP341c	NZ_CP064065.1	1485352	1485371	80.0	-9.00	6	6	_c1	
REP341d	NZ_CP064065.1	1485421	1485437	70.6	-6.50	5	7		
REP2500d	NZ_CP064065.1	1488468	1488500	78.8	-22.20	13	3	_c2	
REP2500b	NZ_CP064065.1	1488561	1488593	72.7	-15.50	11	7	_c1_c1	
REP2500a	NZ_CP064065.1	1488621	1488682	79.0	-35.00	20	8	_c5_c1_c1	
REP342a	NZ_CP064065.1	1488727	1488740	85.7	-8.30	5	4		
REP342c	NZ_CP064065.1	1488774	1488790	82.4	-11.40	6	5		
REP342d	NZ_CP064065.1	1488774	1488802	82.8	-23.90	13	3		
REP2498d	NZ_CP064065.1	1498803	1498832	90.0	-17.00	11	4	_c1_c1	
REP343c	NZ_CP064065.1	1499048	1499084	81.1	-17.70	11	7	_c4	
REP2497a	NZ_CP064065.1	1499804	1499827	62.5	-4.60	5	14		
REP2496d	NZ_CP064065.1	1502832	1502842	81.8	-2.70	3	4		
REP2496b	NZ_CP064065.1	1503016	1503035	85.0	-13.90	7	6		
REP344b	NZ_CP064065.1	1503070	1503097	81.5	-26.80	11	4		
REP344c	NZ_CP064065.1	1503311	1503325	80.0	-7.50	5	5		
REP344d	NZ_CP064065.1	1503516	1503546	67.7	-16.20	11	7	_c1	
REP2495c	NZ_CP064065.1	1506926	1506949	83.3	-12.80	8	6	_c1	
REP2495a	NZ_CP064065.1	1506985	1506999	86.7	-5.20	5	5		
REP345b	NZ_CP064065.1	1507350	1507371	77.3	-9.50	7	8		
REP345c	NZ_CP064065.1	1507423	1507454	62.5	-13.50	10	12		
REP345d	NZ_CP064065.1	1507484	1507508	76.0	-13.50	9	5	_c1	
REP2494b	NZ_CP064065.1	1510456	1510494	76.9	-41.10	18	3		
REP2494a	NZ_CP064065.1	1510483	1510494	83.3	-3.90	4	4		
REP346c	NZ_CP064065.1	1510641	1510654	85.7	-7.00	5	4		
REP2493	NZ_CP064065.1	1512332	1512357	73.1	-22.40	11	4		
REP347a	NZ_CP064065.1	1512608	1512622	86.7	-7.80	6	3		
REP347c	NZ_CP064065.1	1513095	1513107	76.9	-5.10	4	5		
REP2492d	NZ_CP064065.1	1513460	1513484	56.0	-7.80	7	11		
REP2492b	NZ_CP064065.1	1514081	1514104	75.0	-13.80	9	6		
REP2492a	NZ_CP064065.1	1514088	1514109	81.8	-10.00	6	8	_c1	
REP348a	NZ_CP064065.1	1514144	1514157	92.9	-5.20	5	4		
REP348d	NZ_CP064065.1	1514264	1514280	88.2	-11.00	7	3		
REP2491d	NZ_CP064065.1	1516134	1516147	85.7	-6.80	5	4		
REP2491c	NZ_CP064065.1	1516257	1516276	80.0	-5.50	6	6	_c1	
REP349a	NZ_CP064065.1	1516761	1516795	85.7	-34.60	15	5		
REP349b	NZ_CP064065.1	1516828	1516841	92.9	-8.90	5	4		
REP349c	NZ_CP064065.1	1516864	1516881	83.3	-12.70	7	4		
REP349d	NZ_CP064065.1	1516925	1516940	81.2	-8.60	6	4		
REP2490	NZ_CP064065.1	1520531	1520570	62.5	-28.30	15	10		
REP2489d	NZ_CP064065.1	1523584	1523609	80.8	-17.50	10	4	_c1	
REP2488b	NZ_CP064065.1	1526597	1526632	66.7	-20.10	12	10	_c1	
REP2487c	NZ_CP064065.1	1527414	1527436	91.3	-17.20	8	7		
REP2487b	NZ_CP064065.1	1527446	1527462	70.6	-10.40	7	3		
REP2487a	NZ_CP064065.1	1527533	1527562	70.0	-18.80	11	6	_c1	
REP2486	NZ_CP064065.1	1534741	1534768	57.1	-12.60	10	6	_c1	
REP2485	NZ_CP064065.1	1537101	1537119	84.2	-11.60	7	5		
REP2484	NZ_CP064065.1	1541019	1541042	91.7	-16.50	9	4	_c1	
REP2483d	NZ_CP064065.1	1541862	1541879	94.4	-7.50	6	4	_c1	
REP2483c	NZ_CP064065.1	1541904	1541924	81.0	-14.30	7	7		
REP2483b	NZ_CP064065.1	1541945	1541979	68.6	-22.60	14	5	_c1	
REP351a	NZ_CP064065.1	1542649	1542673	88.0	-15.40	8	5	_c1	
REP2482d	NZ_CP064065.1	1545343	1545361	73.7	-9.70	7	5		
REP352b	NZ_CP064065.1	1545868	1545893	73.1	-14.50	8	10		
REP352c	NZ_CP064065.1	1545944	1545964	70.0	-7.80	7	5		
REP2481d	NZ_CP064065.1	1551452	1551469	83.3	-17.00	7	4		
REP2481b	NZ_CP064065.1	1551599	1551616	77.8	-9.20	6	6		
REP2481a	NZ_CP064065.1	1551660	1551679	85.0	-2.80	5	8	_c1	
REP353a	NZ_CP064065.1	1551754	1551767	85.7	-7.00	5	4		
REP353c	NZ_CP064065.1	1552057	1552077	90.5	-15.40	8	5		
REP2480	NZ_CP064065.1	1555418	1555457	77.5	-20.70	14	4	_c1_c1_c1_c1	
REP2479d	NZ_CP064065.1	1559257	1559280	87.5	-8.50	5	4		
REP2479c	NZ_CP064065.1	1559274	1559286	75.0	-2.20	3	5		
REP2479b	NZ_CP064065.1	1559390	1559407	83.3	-8.00	5	8		
REP354b	NZ_CP064065.1	1560099	1560109	72.7	0.10	3	5		
REP354d	NZ_CP064065.1	1560333	1560374	78.6	-21.40	13	4	_c5_c1	
REP355	NZ_CP064065.1	1565263	1565295	84.8	-34.20	14	5		
REP2478b	NZ_CP064065.1	1567400	1567413	85.7	-9.10	5	4		
REP356a	NZ_CP064065.1	1567684	1567707	79.2	-13.40	8	8		
REP356b	NZ_CP064065.1	1567714	1567733	80.0	-11.00	6	8		
REP356c	NZ_CP064065.1	1567794	1567808	80.0	-5.20	5	5		
REP358	NZ_CP064065.1	1572699	1572744	78.3	-44.50	20	4	_c1	
REP2477c	NZ_CP064065.1	1574022	1574048	66.7	-12.60	8	11		
REP2477b	NZ_CP064065.1	1574120	1574141	77.3	-13.00	8	6		
REP2477a	NZ_CP064065.1	1574338	1574359	72.7	-9.00	8	4	_c1	
REP359a	NZ_CP064065.1	1574610	1574625	81.2	-5.80	4	8		
REP359c	NZ_CP064065.1	1574800	1574811	91.7	-4.70	4	4		
REP359d	NZ_CP064065.1	1574856	1574896	85.4	-26.80	16	3	_c1_c2	
REP2476d	NZ_CP064065.1	1577417	1577432	56.2	-6.50	6	4		
REP2476c	NZ_CP064065.1	1577446	1577458	92.3	-5.00	4	5		
REP2476b	NZ_CP064065.1	1577591	1577605	86.7	-7.90	6	3		
REP360c	NZ_CP064065.1	1577699	1577722	83.3	-15.80	9	4	_c1	
REP2475d	NZ_CP064065.1	1581682	1581703	90.9	-12.40	8	4	_c1	
REP2475a	NZ_CP064065.1	1582137	1582156	80.0	-14.10	8	4		
REP361a	NZ_CP064065.1	1582239	1582256	83.3	-11.80	6	6		
REP2474d	NZ_CP064065.1	1592889	1592902	92.9	-8.80	5	4		
REP2474c	NZ_CP064065.1	1592984	1593000	82.4	-9.40	6	5		
REP2474b	NZ_CP064065.1	1593031	1593055	76.0	-10.20	7	11		
REP2474a	NZ_CP064065.1	1593054	1593076	87.0	-17.80	9	5		
REP362c	NZ_CP064065.1	1593200	1593227	64.3	-7.40	9	6	_c1_c1	
REP362d	NZ_CP064065.1	1593387	1593403	52.9	-4.40	5	7		
REP2473d	NZ_CP064065.1	1594562	1594581	80.0	-4.60	6	4	_c1_c1	
REP2473c	NZ_CP064065.1	1594652	1594673	68.2	-15.10	9	4		
REP2473b	NZ_CP064065.1	1594729	1594755	70.4	-6.50	4	12		
REP363b	NZ_CP064065.1	1594866	1594890	96.0	-19.10	10	3	_c1	
REP363d	NZ_CP064065.1	1595084	1595097	64.3	-6.70	5	4		
REP2472b	NZ_CP064065.1	1597984	1598006	82.6	-10.90	7	9		
REP2472a	NZ_CP064065.1	1598120	1598132	76.9	-4.90	4	5		
REP364d	NZ_CP064065.1	1598552	1598564	84.6	-4.70	4	5		
REP2471d	NZ_CP064065.1	1599432	1599444	84.6	-4.00	4	5		
REP2471c	NZ_CP064065.1	1599518	1599536	31.6	-6.90	8	3		
REP2471b	NZ_CP064065.1	1599549	1599564	100.0	-8.70	5	6		
REP2471a	NZ_CP064065.1	1599624	1599645	77.3	-16.20	8	6		
REP2470d	NZ_CP064065.1	1601510	1601529	70.0	-5.00	5	10		
REP2470c	NZ_CP064065.1	1601552	1601563	75.0	-1.40	3	6		
REP2470a	NZ_CP064065.1	1601745	1601765	90.5	-17.00	9	3		
REP365a	NZ_CP064065.1	1602328	1602344	64.7	-4.60	5	7		
REP365b	NZ_CP064065.1	1602355	1602366	91.7	-5.30	4	4		
REP2469	NZ_CP064065.1	1604313	1604344	78.1	-21.00	12	4	_c1_c1	
REP2468c	NZ_CP064065.1	1610730	1610748	84.2	-6.20	5	9		
REP366a	NZ_CP064065.1	1610873	1610915	83.7	-41.20	19	3	_c1	
REP366b	NZ_CP064065.1	1610905	1610918	85.7	-4.30	3	4		
REP366c	NZ_CP064065.1	1610959	1610974	56.2	-5.10	6	4		
REP366d	NZ_CP064065.1	1611125	1611138	71.4	-6.50	5	4		
REP2467a	NZ_CP064065.1	1611776	1611796	81.0	-8.10	6	9		
REP367b	NZ_CP064065.1	1618293	1618310	72.2	-6.50	5	8		
REP367c	NZ_CP064065.1	1618468	1618479	91.7	-6.30	4	4		
REP367d	NZ_CP064065.1	1618599	1618612	100.0	-7.70	5	4		
REP2465d	NZ_CP064065.1	1621078	1621097	75.0	-8.60	7	4	_c1	
REP2465c	NZ_CP064065.1	1621158	1621173	81.2	-5.10	5	4	_c1	
REP2465a	NZ_CP064065.1	1621858	1621886	79.3	-14.40	9	9	_c1	
REP368b	NZ_CP064065.1	1621998	1622011	78.6	-2.40	3	8		
REP368c	NZ_CP064065.1	1622039	1622054	68.8	-4.00	4	8		
REP2464d	NZ_CP064065.1	1631759	1631772	71.4	-3.20	4	6		
REP2464c	NZ_CP064065.1	1631871	1631896	61.5	-11.60	9	6	_c1	
REP369a	NZ_CP064065.1	1632023	1632072	68.0	-44.30	22	4	_c1	
REP369c	NZ_CP064065.1	1632141	1632153	76.9	-5.40	5	3		
REP369d	NZ_CP064065.1	1632431	1632443	92.3	-5.80	5	3		
REP2463	NZ_CP064065.1	1633157	1633175	63.2	-9.00	6	7		
REP2462c	NZ_CP064065.1	1634282	1634307	44.0	-12.10	8	8		
REP370b	NZ_CP064065.1	1635068	1635083	68.8	-2.90	4	4	_c1	
REP370c	NZ_CP064065.1	1635637	1635657	71.4	-6.60	7	5	_c1	
REP370d	NZ_CP064065.1	1635666	1635701	66.7	-20.00	12	4	_c1_c3	
REP2461d	NZ_CP064065.1	1635969	1635991	87.0	-17.20	8	5	_c1	
REP2461c	NZ_CP064065.1	1635971	1636012	88.1	-32.40	16	4	_c1_c1_c1	
REP2461b	NZ_CP064065.1	1635986	1636022	91.9	-43.20	17	3		
REP2461a	NZ_CP064065.1	1636007	1636025	94.7	-14.70	7	5		
REP2460a	NZ_CP064065.1	1637979	1638013	80.0	-34.50	15	5		
REP2459c	NZ_CP064065.1	1641777	1641793	70.6	-10.90	7	3		
REP2459b	NZ_CP064065.1	1642090	1642115	73.1	-11.30	9	6	_c1	
REP371a	NZ_CP064065.1	1642173	1642197	92.0	-24.70	10	5		
REP371b	NZ_CP064065.1	1642294	1642307	85.7	-7.00	5	4		
REP371d	NZ_CP064065.1	1642380	1642390	90.9	-1.20	3	5		
REP2458c	NZ_CP064065.1	1644225	1644247	60.9	-10.20	8	7		
REP2458a	NZ_CP064065.1	1644565	1644585	71.4	-5.80	6	7	_c1	
REP372a	NZ_CP064065.1	1644679	1644715	83.8	-39.60	16	5		
REP2457d	NZ_CP064065.1	1646217	1646231	73.3	-7.50	5	5		
REP2457c	NZ_CP064065.1	1646315	1646334	75.0	-8.80	6	4	_c2	
REP2457b	NZ_CP064065.1	1646442	1646466	64.0	-7.90	7	11		
REP373a	NZ_CP064065.1	1646923	1646938	68.8	-4.70	5	4	_c1	
REP373d	NZ_CP064065.1	1647168	1647178	90.9	-3.50	4	3		
REP2456	NZ_CP064065.1	1652734	1652745	100.0	-5.90	4	4		
REP2455c	NZ_CP064065.1	1655023	1655039	58.8	-8.20	7	3		
REP2455b	NZ_CP064065.1	1655196	1655221	65.4	-7.70	5	10		
REP2455a	NZ_CP064065.1	1655440	1655455	81.2	-9.80	6	4		
REP374a	NZ_CP064065.1	1655501	1655515	86.7	-7.90	6	3		
REP374b	NZ_CP064065.1	1655564	1655581	72.2	-9.10	6	6		
REP374c	NZ_CP064065.1	1655748	1655763	75.0	-9.30	6	4		
REP374d	NZ_CP064065.1	1655801	1655819	73.7	-8.40	6	7		
REP2454d	NZ_CP064065.1	1664295	1664306	91.7	-5.80	4	4		
REP2454c	NZ_CP064065.1	1664344	1664363	80.0	-9.30	7	4	_c1	
REP2454b	NZ_CP064065.1	1664392	1664405	71.4	-7.40	5	4		
REP2454a	NZ_CP064065.1	1664634	1664677	75.0	-44.30	20	4		
REP375c	NZ_CP064065.1	1664755	1664766	75.0	-5.30	4	4		
REP375d	NZ_CP064065.1	1664826	1664848	78.3	-11.10	9	3	_c1	
REP2453d	NZ_CP064065.1	1668757	1668772	68.8	-10.40	6	4		
REP2453c	NZ_CP064065.1	1668854	1668867	85.7	-7.20	5	4		
REP2453b	NZ_CP064065.1	1668861	1668882	72.7	-12.80	7	6		
REP376a	NZ_CP064065.1	1668918	1668961	61.4	-39.80	19	4		
REP376b	NZ_CP064065.1	1669021	1669036	81.2	-6.20	6	4		
REP376c	NZ_CP064065.1	1669054	1669082	65.5	-15.80	12	3	_c1	
REP2452d	NZ_CP064065.1	1674424	1674437	78.6	-5.80	5	4		
REP2452c	NZ_CP064065.1	1674442	1674458	81.2	-6.40	4	7		
REP2452a	NZ_CP064065.1	1674660	1674679	85.0	-9.80	6	6	_c1	
REP377a	NZ_CP064065.1	1674692	1674741	70.0	-24.40	16	6	_c4_c1_c1	
REP377b	NZ_CP064065.1	1674832	1674859	60.7	-12.40	9	8	_c1	
REP377c	NZ_CP064065.1	1674933	1674946	85.7	-6.30	5	4		
REP377d	NZ_CP064065.1	1674993	1675014	77.3	-12.30	7	8		
REP2451c	NZ_CP064065.1	1678188	1678199	75.0	-4.60	4	4		
REP378a	NZ_CP064065.1	1678357	1678389	69.7	-28.40	15	3		
REP378b	NZ_CP064065.1	1678435	1678448	71.4	-4.90	5	4		
REP378c	NZ_CP064065.1	1678573	1678588	81.2	-9.80	6	4		
REP378d	NZ_CP064065.1	1678678	1678703	80.8	-11.30	8	6	_c1_c1	
REP2450	NZ_CP064065.1	1681874	1681934	59.0	-52.40	28	3	_c1	
REP2449	NZ_CP064065.1	1683116	1683142	88.9	-27.90	11	5		
REP2448d	NZ_CP064065.1	1685025	1685045	75.0	-7.10	6	5	_c1	
REP2448b	NZ_CP064065.1	1685417	1685435	68.4	-11.50	7	5		
REP2448a	NZ_CP064065.1	1685480	1685535	75.0	-61.70	26	4		
REP379b	NZ_CP064065.1	1685528	1685543	75.0	-5.60	6	4		
REP2447	NZ_CP064065.1	1687229	1687245	52.9	-6.60	5	5		
REP2446d	NZ_CP064065.1	1688725	1688736	72.7	-1.70	3	5		
REP2446c	NZ_CP064065.1	1688933	1688959	81.5	-22.50	11	5		
REP380a	NZ_CP064065.1	1688968	1689005	68.4	-37.50	17	4		
REP380c	NZ_CP064065.1	1689107	1689128	72.7	-8.60	7	6	_c1	
REP380d	NZ_CP064065.1	1689202	1689218	76.5	-9.10	7	3		
REP381a	NZ_CP064065.1	1693362	1693377	87.5	-8.40	6	4		
REP381b	NZ_CP064065.1	1693374	1693398	76.0	-12.60	8	9		
REP381c	NZ_CP064065.1	1693453	1693475	81.8	-6.60	6	7	_c1	
REP381d	NZ_CP064065.1	1693490	1693515	65.4	-15.50	10	4	_c1	
REP2443	NZ_CP064065.1	1698274	1698295	72.7	-8.30	6	10		
REP2442a	NZ_CP064065.1	1702588	1702610	73.9	-12.10	8	5	_c1	
REP382d	NZ_CP064065.1	1702747	1702762	75.0	-8.00	6	4		
REP2441a	NZ_CP064065.1	1704555	1704575	66.7	-9.90	7	7		
REP2440b	NZ_CP064065.1	1705975	1706017	58.1	-17.90	11	19	_c1	
REP2439a	NZ_CP064065.1	1707215	1707250	77.8	-25.50	13	8	_c1	
REP2438	NZ_CP064065.1	1707608	1707637	83.3	-20.20	11	6	_c1	
REP2437d	NZ_CP064065.1	1716439	1716452	78.6	-7.90	5	4		
REP2437a	NZ_CP064065.1	1716521	1716535	93.3	-9.20	6	3		
REP383a	NZ_CP064065.1	1716588	1716601	78.6	-6.00	5	4		
REP383b	NZ_CP064065.1	1716808	1716846	84.6	-30.70	16	3	_c1_c1	
REP383c	NZ_CP064065.1	1716929	1716946	83.3	-7.50	6	4	_c1	
REP2436d	NZ_CP064065.1	1719450	1719474	60.0	-8.70	7	11		
REP2436b	NZ_CP064065.1	1719615	1719630	81.2	-8.50	6	4		
REP384b	NZ_CP064065.1	1720034	1720057	66.7	-10.20	8	8		
REP384c	NZ_CP064065.1	1720119	1720140	77.3	-13.30	8	4	_c1	
REP2435c	NZ_CP064065.1	1722343	1722356	85.7	-8.00	5	4		
REP386a	NZ_CP064065.1	1722644	1722669	76.9	-24.00	11	4		
REP386b	NZ_CP064065.1	1722713	1722724	75.0	-3.50	4	4		
REP386c	NZ_CP064065.1	1722743	1722756	78.6	-2.90	4	6		
REP386d	NZ_CP064065.1	1722878	1722894	70.6	-3.80	6	3	_c1	
REP2434d	NZ_CP064065.1	1723735	1723753	100.0	-13.70	7	3		
REP2434a	NZ_CP064065.1	1723779	1723793	100.0	-9.10	6	3		
REP2433b	NZ_CP064065.1	1726432	1726453	72.7	-12.20	7	8		
REP2433a	NZ_CP064065.1	1726464	1726505	71.4	-28.00	16	4	_c1_c2	
REP2432	NZ_CP064065.1	1727996	1728025	86.7	-17.30	10	4	_c2_c1	
REP2430d	NZ_CP064065.1	1729050	1729078	86.2	-24.20	12	3	_c1	
REP387b	NZ_CP064065.1	1729257	1729285	72.4	-26.40	12	5		
REP387c	NZ_CP064065.1	1729322	1729335	71.4	-6.20	5	4		
REP387d	NZ_CP064065.1	1729442	1729455	71.4	-6.00	5	4		
REP2429b	NZ_CP064065.1	1732048	1732083	88.9	-33.20	14	4	_c2	
REP2429a	NZ_CP064065.1	1732091	1732117	85.2	-23.50	11	5		
REP2428	NZ_CP064065.1	1735040	1735069	70.0	-26.30	13	4		
REP2427a	NZ_CP064065.1	1736696	1736715	90.0	-13.70	7	6		
REP2426	NZ_CP064065.1	1742152	1742169	77.8	-5.90	4	4		
REP388	NZ_CP064065.1	1747903	1747920	66.7	-8.90	7	4		
REP2425c	NZ_CP064065.1	1748666	1748690	64.0	-13.70	9	5	_c1	
REP2425a	NZ_CP064065.1	1748932	1748974	76.7	-44.40	20	3		
REP2425b	NZ_CP064065.1	1748941	1748952	91.7	-1.00	3	6		
REP389c	NZ_CP064065.1	1749211	1749240	73.3	-14.80	8	14		
REP389d	NZ_CP064065.1	1749428	1749442	80.0	-8.70	5	5		
REP2424	NZ_CP064065.1	1764004	1764029	80.8	-17.50	9	8		
REP2423d	NZ_CP064065.1	1770163	1770180	77.8	-12.60	7	4		
REP2423b	NZ_CP064065.1	1770272	1770295	83.3	-13.10	7	10		
REP2422d	NZ_CP064065.1	1790119	1790142	75.0	-18.80	10	4		
REP2422b	NZ_CP064065.1	1790208	1790231	66.7	-8.20	6	8		
REP2422a	NZ_CP064065.1	1790341	1790381	73.2	-36.00	16	9		
REP390c	NZ_CP064065.1	1790575	1790594	85.0	-8.90	6	8		
REP2421	NZ_CP064065.1	1819991	1820024	82.4	-24.20	13	4	_c1_c1	
REP2420	NZ_CP064065.1	1840909	1840926	94.4	-13.50	7	4		
REP2419	NZ_CP064065.1	1841553	1841573	76.2	-12.80	9	3		
REP2418c	NZ_CP064065.1	1844473	1844505	75.8	-33.00	15	3		
REP2417b	NZ_CP064065.1	1851437	1851459	82.6	-11.90	7	9		
REP2417a	NZ_CP064065.1	1851486	1851517	75.0	-28.00	12	4		
REP391b	NZ_CP064065.1	1851698	1851719	63.6	-8.70	7	8		
REP391c	NZ_CP064065.1	1851915	1851945	90.3	-26.50	13	3	_c1	
REP391d	NZ_CP064065.1	1852268	1852292	68.0	-15.20	9	7		
REP2415b	NZ_CP064065.1	1858044	1858057	64.3	-5.90	5	4		
REP2415a	NZ_CP064065.1	1858125	1858157	84.8	-32.10	14	5		
REP2414b	NZ_CP064065.1	1860120	1860134	86.7	-6.10	5	5		
REP392b	NZ_CP064065.1	1860214	1860238	88.0	-18.20	10	3	_c1	
REP392c	NZ_CP064065.1	1860385	1860397	69.2	-2.90	4	5		
REP392d	NZ_CP064065.1	1860488	1860509	63.6	-11.90	8	6		
REP2413c	NZ_CP064065.1	1864552	1864574	73.9	-13.70	9	5		
REP2413a	NZ_CP064065.1	1864615	1864632	66.7	-10.30	7	4		
REP2412a	NZ_CP064065.1	1865291	1865333	76.7	-28.40	16	9	_c1	
REP2411d	NZ_CP064065.1	1873405	1873419	53.3	-3.80	6	3		
REP2411c	NZ_CP064065.1	1873466	1873489	87.5	-13.90	9	4	_c1	
REP393a	NZ_CP064065.1	1873647	1873661	60.0	-4.80	5	5		
REP393b	NZ_CP064065.1	1873719	1873730	91.7	-4.00	4	4		
REP2410d	NZ_CP064065.1	1874595	1874620	80.8	-16.60	9	6	_c1	
REP2410c	NZ_CP064065.1	1874659	1874674	93.8	-11.60	6	4		
REP394	NZ_CP064065.1	1877441	1877452	91.7	-4.80	4	4		
REP395	NZ_CP064065.1	1879307	1879323	82.4	-11.10	7	3		
REP2409d	NZ_CP064065.1	1881865	1881880	62.5	-3.70	3	4		
REP2409c	NZ_CP064065.1	1882055	1882071	82.4	-11.00	7	3		
REP396a	NZ_CP064065.1	1882079	1882099	76.2	-10.30	6	7		
REP396b	NZ_CP064065.1	1882143	1882163	85.7	-16.10	8	5		
REP396c	NZ_CP064065.1	1882367	1882383	70.6	-9.10	7	3		
REP396d	NZ_CP064065.1	1882493	1882509	64.7	-6.50	6	5		
REP2408	NZ_CP064065.1	1882648	1882675	71.4	-14.80	10	4	_c2	
REP2407d	NZ_CP064065.1	1884083	1884108	88.5	-22.00	11	4		
REP2407c	NZ_CP064065.1	1884180	1884191	100.0	-4.90	4	4		
REP2407a	NZ_CP064065.1	1884404	1884417	71.4	-4.70	4	6		
REP397a	NZ_CP064065.1	1884616	1884649	79.4	-18.00	11	8	_c1_c1	
REP397b	NZ_CP064065.1	1884644	1884662	78.9	-12.00	8	3		
REP397c	NZ_CP064065.1	1884680	1884704	76.0	-16.80	10	3	_c1	
REP398	NZ_CP064065.1	1886166	1886188	21.7	-7.30	9	3		
REP2406b	NZ_CP064065.1	1887506	1887536	67.7	-4.00	6	13	_c3	
REP2406a	NZ_CP064065.1	1887586	1887596	72.7	-2.20	3	5		
REP399a	NZ_CP064065.1	1887600	1887617	70.6	-0.80	4	6	_c1	
REP399b	NZ_CP064065.1	1887920	1887936	82.4	-10.10	7	3		
REP399c	NZ_CP064065.1	1887928	1887955	75.0	-12.90	10	4	_c1_c1	
REP399d	NZ_CP064065.1	1888045	1888068	62.5	-9.90	9	4	_c1	
REP2405d	NZ_CP064065.1	1891080	1891120	73.2	-39.00	18	5		
REP2405c	NZ_CP064065.1	1891325	1891335	100.0	-1.20	2	4		
REP400c	NZ_CP064065.1	1891410	1891420	90.9	-2.30	3	5		
REP400d	NZ_CP064065.1	1891436	1891454	100.0	-13.20	7	5		
REP2404d	NZ_CP064065.1	1894162	1894183	68.2	-5.80	7	6	_c1	
REP2404c	NZ_CP064065.1	1894186	1894205	80.0	-12.20	7	6		
REP2404a	NZ_CP064065.1	1894388	1894433	69.6	-40.80	20	4	_c1	
REP401b	NZ_CP064065.1	1894588	1894612	80.0	-13.70	8	5	_c2	
REP401d	NZ_CP064065.1	1894731	1894744	64.3	-3.30	4	6		
REP402a	NZ_CP064065.1	1903701	1903755	61.8	-45.20	23	9		
REP402d	NZ_CP064065.1	1903810	1903831	86.4	-12.40	8	4	_c1	
REP2402d	NZ_CP064065.1	1907269	1907304	75.0	-17.50	12	6	_c3	
REP2402b	NZ_CP064065.1	1907542	1907567	73.1	-11.40	7	12		
REP403a	NZ_CP064065.1	1907758	1907781	83.3	-13.30	8	6	_c1	
REP403b	NZ_CP064065.1	1908119	1908132	71.4	-6.90	5	4		
REP404a	NZ_CP064065.1	1908842	1908876	80.0	-35.00	15	5		
REP404c	NZ_CP064065.1	1909218	1909235	88.9	-13.20	7	4		
REP404d	NZ_CP064065.1	1909230	1909244	86.7	-7.40	5	5		
REP2400d	NZ_CP064065.1	1912345	1912363	73.7	-11.20	8	3		
REP405a	NZ_CP064065.1	1912969	1912991	73.9	-12.60	7	9		
REP2399b	NZ_CP064065.1	1913595	1913620	84.6	-18.70	10	4	_c1	
REP405c	NZ_CP064065.1	1913630	1913641	83.3	-6.10	4	4		
REP405d	NZ_CP064065.1	1913742	1913769	82.1	-16.90	9	8	_c1	
REP2398	NZ_CP064065.1	1916369	1916385	94.1	-12.40	7	3		
REP2397c	NZ_CP064065.1	1918783	1918796	92.9	-7.80	5	4		
REP2397b	NZ_CP064065.1	1918976	1918991	68.8	-8.50	6	4		
REP406a	NZ_CP064065.1	1919067	1919111	80.0	-45.90	20	5		
REP406b	NZ_CP064065.1	1919130	1919141	83.3	-4.50	4	4		
REP406c	NZ_CP064065.1	1919288	1919306	89.5	-14.10	7	5		
REP406d	NZ_CP064065.1	1919342	1919355	78.6	-5.00	4	6		
REP407a	NZ_CP064065.1	1920983	1921014	75.0	-31.20	14	4		
REP407b	NZ_CP064065.1	1921016	1921047	84.4	-26.60	13	4	_c1	
REP2396d	NZ_CP064065.1	1921533	1921545	69.2	-3.40	4	5		
REP2396c	NZ_CP064065.1	1921558	1921583	76.9	-18.80	9	8		
REP2396b	NZ_CP064065.1	1921609	1921634	69.2	-11.30	8	8	_c1	
REP2396a	NZ_CP064065.1	1921691	1921707	88.2	-10.70	6	5		
REP408a	NZ_CP064065.1	1921771	1921787	88.2	-11.60	6	5		
REP408d	NZ_CP064065.1	1921847	1921859	84.6	-5.90	4	5		
REP2395d	NZ_CP064065.1	1926248	1926260	84.6	-6.20	4	5		
REP2395c	NZ_CP064065.1	1926574	1926590	47.1	-1.60	5	5	_c1	
REP409b	NZ_CP064065.1	1926590	1926610	71.4	-6.90	7	5	_c1	
REP2395a	NZ_CP064065.1	1926612	1926647	75.0	-28.60	15	4	_c1	
REP409d	NZ_CP064065.1	1926702	1926713	83.3	-2.70	4	4		
REP2393d	NZ_CP064065.1	1944961	1944977	88.2	-9.60	6	5		
REP2393c	NZ_CP064065.1	1945055	1945074	85.0	-12.50	7	6		
REP2393b	NZ_CP064065.1	1945154	1945167	92.9	-7.90	5	4		
REP2393a	NZ_CP064065.1	1945351	1945364	92.9	-7.10	5	4		
REP410b	NZ_CP064065.1	1945524	1945535	91.7	-4.90	4	4		
REP410c	NZ_CP064065.1	1945708	1945730	82.6	-11.40	8	5	_c1	
REP2392d	NZ_CP064065.1	1949202	1949223	68.2	-11.90	7	8		
REP2392c	NZ_CP064065.1	1949290	1949304	80.0	-7.40	5	5		
REP2392b	NZ_CP064065.1	1949341	1949353	92.3	-5.00	4	5		
REP2392a	NZ_CP064065.1	1949475	1949489	73.3	-7.60	6	3		
REP411a	NZ_CP064065.1	1949503	1949514	83.3	-5.90	4	4		
REP411c	NZ_CP064065.1	1949711	1949733	95.7	-14.10	8	5	_c1	
REP2391	NZ_CP064065.1	1950257	1950273	76.5	-6.00	5	7		
REP2390d	NZ_CP064065.1	1954331	1954342	91.7	-8.20	4	4		
REP2390b	NZ_CP064065.1	1954421	1954435	86.7	-7.10	5	5		
REP2390a	NZ_CP064065.1	1954438	1954456	89.5	-14.40	8	3		
REP2389c	NZ_CP064065.1	1957398	1957412	66.7	-3.00	4	3		
REP2389b	NZ_CP064065.1	1957469	1957488	75.0	-14.50	8	4		
REP412b	NZ_CP064065.1	1957750	1957761	83.3	-2.80	4	4		
REP412d	NZ_CP064065.1	1958046	1958072	77.8	-13.30	10	3	_c2	
REP2388	NZ_CP064065.1	1958779	1958824	71.7	-28.00	15	12	_c1_c1	
REP2387	NZ_CP064065.1	1962907	1962950	68.2	-35.30	18	6	_c1	
REP2386b	NZ_CP064065.1	1966489	1966499	90.9	-1.70	3	5		
REP2386a	NZ_CP064065.1	1966693	1966710	94.4	-14.10	7	4		
REP2385	NZ_CP064065.1	1968388	1968406	89.5	-14.20	7	5		
REP2384d	NZ_CP064065.1	1978546	1978562	76.5	-8.70	5	7		
REP2384c	NZ_CP064065.1	1978610	1978628	73.7	-12.80	7	5		
REP2384b	NZ_CP064065.1	1978658	1978699	71.4	-47.20	19	4		
REP2384a	NZ_CP064065.1	1978711	1978727	82.4	-10.40	7	3		
REP2383b	NZ_CP064065.1	1979166	1979179	64.3	-4.30	5	4		
REP2383a	NZ_CP064065.1	1979185	1979200	100.0	-12.30	6	4		
REP2382a	NZ_CP064065.1	1980071	1980107	67.6	-32.30	17	3		
REP2381	NZ_CP064065.1	1982948	1982962	86.7	-9.10	6	3		
REP2379c	NZ_CP064065.1	1985371	1985382	58.3	-1.70	4	4		
REP2379a	NZ_CP064065.1	1985508	1985523	68.8	-3.60	5	4	_c1	
REP413b	NZ_CP064065.1	1985626	1985642	76.5	-6.80	6	5		
REP413c	NZ_CP064065.1	1985645	1985680	72.2	-26.20	14	8		
REP2378	NZ_CP064065.1	1986509	1986530	81.0	-10.80	6	4		
REP2377b	NZ_CP064065.1	1988860	1988891	81.2	-20.00	12	4	_c2	
REP2377a	NZ_CP064065.1	1988937	1988959	73.9	-17.40	10	3		
REP414a	NZ_CP064065.1	1989036	1989054	78.9	-11.60	7	5		
REP414c	NZ_CP064065.1	1989103	1989118	86.7	-8.80	5	4		
REP414d	NZ_CP064065.1	1989140	1989153	85.7	-7.20	5	4		
REP2376d	NZ_CP064065.1	1994410	1994441	96.8	-33.50	13	4		
REP415a	NZ_CP064065.1	1994622	1994659	65.8	-32.90	17	4		
REP415b	NZ_CP064065.1	1994653	1994667	60.0	-5.30	6	3		
REP415c	NZ_CP064065.1	1994727	1994744	83.3	-12.70	7	4		
REP415d	NZ_CP064065.1	1994829	1994846	77.8	-11.30	7	4		
REP416c	NZ_CP064065.1	1997857	1997869	75.0	-3.50	4	3		
REP2375d	NZ_CP064065.1	1998432	1998458	77.8	-16.40	9	9		
REP2375c	NZ_CP064065.1	1998477	1998488	91.7	-4.60	4	4		
REP2375b	NZ_CP064065.1	1998539	1998555	64.7	-8.30	7	3		
REP417a	NZ_CP064065.1	1998711	1998756	71.7	-38.80	19	6	_c1	
REP417b	NZ_CP064065.1	1998755	1998770	87.5	-12.40	6	4		
REP2374	NZ_CP064065.1	2002913	2002945	87.9	-29.00	13	5	_c1	
REP418	NZ_CP064065.1	2007984	2008000	52.9	-7.40	6	5		
REP2373d	NZ_CP064065.1	2008747	2008758	91.7	-4.60	4	4		
REP2373b	NZ_CP064065.1	2008795	2008812	83.3	-9.10	6	6		
REP2373a	NZ_CP064065.1	2008885	2008897	76.9	-0.30	2	4		
REP419a	NZ_CP064065.1	2009223	2009242	85.0	-12.20	7	4	_c1	
REP419b	NZ_CP064065.1	2009384	2009404	81.0	-11.30	7	7		
REP419d	NZ_CP064065.1	2009442	2009467	76.9	-15.90	10	4	_c1	
REP2372c	NZ_CP064065.1	2012757	2012771	86.7	-9.10	6	3		
REP2372b	NZ_CP064065.1	2013047	2013063	76.5	-1.80	4	9		
REP420b	NZ_CP064065.1	2013286	2013304	94.7	-13.20	7	5		
REP420c	NZ_CP064065.1	2013328	2013345	83.3	-8.60	6	4	_c1	
REP420d	NZ_CP064065.1	2013356	2013379	70.8	-14.50	8	8		
REP2371d	NZ_CP064065.1	2023662	2023684	69.6	-11.80	9	3	_c1	
REP2371a	NZ_CP064065.1	2023942	2023953	75.0	-3.10	4	4		
REP421d	NZ_CP064065.1	2024251	2024264	64.3	-4.20	5	4		
REP2370	NZ_CP064065.1	2026044	2026060	76.5	-11.50	7	3		
REP2369b	NZ_CP064065.1	2027819	2027835	70.6	-9.20	6	5		
REP2369a	NZ_CP064065.1	2027961	2027981	76.2	-9.20	7	5	_c1	
REP422a	NZ_CP064065.1	2028174	2028200	74.1	-21.90	12	3		
REP422b	NZ_CP064065.1	2028223	2028246	62.5	-12.10	8	8		
REP422d	NZ_CP064065.1	2028502	2028515	92.9	-7.60	5	4		
REP2367b	NZ_CP064065.1	2030726	2030745	95.0	-13.50	7	6		
REP2367a	NZ_CP064065.1	2030748	2030774	96.3	-19.50	9	7	_c1	
REP2366d	NZ_CP064065.1	2038061	2038075	86.7	-7.90	6	3		
REP2366b	NZ_CP064065.1	2038272	2038305	79.4	-18.30	12	6	_c1_c1	
REP423a	NZ_CP064065.1	2038582	2038601	70.0	-10.20	7	6		
REP423b	NZ_CP064065.1	2038897	2038919	73.9	-9.70	8	5	_c1	
REP423c	NZ_CP064065.1	2038916	2038928	84.6	-4.80	4	5		
REP423d	NZ_CP064065.1	2038942	2038959	77.8	-10.90	7	4		
REP2365d	NZ_CP064065.1	2040592	2040605	50.0	-2.90	4	6		
REP2365c	NZ_CP064065.1	2040650	2040666	82.4	-5.30	5	5	_c1	
REP2364	NZ_CP064065.1	2041081	2041095	80.0	-8.00	6	3		
REP2363	NZ_CP064065.1	2041357	2041378	86.4	-13.00	7	8		
REP2362d	NZ_CP064065.1	2044111	2044122	75.0	-3.50	4	4		
REP2362c	NZ_CP064065.1	2044157	2044170	92.9	-6.40	5	4		
REP2362b	NZ_CP064065.1	2044219	2044248	90.0	-17.60	10	6	_c1_c1	
REP424a	NZ_CP064065.1	2044542	2044559	72.2	-6.30	6	4	_c1	
REP424b	NZ_CP064065.1	2044610	2044623	85.7	-4.50	5	4		
REP424c	NZ_CP064065.1	2044665	2044692	82.1	-14.20	9	8	_c1	
REP424d	NZ_CP064065.1	2044751	2044761	72.7	-2.90	3	5		
REP2361d	NZ_CP064065.1	2047907	2047922	68.8	-8.90	6	4		
REP2361b	NZ_CP064065.1	2048031	2048048	83.3	-9.50	5	4		
REP425c	NZ_CP064065.1	2048540	2048571	87.5	-15.40	9	6	_c4	
REP425d	NZ_CP064065.1	2048717	2048741	72.0	-10.90	9	5	_c1	
REP2360b	NZ_CP064065.1	2050241	2050256	75.0	-11.10	6	4		
REP2360a	NZ_CP064065.1	2050273	2050307	94.3	-29.70	13	7	_c1	
REP2359d	NZ_CP064065.1	2054593	2054606	92.9	-8.80	5	4		
REP2359c	NZ_CP064065.1	2054627	2054638	66.7	-3.80	4	4		
REP426a	NZ_CP064065.1	2054738	2054756	52.6	-7.90	7	5		
REP426c	NZ_CP064065.1	2054886	2054897	66.7	-0.30	4	4		
REP2358d	NZ_CP064065.1	2058386	2058404	57.9	-8.00	6	7		
REP2358c	NZ_CP064065.1	2058455	2058479	92.0	-22.60	11	3		
REP427a	NZ_CP064065.1	2058833	2058865	72.7	-30.20	15	3		
REP427c	NZ_CP064065.1	2058966	2058990	76.0	-12.70	9	7		
REP2357b	NZ_CP064065.1	2059296	2059316	71.4	-4.90	6	5	_c2	
REP2357a	NZ_CP064065.1	2059339	2059355	52.9	-4.80	6	5		
REP2356a	NZ_CP064065.1	2063300	2063318	78.9	-9.20	7	5		
REP428b	NZ_CP064065.1	2063718	2063729	91.7	-5.80	4	4		
REP2355c	NZ_CP064065.1	2067663	2067674	91.7	-5.50	4	4		
REP2355a	NZ_CP064065.1	2067833	2067846	85.7	-2.30	3	4		
REP429d	NZ_CP064065.1	2068093	2068114	63.6	-9.70	6	10		
REP430	NZ_CP064065.1	2070555	2070580	88.5	-23.50	11	4		
REP2354c	NZ_CP064065.1	2071922	2071960	79.5	-19.70	12	9	_c3	
REP2354b	NZ_CP064065.1	2072321	2072336	81.2	-12.00	6	4		
REP2354a	NZ_CP064065.1	2072378	2072398	57.1	-11.30	8	5		
REP431b	NZ_CP064065.1	2072483	2072496	92.9	-8.10	5	4		
REP2353a	NZ_CP064065.1	2076569	2076591	82.6	-14.20	7	9		
REP432a	NZ_CP064065.1	2076704	2076737	79.4	-21.00	12	6	_c1_c1	
REP432c	NZ_CP064065.1	2076987	2077018	71.9	-12.20	8	14		
REP432d	NZ_CP064065.1	2077105	2077121	88.2	-9.90	6	5		
REP2352d	NZ_CP064065.1	2077968	2077982	66.7	-3.20	4	7		
REP2352c	NZ_CP064065.1	2078010	2078021	66.7	-3.80	4	4		
REP2351d	NZ_CP064065.1	2079219	2079235	76.5	-7.80	6	5		
REP2351b	NZ_CP064065.1	2079328	2079338	81.8	-0.90	3	5		
REP434a	NZ_CP064065.1	2079576	2079607	68.8	-15.10	10	4	_c4	
REP435b	NZ_CP064065.1	2086363	2086376	78.6	-5.10	4	6		
REP436a	NZ_CP064065.1	2087349	2087364	75.0	-10.50	6	4		
REP436b	NZ_CP064065.1	2087481	2087502	59.1	-13.10	8	6		
REP436c	NZ_CP064065.1	2087492	2087519	64.3	-15.90	11	4	_c1	
REP2350d	NZ_CP064065.1	2089084	2089102	73.7	-9.40	8	3		
REP2350a	NZ_CP064065.1	2089186	2089202	82.4	-10.40	7	3		
REP437a	NZ_CP064065.1	2089336	2089355	75.0	-10.10	7	6		
REP437b	NZ_CP064065.1	2089390	2089411	81.8	-13.00	9	4		
REP437d	NZ_CP064065.1	2089782	2089804	87.0	-19.10	9	5		
REP2349	NZ_CP064065.1	2093349	2093381	81.8	-32.60	14	5		
REP2348	NZ_CP064065.1	2094807	2094826	52.6	-6.00	6	4	_c1	
REP2347c	NZ_CP064065.1	2098061	2098080	70.0	-7.40	6	4	_c2	
REP2347a	NZ_CP064065.1	2098105	2098119	53.3	-5.30	5	5		
REP438a	NZ_CP064065.1	2098316	2098329	71.4	-4.40	5	4		
REP438b	NZ_CP064065.1	2098339	2098369	61.3	-17.00	12	5	_c1	
REP2346c	NZ_CP064065.1	2098754	2098790	70.3	-22.80	14	7	_c1	
REP2346a	NZ_CP064065.1	2099061	2099086	88.5	-12.00	8	6	_c1_c1	
REP439a	NZ_CP064065.1	2099283	2099295	84.6	-5.20	4	5		
REP439b	NZ_CP064065.1	2099364	2099376	61.5	-3.40	4	5		
REP439c	NZ_CP064065.1	2099502	2099515	92.9	-8.80	5	4		
REP2345d	NZ_CP064065.1	2100903	2100917	93.3	-9.10	5	5		
REP2345c	NZ_CP064065.1	2101011	2101023	92.3	-5.80	5	3		
REP2345a	NZ_CP064065.1	2101158	2101193	80.6	-36.90	16	4		
REP440b	NZ_CP064065.1	2101222	2101240	57.9	-5.90	6	5	_c1	
REP440c	NZ_CP064065.1	2101256	2101272	94.1	-6.40	6	3	_c1	
REP440d	NZ_CP064065.1	2101337	2101374	89.5	-18.80	12	8	_c2_c1	
REP441a	NZ_CP064065.1	2101970	2102008	84.6	-42.20	17	5		
REP441b	NZ_CP064065.1	2102022	2102042	76.2	-10.40	7	7		
REP2344a	NZ_CP064065.1	2102049	2102066	88.9	-15.40	7	4		
REP2343b	NZ_CP064065.1	2109031	2109042	75.0	-5.60	4	4		
REP2343a	NZ_CP064065.1	2109143	2109160	77.8	-12.50	7	4		
REP442a	NZ_CP064065.1	2109437	2109450	64.3	-4.30	5	4		
REP442b	NZ_CP064065.1	2109569	2109580	66.7	-2.30	4	4		
REP2342d	NZ_CP064065.1	2113025	2113037	84.6	-4.40	4	5		
REP2342b	NZ_CP064065.1	2113386	2113396	90.9	-1.80	3	3		
REP2342a	NZ_CP064065.1	2113388	2113407	70.0	-1.40	5	4	_c3	
REP443a	NZ_CP064065.1	2113651	2113669	73.7	-10.50	7	5		
REP443b	NZ_CP064065.1	2113797	2113824	82.1	-23.00	11	4	_c1	
REP443c	NZ_CP064065.1	2114260	2114276	58.8	-7.20	7	3		
REP443d	NZ_CP064065.1	2114376	2114388	84.6	-4.10	4	5		
REP2340a	NZ_CP064065.1	2116397	2116412	93.8	-8.00	5	6		
REP445a	NZ_CP064065.1	2116670	2116692	78.3	-13.60	9	3	_c1	
REP445b	NZ_CP064065.1	2116680	2116703	75.0	-19.20	9	4		
REP2339a	NZ_CP064065.1	2118140	2118156	76.5	-6.70	5	7		
REP446a	NZ_CP064065.1	2118417	2118436	85.0	-11.10	7	4	_c1	
REP446b	NZ_CP064065.1	2118455	2118465	81.8	-0.90	3	5		
REP446d	NZ_CP064065.1	2118659	2118684	65.4	-9.90	8	8	_c1	
REP2338	NZ_CP064065.1	2119792	2119830	84.6	-39.40	17	5		
REP447a	NZ_CP064065.1	2128831	2128872	71.4	-29.10	15	10	_c1	
REP447b	NZ_CP064065.1	2128871	2128900	73.3	-14.50	10	4	_c2_c1	
REP2335d	NZ_CP064065.1	2140869	2140880	83.3	-5.40	4	4		
REP2335b	NZ_CP064065.1	2141001	2141022	95.5	-13.80	8	4	_c1	
REP448a	NZ_CP064065.1	2141231	2141286	67.9	-51.60	25	6		
REP448b	NZ_CP064065.1	2141366	2141383	66.7	-10.70	7	4		
REP448d	NZ_CP064065.1	2141412	2141424	76.9	-4.70	5	3		
REP2334	NZ_CP064065.1	2142281	2142318	65.8	-29.30	16	6		
REP2333c	NZ_CP064065.1	2143224	2143242	36.8	-6.60	7	5		
REP449b	NZ_CP064065.1	2144037	2144061	68.0	-13.70	9	5	_c1	
REP449c	NZ_CP064065.1	2144132	2144146	66.7	-3.90	5	5		
REP2332b	NZ_CP064065.1	2146269	2146302	76.5	-26.90	13	6	_c1	
REP2332a	NZ_CP064065.1	2146294	2146335	69.0	-20.00	13	8	_c1_c2_c1	
REP2331b	NZ_CP064065.1	2148988	2149001	85.7	-2.90	3	4		
REP2330	NZ_CP064065.1	2151408	2151429	59.1	-17.20	9	4		
REP2329c	NZ_CP064065.1	2154477	2154488	66.7	-3.80	4	4		
REP2329b	NZ_CP064065.1	2154554	2154572	73.7	-12.80	7	5		
REP2329a	NZ_CP064065.1	2154645	2154658	85.7	-7.00	5	4		
REP450c	NZ_CP064065.1	2155136	2155149	85.7	-7.40	5	4		
REP450d	NZ_CP064065.1	2155213	2155233	70.0	-7.20	5	5	_c2	
REP451a	NZ_CP064065.1	2157166	2157195	83.3	-30.60	13	4		
REP2328c	NZ_CP064065.1	2157537	2157564	75.0	-14.80	9	10		
REP2328b	NZ_CP064065.1	2157606	2157622	76.5	-3.40	4	5		
REP2328a	NZ_CP064065.1	2157945	2157989	88.9	-41.90	19	5	_c1	
REP452d	NZ_CP064065.1	2158183	2158196	92.9	-7.40	5	4		
REP453a	NZ_CP064065.1	2159954	2159993	75.0	-33.50	16	4	_c1_c1	
REP453b	NZ_CP064065.1	2160373	2160415	76.7	-36.10	18	5	_c1	
REP453c	NZ_CP064065.1	2160530	2160545	56.2	-8.90	6	4		
REP453d	NZ_CP064065.1	2160624	2160640	70.6	-12.20	6	5		
REP2327d	NZ_CP064065.1	2160990	2161015	80.8	-13.80	7	12		
REP2327a	NZ_CP064065.1	2161061	2161096	77.8	-28.00	14	4	_c2	
REP2326c	NZ_CP064065.1	2162777	2162800	83.3	-16.30	8	8		
REP2326b	NZ_CP064065.1	2162880	2162904	60.0	-13.10	8	5	_c1	
REP2326a	NZ_CP064065.1	2162925	2162960	72.2	-22.40	12	10	_c1	
REP2325a	NZ_CP064065.1	2164446	2164492	55.3	-27.20	19	3	_c3	
REP2324c	NZ_CP064065.1	2171450	2171467	77.8	-7.00	6	6		
REP2324b	NZ_CP064065.1	2171511	2171531	90.5	-5.80	6	7	_c1	
REP454c	NZ_CP064065.1	2171898	2171911	100.0	-6.40	4	4		
REP454d	NZ_CP064065.1	2171906	2171920	86.7	-7.60	5	5		
REP2323b	NZ_CP064065.1	2173420	2173434	86.7	-8.20	5	5		
REP455	NZ_CP064065.1	2175299	2175321	95.7	-20.10	9	5		
REP2322d	NZ_CP064065.1	2180140	2180176	83.8	-29.90	15	5	_c1	
REP2322c	NZ_CP064065.1	2180216	2180247	81.2	-21.60	11	8	_c1	
REP2322b	NZ_CP064065.1	2180242	2180263	90.9	-19.40	9	4		
REP456a	NZ_CP064065.1	2180357	2180383	74.1	-10.80	10	3	_c2	
REP456c	NZ_CP064065.1	2180465	2180496	81.2	-17.70	11	8	_c1	
REP456d	NZ_CP064065.1	2180580	2180611	77.4	-17.40	10	4	_c1	
REP2321d	NZ_CP064065.1	2186723	2186734	91.7	-5.10	4	4		
REP2321b	NZ_CP064065.1	2186966	2186982	76.5	-8.10	6	5		
REP2321a	NZ_CP064065.1	2187084	2187098	86.7	-8.60	6	3		
REP457a	NZ_CP064065.1	2187330	2187341	83.3	-3.00	4	4		
REP457b	NZ_CP064065.1	2187333	2187358	88.5	-11.50	9	4	_c1_c1	
REP457d	NZ_CP064065.1	2187590	2187604	86.7	-8.30	5	5		
REP2320	NZ_CP064065.1	2189664	2189680	88.2	-11.30	6	5		
REP2319d	NZ_CP064065.1	2193820	2193838	94.7	-14.40	7	5		
REP2319a	NZ_CP064065.1	2193879	2193900	86.4	-13.70	7	8		
REP458b	NZ_CP064065.1	2194230	2194263	58.8	-8.40	10	6	_c3_c1	
REP2318c	NZ_CP064065.1	2196729	2196754	84.6	-18.70	9	8		
REP2318a	NZ_CP064065.1	2196986	2196997	66.7	-4.30	4	4		
REP459b	NZ_CP064065.1	2197222	2197235	71.4	-9.20	5	4		
REP2317d	NZ_CP064065.1	2203116	2203139	50.0	-9.70	7	8		
REP2317b	NZ_CP064065.1	2203309	2203332	70.8	-9.10	7	10		
REP460a	NZ_CP064065.1	2203545	2203579	77.1	-28.40	14	7		
REP460d	NZ_CP064065.1	2203818	2203829	83.3	-5.00	4	4		
REP2316d	NZ_CP064065.1	2206372	2206396	76.0	-11.70	8	7	_c1	
REP461a	NZ_CP064065.1	2206628	2206642	60.0	-5.90	5	5		
REP461b	NZ_CP064065.1	2206712	2206723	75.0	-3.50	4	4		
REP461c	NZ_CP064065.1	2206874	2206885	83.3	-5.90	4	4		
REP461d	NZ_CP064065.1	2207067	2207077	81.8	-3.20	4	3		
REP2315c	NZ_CP064065.1	2213101	2213115	93.3	-1.70	3	9		
REP462a	NZ_CP064065.1	2213294	2213304	81.8	-2.00	3	5		
REP462d	NZ_CP064065.1	2213509	2213522	85.7	-4.50	5	4		
REP2314	NZ_CP064065.1	2216653	2216698	67.4	-31.50	18	4	_c2_c1	
REP2313d	NZ_CP064065.1	2220786	2220800	66.7	-7.40	5	5		
REP2313c	NZ_CP064065.1	2220922	2220936	86.7	-6.60	5	5		
REP463a	NZ_CP064065.1	2220992	2221006	80.0	-8.00	6	3		
REP2313b	NZ_CP064065.1	2221000	2221055	73.2	-44.90	22	10	_c1	
REP463c	NZ_CP064065.1	2221050	2221062	92.3	-6.80	5	3		
REP463d	NZ_CP064065.1	2221087	2221100	85.7	-8.10	5	4		
REP2312	NZ_CP064065.1	2223400	2223422	73.9	-13.60	8	7		
REP2310	NZ_CP064065.1	2225915	2225941	88.9	-25.00	11	5		
REP464d	NZ_CP064065.1	2235984	2236022	74.4	-33.70	16	7		
REP2307b	NZ_CP064065.1	2237595	2237609	86.7	-7.00	6	3		
REP2307a	NZ_CP064065.1	2237638	2237661	62.5	-13.10	9	4	_c1	
REP2306d	NZ_CP064065.1	2242062	2242079	61.1	-9.80	7	4		
REP2306c	NZ_CP064065.1	2242144	2242161	88.9	-13.40	7	4		
REP2306a	NZ_CP064065.1	2242271	2242290	85.0	-13.10	7	6		
REP2304d	NZ_CP064065.1	2246743	2246759	76.5	-10.30	7	3		
REP2304c	NZ_CP064065.1	2246949	2246967	78.9	-11.70	8	3		
REP2304a	NZ_CP064065.1	2247327	2247381	56.4	-43.10	23	7	_c1	
REP465c	NZ_CP064065.1	2247487	2247499	76.9	-0.80	3	7		
REP2303d	NZ_CP064065.1	2251430	2251441	66.7	-3.50	4	4		
REP2303c	NZ_CP064065.1	2251500	2251519	70.0	-13.80	8	4		
REP2303b	NZ_CP064065.1	2251591	2251614	75.0	-14.10	9	6		
REP466b	NZ_CP064065.1	2251902	2251923	77.3	-16.40	8	6		
REP466c	NZ_CP064065.1	2252179	2252193	46.7	-3.90	5	5		
REP2302d	NZ_CP064065.1	2253775	2253789	66.7	-5.20	5	5		
REP2302b	NZ_CP064065.1	2253847	2253867	100.0	-16.80	8	5		
REP2302a	NZ_CP064065.1	2253911	2253958	70.8	-42.20	21	4	_c1	
REP467b	NZ_CP064065.1	2253956	2253970	93.3	-10.10	6	3		
REP467d	NZ_CP064065.1	2254226	2254245	85.0	-14.30	8	4		
REP2300c	NZ_CP064065.1	2259192	2259211	80.0	-0.50	4	10	_c1	
REP2300a	NZ_CP064065.1	2259414	2259441	75.0	-21.90	11	6		
REP468a	NZ_CP064065.1	2259806	2259836	67.7	-15.50	10	11		
REP468b	NZ_CP064065.1	2259868	2259897	60.0	-14.80	11	4	_c2	
REP468c	NZ_CP064065.1	2259941	2259959	68.4	-10.80	7	5		
REP2299c	NZ_CP064065.1	2261369	2261385	88.2	-7.50	5	7		
REP2299b	NZ_CP064065.1	2261742	2261772	83.9	-15.70	10	7	_c1_c1	
REP469b	NZ_CP064065.1	2262021	2262061	73.2	-25.40	16	5	_c1_c1	
REP470a	NZ_CP064065.1	2263475	2263503	75.9	-18.90	10	7	_c1	
REP470b	NZ_CP064065.1	2263669	2263697	86.2	-26.30	12	5		
REP470c	NZ_CP064065.1	2263713	2263732	85.0	-15.70	8	4		
REP470d	NZ_CP064065.1	2263735	2263755	81.0	-4.10	6	5	_c1_c1	
REP2298c	NZ_CP064065.1	2265919	2265960	76.2	-18.60	12	12	_c3	
REP471b	NZ_CP064065.1	2266153	2266172	70.0	-6.30	7	4	_c1	
REP471c	NZ_CP064065.1	2266199	2266210	83.3	-4.40	4	4		
REP471d	NZ_CP064065.1	2266257	2266270	78.6	-5.10	4	6		
REP472b	NZ_CP064065.1	2267602	2267616	73.3	-7.00	6	3		
REP2297d	NZ_CP064065.1	2270153	2270164	100.0	-6.30	4	4		
REP2297c	NZ_CP064065.1	2270278	2270320	79.1	-45.80	19	5		
REP2297a	NZ_CP064065.1	2270339	2270355	94.1	-7.00	5	7		
REP473c	NZ_CP064065.1	2270339	2270370	81.2	-18.50	9	14		
REP473d	NZ_CP064065.1	2270467	2270478	100.0	-2.70	3	4		
REP2296d	NZ_CP064065.1	2278156	2278173	88.9	-9.90	6	6		
REP2296b	NZ_CP064065.1	2278303	2278318	68.8	-7.20	6	4		
REP474a	NZ_CP064065.1	2278395	2278408	78.6	-5.60	5	4		
REP474b	NZ_CP064065.1	2278532	2278547	81.2	-6.60	5	6		
REP474c	NZ_CP064065.1	2278604	2278627	70.8	-10.00	7	10		
REP2295d	NZ_CP064065.1	2286743	2286765	69.6	-14.50	9	5		
REP2295c	NZ_CP064065.1	2286872	2286891	85.0	-10.20	7	4	_c1	
REP2295b	NZ_CP064065.1	2286900	2286915	75.0	-6.30	6	4		
REP2295a	NZ_CP064065.1	2287122	2287148	77.8	-14.50	10	3	_c2	
REP475a	NZ_CP064065.1	2287182	2287201	55.0	-5.90	6	4	_c1	
REP475b	NZ_CP064065.1	2287226	2287243	83.3	-11.40	7	4		
REP2293d	NZ_CP064065.1	2291079	2291107	82.8	-19.00	11	5	_c1	
REP476a	NZ_CP064065.1	2291288	2291303	75.0	-4.00	5	4	_c1	
REP476b	NZ_CP064065.1	2291456	2291468	84.6	-5.60	4	5		
REP476d	NZ_CP064065.1	2291595	2291614	80.0	-14.00	8	4		
REP2292	NZ_CP064065.1	2292219	2292240	40.9	-7.00	7	8		
REP2291d	NZ_CP064065.1	2294667	2294680	84.6	-2.40	3	6		
REP2291c	NZ_CP064065.1	2294725	2294742	72.2	-10.80	6	4		
REP2291b	NZ_CP064065.1	2294797	2294814	88.9	-6.10	6	4	_c1	
REP2291a	NZ_CP064065.1	2294884	2294926	76.7	-43.90	20	3		
REP477c	NZ_CP064065.1	2294984	2295006	69.6	-9.80	8	7		
REP477d	NZ_CP064065.1	2295003	2295015	76.9	-3.20	4	5		
REP2290d	NZ_CP064065.1	2297096	2297108	61.5	-3.50	4	5		
REP2290b	NZ_CP064065.1	2297183	2297198	87.5	-5.90	4	8		
REP2290a	NZ_CP064065.1	2297377	2297401	68.0	-13.10	9	7		
REP478c	NZ_CP064065.1	2298008	2298023	81.2	-9.30	6	4		
REP2289c	NZ_CP064065.1	2302217	2302228	83.3	-4.60	4	4		
REP2289a	NZ_CP064065.1	2302440	2302452	69.2	-4.60	5	3		
REP479a	NZ_CP064065.1	2302609	2302628	75.0	-13.00	8	4		
REP479d	NZ_CP064065.1	2302859	2302876	83.3	-13.10	7	4		
REP2288	NZ_CP064065.1	2306939	2306955	88.2	-11.60	7	3		
REP2287	NZ_CP064065.1	2309473	2309524	73.1	-52.40	23	6		
REP480	NZ_CP064065.1	2313512	2313529	72.2	-5.70	5	8		
REP2286a	NZ_CP064065.1	2317004	2317024	85.7	-13.20	7	7		
REP481a	NZ_CP064065.1	2317149	2317177	55.2	-12.70	9	11		
REP481b	NZ_CP064065.1	2317224	2317237	64.3	-3.60	5	4		
REP481d	NZ_CP064065.1	2317988	2318015	71.4	-13.90	10	8		
REP482a	NZ_CP064065.1	2319554	2319570	70.6	-6.60	7	3		
REP482b	NZ_CP064065.1	2319836	2319853	72.2	-8.60	6	6		
REP482c	NZ_CP064065.1	2319893	2319910	72.2	-8.60	6	6		
REP482d	NZ_CP064065.1	2319950	2319967	72.2	-8.60	6	6		
REP483a	NZ_CP064065.1	2323933	2323958	61.5	-15.60	10	6		
REP484a	NZ_CP064065.1	2328578	2328597	70.0	-13.70	7	4		
REP485	NZ_CP064065.1	2331142	2331161	75.0	-10.10	7	6		
REP486a	NZ_CP064065.1	2331615	2331629	73.3	-7.00	6	3		
REP486b	NZ_CP064065.1	2331689	2331709	81.0	-13.90	9	3		
REP486c	NZ_CP064065.1	2331765	2331785	52.4	-8.80	7	7		
REP2285b	NZ_CP064065.1	2340205	2340226	63.6	-8.90	8	4	_c1	
REP2285a	NZ_CP064065.1	2340300	2340310	72.7	0.20	3	5		
REP487a	NZ_CP064065.1	2340479	2340498	80.0	-11.40	8	4		
REP2284c	NZ_CP064065.1	2343298	2343317	60.0	-10.70	8	4		
REP2284b	NZ_CP064065.1	2343313	2343324	75.0	-4.70	4	4		
REP2283c	NZ_CP064065.1	2345200	2345216	52.9	-0.10	5	5	_c1	
REP488c	NZ_CP064065.1	2347933	2347948	62.5	-4.70	5	6		
REP489	NZ_CP064065.1	2349320	2349354	74.3	-26.40	14	5	_c1	
REP2282b	NZ_CP064065.1	2355708	2355724	82.4	-10.30	7	3		
REP2282a	NZ_CP064065.1	2355791	2355816	76.9	-19.70	10	6		
REP490a	NZ_CP064065.1	2355933	2355944	91.7	-4.10	4	4		
REP490b	NZ_CP064065.1	2356158	2356184	66.7	-8.40	7	13		
REP490c	NZ_CP064065.1	2356324	2356338	73.3	-7.60	5	5		
REP2280	NZ_CP064065.1	2358610	2358656	70.2	-41.00	21	3	_c1	
REP2279	NZ_CP064065.1	2362728	2362754	81.5	-21.40	11	5		
REP2278d	NZ_CP064065.1	2363558	2363579	68.2	-9.30	7	8		
REP2278b	NZ_CP064065.1	2363701	2363718	88.9	-13.40	7	4		
REP2278a	NZ_CP064065.1	2363750	2363772	78.3	-7.60	7	7	_c1	
REP491a	NZ_CP064065.1	2364113	2364128	75.0	-13.40	6	4		
REP491b	NZ_CP064065.1	2364320	2364337	77.8	-12.80	7	4		
REP491d	NZ_CP064065.1	2364402	2364417	68.8	-2.50	5	4	_c1	
REP492a	NZ_CP064065.1	2368905	2368930	65.4	-12.10	8	10		
REP492b	NZ_CP064065.1	2368932	2368951	70.0	-2.50	5	8	_c1	
REP492c	NZ_CP064065.1	2368963	2368994	71.9	-15.60	10	10	_c1	
REP494a	NZ_CP064065.1	2379298	2379315	61.1	-4.10	4	8		
REP494b	NZ_CP064065.1	2379385	2379403	57.9	-7.90	8	3		
REP495a	NZ_CP064065.1	2382086	2382124	79.5	-36.50	16	5	_c1	
REP495b	NZ_CP064065.1	2382214	2382226	46.2	-2.20	4	5		
REP2276d	NZ_CP064065.1	2386321	2386336	75.0	-5.40	5	6		
REP2276c	NZ_CP064065.1	2386385	2386401	70.6	-7.70	5	7		
REP2276b	NZ_CP064065.1	2386534	2386545	75.0	-4.60	4	4		
REP2276a	NZ_CP064065.1	2386712	2386751	90.0	-46.40	18	4		
REP496b	NZ_CP064065.1	2386804	2386830	70.4	-10.00	7	13		
REP496c	NZ_CP064065.1	2386934	2386957	75.0	-7.80	7	6	_c1_c1	
REP496d	NZ_CP064065.1	2387319	2387337	78.9	-8.20	6	5	_c1	
REP497a	NZ_CP064065.1	2395492	2395528	89.2	-33.00	15	5	_c1	
REP2275d	NZ_CP064065.1	2395917	2395930	85.7	-5.10	4	6		
REP2275b	NZ_CP064065.1	2396169	2396204	72.2	-18.20	10	8	_c2_c2	
REP2275a	NZ_CP064065.1	2396346	2396357	75.0	-4.60	4	4		
REP498a	NZ_CP064065.1	2396448	2396469	77.3	-8.90	8	4	_c1	
REP498d	NZ_CP064065.1	2396965	2396979	53.3	-4.50	5	5		
REP2274b	NZ_CP064065.1	2398364	2398380	76.5	-10.40	6	5		
REP2274a	NZ_CP064065.1	2398898	2398922	84.0	-15.00	9	5	_c1	
REP499a	NZ_CP064065.1	2399236	2399247	66.7	-2.80	4	4		
REP499c	NZ_CP064065.1	2399436	2399449	71.4	-6.90	5	4		
REP2273c	NZ_CP064065.1	2405594	2405605	100.0	-6.50	4	4		
REP500a	NZ_CP064065.1	2405718	2405768	56.9	-44.00	24	3		
REP500b	NZ_CP064065.1	2405817	2405851	71.4	-20.30	13	3	_c2_c1	
REP500d	NZ_CP064065.1	2406010	2406033	75.0	-11.80	7	10		
REP2272d	NZ_CP064065.1	2410551	2410577	85.2	-20.80	10	7		
REP2272b	NZ_CP064065.1	2410634	2410652	84.2	-13.70	8	3		
REP501b	NZ_CP064065.1	2410733	2410748	75.0	-6.30	6	4		
REP501c	NZ_CP064065.1	2410904	2410920	70.6	-5.00	5	7		
REP501d	NZ_CP064065.1	2411113	2411141	86.2	-22.20	11	5	_c1	
REP2271	NZ_CP064065.1	2415117	2415149	90.9	-34.90	15	3		
REP502b	NZ_CP064065.1	2424936	2424954	100.0	-15.00	7	5		
REP2270d	NZ_CP064065.1	2425752	2425766	93.3	-7.70	5	5		
REP2270c	NZ_CP064065.1	2426066	2426083	55.6	-7.40	6	4		
REP503a	NZ_CP064065.1	2426428	2426461	79.4	-30.80	14	4	_c1	
REP503b	NZ_CP064065.1	2426626	2426664	79.5	-42.20	18	3		
REP503c	NZ_CP064065.1	2426662	2426697	63.9	-22.30	13	10		
REP503d	NZ_CP064065.1	2426971	2426986	81.2	-9.80	6	4		
REP504a	NZ_CP064065.1	2431154	2431184	83.9	-28.90	13	5		
REP504b	NZ_CP064065.1	2431284	2431307	83.3	-12.30	7	10		
REP2269c	NZ_CP064065.1	2434247	2434258	100.0	-5.30	4	4		
REP2269b	NZ_CP064065.1	2434266	2434281	50.0	-5.00	6	4		
REP505c	NZ_CP064065.1	2434668	2434702	74.3	-18.20	12	7	_c2	
REP2268b	NZ_CP064065.1	2435671	2435683	38.5	0.20	4	5		
REP2268a	NZ_CP064065.1	2435764	2435796	78.8	-26.80	14	3	_c1	
REP506c	NZ_CP064065.1	2437701	2437712	83.3	-5.80	4	4		
REP2267d	NZ_CP064065.1	2442277	2442302	84.6	-11.90	7	12		
REP2267c	NZ_CP064065.1	2442369	2442387	68.4	-5.60	7	3	_c1	
REP2267b	NZ_CP064065.1	2442456	2442471	68.8	-3.80	4	4		
REP2267a	NZ_CP064065.1	2442577	2442594	77.8	-14.80	7	4		
REP507b	NZ_CP064065.1	2442606	2442622	58.8	-3.30	5	5	_c1	
REP507c	NZ_CP064065.1	2442656	2442668	76.9	-4.30	5	3		
REP2265b	NZ_CP064065.1	2445065	2445088	87.5	-17.40	8	8		
REP2265a	NZ_CP064065.1	2445102	2445116	60.0	-5.20	6	3		
REP508a	NZ_CP064065.1	2445246	2445288	81.4	-33.80	18	5	_c1	
REP508c	NZ_CP064065.1	2445362	2445384	82.6	-17.00	8	7		
REP508d	NZ_CP064065.1	2445449	2445466	94.4	-8.30	6	4	_c1	
REP2264c	NZ_CP064065.1	2469476	2469490	73.3	-7.00	6	3		
REP2264b	NZ_CP064065.1	2469535	2469548	78.6	-6.20	5	4		
REP2264a	NZ_CP064065.1	2470010	2470025	37.5	-0.80	3	8		
REP509b	NZ_CP064065.1	2470399	2470410	83.3	-4.50	4	4		
REP509c	NZ_CP064065.1	2471320	2471338	73.7	-12.80	8	3		
REP509d	NZ_CP064065.1	2471814	2471829	56.2	-4.50	5	6		
REP2262	NZ_CP064065.1	2476243	2476255	69.2	-3.30	4	5		
REP510b	NZ_CP064065.1	2476990	2477001	75.0	-1.80	4	4		
REP510c	NZ_CP064065.1	2477500	2477511	66.7	-2.30	4	4		
REP2261d	NZ_CP064065.1	2478963	2478977	73.3	-4.20	4	7		
REP2261c	NZ_CP064065.1	2479121	2479139	63.2	-11.50	8	3		
REP2261a	NZ_CP064065.1	2479515	2479527	84.6	-4.60	5	3		
REP511b	NZ_CP064065.1	2480427	2480441	86.7	-9.10	6	3		
REP511c	NZ_CP064065.1	2480666	2480677	75.0	-2.90	4	4		
REP511d	NZ_CP064065.1	2480832	2480848	70.6	-8.40	6	5		
REP2260	NZ_CP064065.1	2481208	2481224	64.7	-4.60	5	5	_c1	
REP2259	NZ_CP064065.1	2483727	2483752	76.9	-20.30	10	6		
REP2258d	NZ_CP064065.1	2484619	2484634	80.0	-5.10	5	4		
REP2258b	NZ_CP064065.1	2484860	2484898	71.8	-17.70	12	7	_c1_c1	
REP2257	NZ_CP064065.1	2485272	2485288	70.6	-5.40	5	7		
REP2256b	NZ_CP064065.1	2487003	2487025	73.9	-10.60	8	7		
REP2256a	NZ_CP064065.1	2487012	2487042	71.0	-13.90	9	13		
REP2255d	NZ_CP064065.1	2494211	2494233	73.9	-9.50	7	9		
REP2255c	NZ_CP064065.1	2494287	2494305	78.9	-12.30	7	5		
REP2255b	NZ_CP064065.1	2494372	2494390	78.9	-12.30	7	5		
REP2255a	NZ_CP064065.1	2494578	2494597	75.0	-7.10	5	10		
REP2254d	NZ_CP064065.1	2496036	2496051	81.2	-1.90	5	4	_c1	
REP2254c	NZ_CP064065.1	2496170	2496214	73.3	-17.90	12	7	_c2_c5	
REP2254b	NZ_CP064065.1	2496358	2496371	64.3	-6.80	5	4		
REP2254a	NZ_CP064065.1	2496396	2496408	69.2	-3.20	4	5		
REP513c	NZ_CP064065.1	2497297	2497314	72.2	-6.40	5	8		
REP2253c	NZ_CP064065.1	2501707	2501742	80.0	-14.60	9	6	_c1	
REP2253a	NZ_CP064065.1	2501770	2501806	73.0	-20.20	12	5	_c4	
REP514b	NZ_CP064065.1	2501862	2501877	68.8	-3.60	4	8		
REP514c	NZ_CP064065.1	2501965	2501982	77.8	-13.00	7	4		
REP514d	NZ_CP064065.1	2502041	2502060	95.0	-10.30	7	4	_c1	
REP2252	NZ_CP064065.1	2502695	2502734	70.0	-20.00	13	10	_c1_c1	
REP2251a	NZ_CP064065.1	2504121	2504161	80.5	-27.00	14	5	_c1_c3	
REP2250d	NZ_CP064065.1	2509338	2509364	81.5	-16.40	10	3	_c2	
REP2250c	NZ_CP064065.1	2509507	2509520	71.4	-3.00	4	6		
REP515a	NZ_CP064065.1	2509865	2509880	75.0	-3.30	4	8		
REP515c	NZ_CP064065.1	2510609	2510623	86.7	-8.30	5	5		
REP515d	NZ_CP064065.1	2510634	2510662	72.4	-25.10	12	5		
REP2249c	NZ_CP064065.1	2512903	2512922	50.0	-11.60	8	4		
REP2249b	NZ_CP064065.1	2513028	2513046	73.7	-12.30	8	3		
REP516a	NZ_CP064065.1	2513382	2513395	78.6	-6.40	5	4		
REP516b	NZ_CP064065.1	2513464	2513478	86.7	-7.90	5	5		
REP516c	NZ_CP064065.1	2513510	2513522	76.9	-3.90	4	5		
REP516d	NZ_CP064065.1	2513702	2513722	66.7	-6.90	7	7		
REP517a	NZ_CP064065.1	2515111	2515126	87.5	-10.10	6	4		
REP517b	NZ_CP064065.1	2515543	2515564	63.6	-7.20	8	4	_c1	
REP2247d	NZ_CP064065.1	2518658	2518674	82.4	-11.20	7	3		
REP2247b	NZ_CP064065.1	2518918	2518960	93.0	-49.10	20	3		
REP519c	NZ_CP064065.1	2519071	2519085	66.7	-5.90	6	3		
REP519d	NZ_CP064065.1	2519227	2519242	81.2	-7.50	6	4		
REP520b	NZ_CP064065.1	2525622	2525641	95.0	-9.90	6	6	_c1	
REP2245c	NZ_CP064065.1	2527776	2527791	75.0	-4.30	4	8		
REP2245b	NZ_CP064065.1	2527953	2527966	78.6	-5.20	4	6		
REP521a	NZ_CP064065.1	2528312	2528332	61.9	-8.20	7	7		
REP521b	NZ_CP064065.1	2528348	2528363	75.0	-7.00	5	3		
REP521c	NZ_CP064065.1	2528544	2528557	92.9	-7.00	5	4		
REP521d	NZ_CP064065.1	2528868	2528883	81.2	-8.10	6	4		
REP2244	NZ_CP064065.1	2529343	2529383	61.0	-14.40	12	7	_c2_c3	
REP522a	NZ_CP064065.1	2531182	2531206	84.0	-4.50	6	7	_c3	
REP2243d	NZ_CP064065.1	2531448	2531472	76.0	-20.90	10	5		
REP2243c	NZ_CP064065.1	2532093	2532112	70.0	-11.70	7	6		
REP523a	NZ_CP064065.1	2532696	2532721	84.6	-17.30	10	4	_c1	
REP2242d	NZ_CP064065.1	2533980	2533994	80.0	-5.90	5	5		
REP2242b	NZ_CP064065.1	2534020	2534040	85.7	-9.10	7	5	_c1	
REP2242a	NZ_CP064065.1	2534268	2534291	54.2	-6.10	7	10		
REP2241c	NZ_CP064065.1	2539841	2539861	90.5	-13.10	7	7		
REP2241b	NZ_CP064065.1	2539909	2539924	68.8	-9.10	6	4		
REP524b	NZ_CP064065.1	2542380	2542392	92.3	-5.70	4	5		
REP524d	NZ_CP064065.1	2542654	2542665	58.3	-1.80	4	4		
REP2240a	NZ_CP064065.1	2542963	2542974	66.7	-3.80	4	4		
REP2239	NZ_CP064065.1	2550238	2550253	81.2	-7.50	6	4		
REP2238	NZ_CP064065.1	2553533	2553566	91.2	-28.00	12	10		
REP2237b	NZ_CP064065.1	2557869	2557885	76.5	-7.00	5	7		
REP2236d	NZ_CP064065.1	2559127	2559141	100.0	-10.10	6	3		
REP2236c	NZ_CP064065.1	2559205	2559218	78.6	-0.90	4	4	_c1	
REP2236b	NZ_CP064065.1	2559269	2559292	70.8	-14.90	10	4		
REP2236a	NZ_CP064065.1	2559312	2559328	94.1	-12.50	7	3		
REP2235	NZ_CP064065.1	2562698	2562717	90.0	-14.20	7	6		
REP2234d	NZ_CP064065.1	2566672	2566692	90.5	-11.90	7	7		
REP2234a	NZ_CP064065.1	2567352	2567394	83.7	-38.30	18	5	_c1	
REP525b	NZ_CP064065.1	2567499	2567517	63.2	-8.30	7	5		
REP525c	NZ_CP064065.1	2567581	2567596	68.8	-6.00	5	6		
REP525d	NZ_CP064065.1	2567619	2567638	75.0	-6.10	6	6	_c1	
REP526a	NZ_CP064065.1	2572791	2572813	69.6	-14.50	10	3		
REP526b	NZ_CP064065.1	2572859	2572871	92.3	-4.20	4	5		
REP526c	NZ_CP064065.1	2573124	2573143	75.0	-4.40	6	6	_c1	
REP526d	NZ_CP064065.1	2573168	2573191	66.7	-10.60	9	4	_c1	
REP2233d	NZ_CP064065.1	2573396	2573412	94.1	-11.60	7	3		
REP2233c	NZ_CP064065.1	2573429	2573444	75.0	-6.20	5	6		
REP2233b	NZ_CP064065.1	2573558	2573575	77.8	-8.80	6	6		
REP2232b	NZ_CP064065.1	2574525	2574542	83.3	-13.10	7	4		
REP2231d	NZ_CP064065.1	2575646	2575657	75.0	-4.70	4	4		
REP2231c	NZ_CP064065.1	2575672	2575697	73.1	-12.90	8	10		
REP2231b	NZ_CP064065.1	2575744	2575762	78.9	-3.90	4	11		
REP2231a	NZ_CP064065.1	2575786	2575811	61.5	-10.90	8	10		
REP527c	NZ_CP064065.1	2576161	2576171	81.8	-2.30	3	5		
REP528	NZ_CP064065.1	2579047	2579061	86.7	-7.50	5	5		
REP2229c	NZ_CP064065.1	2580046	2580067	95.5	-13.20	8	4	_c1	
REP529b	NZ_CP064065.1	2580612	2580640	82.8	-21.60	11	5	_c1	
REP529d	NZ_CP064065.1	2580727	2580746	75.0	-16.00	8	4		
REP2228	NZ_CP064065.1	2583091	2583160	61.4	-47.70	29	4	_c1_c1_c1_c1	
REP2227	NZ_CP064065.1	2583722	2583742	71.4	-9.50	7	7		
REP2226d	NZ_CP064065.1	2584247	2584289	69.8	-29.50	14	11	_c1	
REP2226c	NZ_CP064065.1	2584274	2584314	70.7	-27.80	14	11	_c1	
REP2226b	NZ_CP064065.1	2584300	2584314	80.0	-8.00	6	3		
REP2226a	NZ_CP064065.1	2584308	2584332	68.0	-11.00	7	11		
REP530	NZ_CP064065.1	2587164	2587186	69.6	-11.70	7	9		
REP2225d	NZ_CP064065.1	2589971	2589990	85.0	-7.50	6	4	_c2	
REP531d	NZ_CP064065.1	2590282	2590297	81.2	-9.00	5	4		
REP2223b	NZ_CP064065.1	2601447	2601458	75.0	-3.10	4	4		
REP2223a	NZ_CP064065.1	2601507	2601537	67.7	-8.30	10	3	_c3_c1	
REP2222d	NZ_CP064065.1	2603106	2603119	78.6	-8.80	5	4		
REP2222a	NZ_CP064065.1	2603744	2603758	80.0	-3.90	4	7		
REP532c	NZ_CP064065.1	2604277	2604291	86.7	-7.00	6	3		
REP2221d	NZ_CP064065.1	2605203	2605214	75.0	-4.60	4	4		
REP2221b	NZ_CP064065.1	2605358	2605374	52.9	-6.80	6	5		
REP2220c	NZ_CP064065.1	2608096	2608109	85.7	-4.70	4	6		
REP2220b	NZ_CP064065.1	2608178	2608199	90.9	-17.60	8	6		
REP2219c	NZ_CP064065.1	2622485	2622500	93.8	-10.70	6	4		
REP2219b	NZ_CP064065.1	2622673	2622693	95.2	-12.80	7	5	_c1	
REP535a	NZ_CP064065.1	2622760	2622774	86.7	-6.80	6	3		
REP535b	NZ_CP064065.1	2622769	2622790	59.1	-10.10	8	4	_c1	
REP535c	NZ_CP064065.1	2622963	2622978	75.0	-9.80	6	4		
REP535d	NZ_CP064065.1	2623050	2623065	68.8	-11.00	6	4		
REP2217	NZ_CP064065.1	2626321	2626338	88.9	-13.00	7	4		
REP2216b	NZ_CP064065.1	2627168	2627187	78.9	-4.80	5	6	_c1	
REP536a	NZ_CP064065.1	2627248	2627261	78.6	-4.70	5	4		
REP536b	NZ_CP064065.1	2627292	2627307	87.5	-10.00	6	4		
REP536c	NZ_CP064065.1	2627446	2627471	65.4	-8.30	7	12		
REP2215c	NZ_CP064065.1	2629683	2629712	83.3	-14.90	10	6	_c1_c1	
REP537a	NZ_CP064065.1	2630246	2630268	69.6	-9.00	7	9		
REP537b	NZ_CP064065.1	2630410	2630427	55.6	-11.00	7	4		
REP537c	NZ_CP064065.1	2630447	2630459	84.6	-5.10	4	5		
REP537d	NZ_CP064065.1	2630505	2630533	86.2	-26.50	13	3		
REP2214c	NZ_CP064065.1	2636151	2636191	75.6	-21.50	15	3	_c4	
REP538b	NZ_CP064065.1	2636823	2636838	75.0	-7.50	6	4		
REP538c	NZ_CP064065.1	2636844	2636859	75.0	-8.20	6	4		
REP2213d	NZ_CP064065.1	2644046	2644068	78.3	-18.30	10	3		
REP2213c	NZ_CP064065.1	2644095	2644115	61.9	-10.90	8	5		
REP2213b	NZ_CP064065.1	2644215	2644235	90.5	-17.60	9	3		
REP540a	NZ_CP064065.1	2644874	2644899	61.5	-11.10	10	4	_c1	
REP540c	NZ_CP064065.1	2645313	2645336	66.7	-14.30	9	4	_c1	
REP540d	NZ_CP064065.1	2645526	2645549	83.3	-11.90	7	10		
REP541	NZ_CP064065.1	2650904	2650922	68.4	-5.00	7	3	_c1	
REP2211a	NZ_CP064065.1	2652366	2652408	60.5	-38.00	20	3		
REP543	NZ_CP064065.1	2653920	2653950	67.7	-13.70	10	9	_c1	
REP2210d	NZ_CP064065.1	2654459	2654477	68.4	-11.30	8	3		
REP544b	NZ_CP064065.1	2654564	2654582	73.7	-12.30	7	5		
REP2210a	NZ_CP064065.1	2654745	2654782	68.4	-18.60	11	16		
REP545a	NZ_CP064065.1	2654946	2654966	57.1	-11.70	8	5		
REP545b	NZ_CP064065.1	2655264	2655292	65.5	-12.20	9	3	_c3	
REP545c	NZ_CP064065.1	2655508	2655522	93.3	-8.50	5	5		
REP545d	NZ_CP064065.1	2655628	2655643	73.3	-3.10	4	6		
REP2209d	NZ_CP064065.1	2660577	2660592	87.5	-5.00	5	4	_c1	
REP2209c	NZ_CP064065.1	2660639	2660651	61.5	-4.60	4	5		
REP546a	NZ_CP064065.1	2660700	2660723	79.2	-22.80	10	4		
REP546b	NZ_CP064065.1	2660777	2660824	70.8	-44.10	21	4	_c1	
REP546c	NZ_CP064065.1	2660906	2660918	76.9	-3.70	5	3		
REP546d	NZ_CP064065.1	2661306	2661322	58.8	-8.30	6	5		
REP547a	NZ_CP064065.1	2669166	2669180	60.0	-3.50	6	3		
REP2208d	NZ_CP064065.1	2672148	2672161	78.6	-4.30	5	4		
REP2208b	NZ_CP064065.1	2672248	2672261	78.6	-6.90	5	4		
REP2208a	NZ_CP064065.1	2672415	2672451	78.4	-31.10	16	3	_c1	
REP548b	NZ_CP064065.1	2672644	2672657	78.6	-8.90	5	4		
REP548c	NZ_CP064065.1	2672707	2672718	75.0	-3.00	4	4		
REP548d	NZ_CP064065.1	2672790	2672803	64.3	-4.70	5	4		
REP2207a	NZ_CP064065.1	2674461	2674479	89.5	-9.40	7	3	_c1	
REP2206d	NZ_CP064065.1	2678867	2678883	88.2	-7.60	6	3		
REP2206c	NZ_CP064065.1	2678965	2678986	81.8	-18.70	9	4		
REP2206b	NZ_CP064065.1	2679033	2679055	95.7	-22.30	10	3		
REP549d	NZ_CP064065.1	2679229	2679249	76.2	-9.50	8	3	_c1	
REP550a	NZ_CP064065.1	2681419	2681464	78.3	-29.10	17	4	_c2_c1_c1	
REP550b	NZ_CP064065.1	2681461	2681491	96.8	-31.70	13	5		
REP550d	NZ_CP064065.1	2681477	2681492	100.0	-12.10	6	4		
REP551	NZ_CP064065.1	2683072	2683100	86.2	-24.10	11	7		
REP2205d	NZ_CP064065.1	2685087	2685104	88.9	-12.70	7	4		
REP2205c	NZ_CP064065.1	2685144	2685159	81.2	-9.20	6	4		
REP2205b	NZ_CP064065.1	2685386	2685400	66.7	-5.10	5	5		
REP2205a	NZ_CP064065.1	2685426	2685439	85.7	-8.00	5	4		
REP552d	NZ_CP064065.1	2686077	2686090	71.4	-4.10	5	4		
REP553	NZ_CP064065.1	2688354	2688391	71.1	-32.40	17	4		
REP554	NZ_CP064065.1	2689889	2689918	70.0	-11.60	7	16		
REP555	NZ_CP064065.1	2690326	2690339	85.7	-5.50	4	6		
REP2204a	NZ_CP064065.1	2691244	2691289	73.9	-43.30	20	4	_c1	
REP556b	NZ_CP064065.1	2691304	2691338	80.0	-20.20	11	5	_c1_c3	
REP556c	NZ_CP064065.1	2691403	2691416	76.9	-2.40	3	4		
REP556d	NZ_CP064065.1	2691433	2691447	73.3	-6.40	5	5		
REP2203c	NZ_CP064065.1	2692856	2692883	75.0	-17.60	10	4	_c2	
REP2203b	NZ_CP064065.1	2692954	2692965	91.7		2	4		
REP2203a	NZ_CP064065.1	2693008	2693044	81.1	-37.90	17	3		
REP557b	NZ_CP064065.1	2693141	2693158	88.9	-14.60	7	4		
REP557c	NZ_CP064065.1	2693254	2693268	66.7	-5.30	4	5		
REP2202	NZ_CP064065.1	2698844	2698861	83.3	-5.00	4	10		
REP2201d	NZ_CP064065.1	2705200	2705230	71.0	-13.80	11	5	_c1_c1	
REP2201c	NZ_CP064065.1	2705292	2705303	75.0	-4.70	4	4		
REP558a	NZ_CP064065.1	2705611	2705635	84.0	-16.80	11	3		
REP558b	NZ_CP064065.1	2705716	2705738	69.6	-5.70	7	7	_c1	
REP558c	NZ_CP064065.1	2705852	2705862	90.9	-2.50	3	5		
REP2197d	NZ_CP064065.1	2717458	2717497	72.5	-41.70	18	4		
REP559b	NZ_CP064065.1	2717527	2717538	83.3	-4.40	4	4		
REP2197b	NZ_CP064065.1	2717577	2717590	71.4	-6.80	5	4		
REP2196d	NZ_CP064065.1	2719807	2719830	58.3	-7.20	7	10		
REP2196c	NZ_CP064065.1	2719903	2719926	62.5	-7.80	6	12		
REP2196b	NZ_CP064065.1	2720011	2720028	83.3	-14.20	7	4		
REP2196a	NZ_CP064065.1	2720277	2720319	74.4	-44.20	19	5		
REP560b	NZ_CP064065.1	2720340	2720358	73.7	-10.90	7	5		
REP560d	NZ_CP064065.1	2720524	2720536	84.6	-1.70	4	5		
REP2195	NZ_CP064065.1	2725352	2725366	73.3	-9.10	6	3		
REP561b	NZ_CP064065.1	2727740	2727752	69.2	-3.80	4	5		
REP562	NZ_CP064065.1	2728472	2728499	67.9	-15.20	9	8	_c1	
REP563a	NZ_CP064065.1	2730298	2730314	64.7	-6.60	5	7		
REP2194d	NZ_CP064065.1	2730314	2730329	75.0	-5.30	5	4	_c1	
REP563b	NZ_CP064065.1	2730336	2730353	88.9	-8.00	6	6		
REP563c	NZ_CP064065.1	2730353	2730369	70.6	-7.40	6	5		
REP2194b	NZ_CP064065.1	2730397	2730411	86.7	-2.30	3	5		
REP2193c	NZ_CP064065.1	2743208	2743225	66.7	-11.10	7	4		
REP2193b	NZ_CP064065.1	2743235	2743249	93.3	-7.50	5	5		
REP2193a	NZ_CP064065.1	2743244	2743258	93.3	-10.00	6	3		
REP2192d	NZ_CP064065.1	2744051	2744062	83.3	-2.30	4	4		
REP2192c	NZ_CP064065.1	2744205	2744222	77.8	-7.60	4	8		
REP564a	NZ_CP064065.1	2744686	2744697	58.3	-3.50	4	4		
REP564b	NZ_CP064065.1	2744695	2744720	65.4	-8.90	9	4	_c1_c1	
REP564c	NZ_CP064065.1	2744809	2744820	83.3	-4.60	4	4		
REP2191d	NZ_CP064065.1	2745538	2745564	70.4	-5.50	8	7	_c1_c1	
REP2191c	NZ_CP064065.1	2745845	2745870	80.8	-14.90	10	4	_c1	
REP2191a	NZ_CP064065.1	2746123	2746149	85.2	-15.20	9	9		
REP565b	NZ_CP064065.1	2746166	2746191	69.2	-13.70	9	6	_c1	
REP565c	NZ_CP064065.1	2746344	2746357	64.3	-6.20	5	4		
REP2190d	NZ_CP064065.1	2753354	2753365	91.7	-4.50	4	4		
REP2190b	NZ_CP064065.1	2753399	2753424	76.9	-11.70	9	4	_c1_c1	
REP2190a	NZ_CP064065.1	2753427	2753474	83.3	-25.50	15	6	_c3_c3	
REP2189c	NZ_CP064065.1	2755749	2755788	72.5	-16.00	12	4	_c6	
REP2189b	NZ_CP064065.1	2755824	2755852	69.0	-16.20	9	11		
REP2189a	NZ_CP064065.1	2756069	2756092	87.5	-21.80	10	4		
REP566a	NZ_CP064065.1	2756252	2756271	70.0	-11.70	7	6		
REP566b	NZ_CP064065.1	2756359	2756388	66.7	-8.10	9	4	_c3_c1	
REP566d	NZ_CP064065.1	2756611	2756628	83.3	-8.00	6	6		
REP567a	NZ_CP064065.1	2759732	2759748	94.1	-11.50	6	5		
REP2188b	NZ_CP064065.1	2762650	2762667	77.8	-6.60	6	4	_c1	
REP568b	NZ_CP064065.1	2763105	2763118	92.9	-7.10	5	4		
REP568c	NZ_CP064065.1	2763159	2763176	77.8	-9.00	6	6		
REP568d	NZ_CP064065.1	2763304	2763321	77.8	-12.20	7	4		
REP2187d	NZ_CP064065.1	2764102	2764124	82.6	-18.10	10	3		
REP569a	NZ_CP064065.1	2764494	2764512	88.9	-5.90	4	5		
REP569b	NZ_CP064065.1	2764586	2764603	88.9	-10.90	7	4		
REP2186	NZ_CP064065.1	2766267	2766289	69.6	-16.90	10	3		
REP2185d	NZ_CP064065.1	2767681	2767696	87.5	-3.90	5	4	_c1	
REP2185b	NZ_CP064065.1	2767804	2767817	71.4	-5.10	4	6		
REP2185a	NZ_CP064065.1	2767857	2767872	68.8	-4.60	5	6		
REP570a	NZ_CP064065.1	2768005	2768021	82.4	-10.10	7	3		
REP570b	NZ_CP064065.1	2768053	2768071	72.2	-2.70	3	4		
REP570c	NZ_CP064065.1	2768061	2768086	69.2	-20.80	11	4		
REP570d	NZ_CP064065.1	2768074	2768094	66.7	-9.60	7	7		
REP2184a	NZ_CP064065.1	2769196	2769244	77.6	-37.10	19	7	_c1_c1	
REP571	NZ_CP064065.1	2771548	2771572	72.0	-16.70	9	7		
REP2183d	NZ_CP064065.1	2772451	2772481	87.1	-17.90	10	3	_c4	
REP2183c	NZ_CP064065.1	2772533	2772545	92.3	-5.00	4	5		
REP2183a	NZ_CP064065.1	2773060	2773071	66.7	-1.80	4	4		
REP572a	NZ_CP064065.1	2773276	2773300	68.0	-16.80	11	3		
REP572c	NZ_CP064065.1	2773640	2773653	64.3	-6.50	5	4		
REP572d	NZ_CP064065.1	2773718	2773735	88.9	-7.40	5	8		
REP2182c	NZ_CP064065.1	2775127	2775149	73.9	-9.40	7	7	_c1	
REP573b	NZ_CP064065.1	2775664	2775680	88.2	-10.00	6	5		
REP2181	NZ_CP064065.1	2776037	2776087	54.9	-28.90	19	9	_c1_c1	
REP2180	NZ_CP064065.1	2777064	2777079	87.5	-10.80	6	4		
REP574a	NZ_CP064065.1	2778138	2778158	95.2	-17.70	8	5		
REP574b	NZ_CP064065.1	2778146	2778165	90.0	-14.70	7	6		
REP2179a	NZ_CP064065.1	2779214	2779249	88.9	-26.90	14	6	_c1	
REP575d	NZ_CP064065.1	2779412	2779442	83.9	-26.80	13	5		
REP576a	NZ_CP064065.1	2781371	2781382	91.7	-6.60	4	4		
REP576b	NZ_CP064065.1	2781455	2781472	55.6	-4.10	6	4	_c1	
REP2177d	NZ_CP064065.1	2782615	2782630	56.2	-7.20	6	4		
REP2177c	NZ_CP064065.1	2782677	2782694	66.7	-10.50	7	4		
REP2177b	NZ_CP064065.1	2782696	2782721	69.2	-15.20	9	8		
REP2177a	NZ_CP064065.1	2782746	2782766	81.0	-11.50	7	7		
REP2176d	NZ_CP064065.1	2785788	2785803	75.0	-5.10	5	6		
REP2176b	NZ_CP064065.1	2785985	2786015	80.6	-17.00	12	3	_c1_c1	
REP577a	NZ_CP064065.1	2786046	2786067	72.7	-11.10	7	8		
REP577c	NZ_CP064065.1	2786361	2786378	77.8	-7.30	6	4	_c1	
REP2175d	NZ_CP064065.1	2791483	2791496	71.4	-7.00	5	4		
REP2175c	NZ_CP064065.1	2791718	2791738	90.5	-17.40	8	5		
REP2175b	NZ_CP064065.1	2791731	2791751	90.5	-17.40	8	5		
REP578d	NZ_CP064065.1	2792080	2792098	89.5	-11.40	6	7		
REP2174d	NZ_CP064065.1	2794315	2794338	83.3	-18.90	9	6		
REP2174b	NZ_CP064065.1	2794418	2794464	72.3	-32.80	18	3	_c2_c1_c1	
REP2174c	NZ_CP064065.1	2794418	2794439	72.7	-10.10	8	4	_c1	
REP2174a	NZ_CP064065.1	2794476	2794489	100.0	-8.80	5	4		
REP2173b	NZ_CP064065.1	2797944	2797954	90.9	-2.50	3	5		
REP579d	NZ_CP064065.1	2798686	2798698	92.3	-4.70	4	5		
REP2172d	NZ_CP064065.1	2801794	2801807	92.9	-4.80	4	6		
REP2172a	NZ_CP064065.1	2802160	2802173	92.9	-8.30	5	4		
REP580a	NZ_CP064065.1	2802274	2802287	71.4	-0.90	4	4	_c1	
REP580b	NZ_CP064065.1	2802299	2802325	81.5	-16.90	10	5	_c1	
REP580c	NZ_CP064065.1	2802370	2802396	74.1	-17.40	11	3	_c1	
REP581	NZ_CP064065.1	2805852	2805874	69.6	-10.80	7	9		
REP2171d	NZ_CP064065.1	2809950	2809964	93.3	-9.20	6	3		
REP2171c	NZ_CP064065.1	2810083	2810108	73.1	-18.70	11	4		
REP2171a	NZ_CP064065.1	2810216	2810243	77.8	-13.40	9	4	_c1_c1	
REP582a	NZ_CP064065.1	2810574	2810605	81.2	-15.00	9	8	_c2_c1	
REP582d	NZ_CP064065.1	2810967	2810997	87.1	-17.10	10	7	_c2	
REP583a	NZ_CP064065.1	2812910	2812952	76.7	-41.30	19	5		
REP583b	NZ_CP064065.1	2812957	2812981	88.0	-14.90	8	9		
REP583d	NZ_CP064065.1	2813063	2813078	68.8	-5.70	5	6		
REP2169d	NZ_CP064065.1	2815766	2815782	100.0	-7.90	5	7		
REP2169c	NZ_CP064065.1	2815793	2815807	86.7	-8.60	6	3		
REP2169b	NZ_CP064065.1	2815811	2815825	66.7	-6.50	6	3		
REP2169a	NZ_CP064065.1	2815861	2815877	70.6	-9.10	7	3		
REP584a	NZ_CP064065.1	2816159	2816174	93.8	-10.80	6	4		
REP584c	NZ_CP064065.1	2816395	2816427	63.6	-17.40	12	5	_c1_c1	
REP584d	NZ_CP064065.1	2816452	2816468	70.6	-9.00	7	3		
REP585	NZ_CP064065.1	2820068	2820078	90.9	-1.90	3	5		
REP2168c	NZ_CP064065.1	2823669	2823685	58.8	-7.80	6	5		
REP2168b	NZ_CP064065.1	2823790	2823803	85.7	-8.20	5	4		
REP2168a	NZ_CP064065.1	2823889	2823939	58.8	-42.00	21	9		
REP586b	NZ_CP064065.1	2823942	2823960	89.5	-11.90	6	7		
REP586c	NZ_CP064065.1	2824068	2824094	81.5	-12.30	9	5	_c1_c1	
REP587a	NZ_CP064065.1	2827583	2827635	54.7	-38.30	23	3	_c2	
REP587b	NZ_CP064065.1	2827630	2827645	87.5	-4.40	4	8		
REP2167d	NZ_CP064065.1	2828089	2828100	83.3	-0.20	2	4		
REP2167c	NZ_CP064065.1	2828109	2828128	80.0	-10.20	7	4	_c1	
REP2167b	NZ_CP064065.1	2828119	2828146	71.4	-16.70	10	6	_c1	
REP588a	NZ_CP064065.1	2828196	2828242	51.1	-36.10	20	7		
REP588b	NZ_CP064065.1	2828391	2828415	68.0	-14.40	9	7		
REP588d	NZ_CP064065.1	2828434	2828466	78.8	-24.40	13	5	_c1	
REP2166c	NZ_CP064065.1	2837166	2837184	89.5	-12.00	7	5		
REP2166a	NZ_CP064065.1	2837434	2837453	75.0	-6.60	5	10		
REP589a	NZ_CP064065.1	2837582	2837595	92.9	-7.80	5	4		
REP2165b	NZ_CP064065.1	2840780	2840796	100.0	-12.40	7	3		
REP2165a	NZ_CP064065.1	2840861	2840884	83.3	-8.50	8	4	_c1_c1	
REP2164c	NZ_CP064065.1	2841576	2841589	92.9	-8.30	5	4		
REP2164b	NZ_CP064065.1	2841605	2841618	92.9	-8.30	5	4		
REP2164a	NZ_CP064065.1	2841634	2841647	92.9	-8.30	5	4		
REP2163d	NZ_CP064065.1	2846133	2846156	62.5	-7.10	7	10		
REP590	NZ_CP064065.1	2849760	2849774	100.0	-10.00	6	3		
REP591a	NZ_CP064065.1	2851014	2851029	43.8	-1.40	5	4	_c1	
REP591b	NZ_CP064065.1	2851031	2851046	43.8	-5.60	6	4		
REP592	NZ_CP064065.1	2851647	2851677	80.6	-27.60	14	3		
REP593a	NZ_CP064065.1	2852093	2852110	77.8	-12.30	7	4		
REP2162d	NZ_CP064065.1	2852931	2852949	84.2	-7.70	6	5	_c1	
REP2162b	NZ_CP064065.1	2853190	2853201	75.0	-5.00	4	4		
REP2162a	NZ_CP064065.1	2853525	2853537	53.8	-0.90	4	5		
REP594b	NZ_CP064065.1	2853721	2853744	91.7	-16.90	8	8		
REP2161d	NZ_CP064065.1	2860281	2860301	85.7	-9.80	7	5	_c1	
REP2161c	NZ_CP064065.1	2860414	2860429	81.2	-8.50	6	4		
REP2161b	NZ_CP064065.1	2860433	2860466	70.6	-17.80	11	4	_c4	
REP2161a	NZ_CP064065.1	2860474	2860492	78.9	-8.40	6	5	_c1	
REP595a	NZ_CP064065.1	2860703	2860727	60.0	-10.50	10	3	_c1	
REP595c	NZ_CP064065.1	2860770	2860792	73.9	-12.80	8	7		
REP2160d	NZ_CP064065.1	2861861	2861883	69.6	-10.00	8	7		
REP2160c	NZ_CP064065.1	2861929	2861941	92.3	-5.80	5	3		
REP596a	NZ_CP064065.1	2862396	2862414	84.2	-13.20	7	5		
REP2159b	NZ_CP064065.1	2862851	2862870	65.0	-9.00	7	6		
REP2159a	NZ_CP064065.1	2862902	2862914	76.9	-3.60	4	5		
REP2158	NZ_CP064065.1	2863962	2864002	85.4	-32.20	16	7	_c1	
REP2157c	NZ_CP064065.1	2865437	2865449	69.2	-2.60	4	5		
REP2157b	NZ_CP064065.1	2865523	2865536	78.6	-1.60	3	8		
REP2157a	NZ_CP064065.1	2865665	2865690	76.9	-10.30	6	14		
REP597b	NZ_CP064065.1	2866360	2866377	83.3	-9.30	7	4		
REP2156b	NZ_CP064065.1	2866387	2866407	66.7	-6.90	5	5		
REP598a	NZ_CP064065.1	2868116	2868136	66.7	-12.20	7	7		
REP598b	NZ_CP064065.1	2868176	2868203	60.7	-12.60	9	10		
REP598c	NZ_CP064065.1	2868460	2868471	58.3	-1.00	4	4		
REP598d	NZ_CP064065.1	2868514	2868541	89.3	-20.10	10	6	_c1	
REP2155a	NZ_CP064065.1	2868554	2868577	83.3	-6.60	6	3	_c1	
REP2154c	NZ_CP064065.1	2868860	2868872	69.2	-5.70	5	3		
REP2153c	NZ_CP064065.1	2870038	2870065	82.1	-15.50	8	12		
REP2153b	NZ_CP064065.1	2870065	2870085	81.0	-10.60	7	7		
REP2152	NZ_CP064065.1	2871051	2871073	82.6	-11.90	8	5	_c1	
REP599a	NZ_CP064065.1	2874623	2874634	83.3	-4.40	4	4		
REP599b	NZ_CP064065.1	2874738	2874760	56.5	-6.80	6	9		
REP600	NZ_CP064065.1	2875693	2875727	85.7	-25.30	14	3	_c2	
REP2151c	NZ_CP064065.1	2876768	2876802	77.1	-16.10	10	7	_c4	
REP2151a	NZ_CP064065.1	2876983	2876998	62.5	-4.30	5	4	_c1	
REP601b	NZ_CP064065.1	2876994	2877009	81.2	-4.90	4	4	_c2	
REP601d	NZ_CP064065.1	2877425	2877441	76.5	-2.50	5	5	_c1	
REP2150	NZ_CP064065.1	2877573	2877590	72.2	-6.60	6	4	_c1	
REP2149c	NZ_CP064065.1	2882476	2882491	81.2	-10.60	6	4		
REP2149b	NZ_CP064065.1	2882527	2882546	65.0	-9.50	7	6		
REP2149a	NZ_CP064065.1	2882579	2882590	100.0	-5.90	4	4		
REP602a	NZ_CP064065.1	2882629	2882646	83.3	-5.10	4	7	_c1	
REP602b	NZ_CP064065.1	2882713	2882742	80.0	-16.00	11	4	_c1_c1	
REP602c	NZ_CP064065.1	2882805	2882830	80.8	-11.50	8	7		
REP2148d	NZ_CP064065.1	2884573	2884588	87.5	-7.70	5	4	_c1	
REP603b	NZ_CP064065.1	2884908	2884941	76.5	-18.20	10	10	_c2	
REP603c	NZ_CP064065.1	2884987	2884998	75.0	-2.10	3	6		
REP603d	NZ_CP064065.1	2885411	2885437	77.8	-7.20	8	7	_c1_c1	
REP604a	NZ_CP064065.1	2889651	2889666	87.5	-10.00	6	4		
REP604b	NZ_CP064065.1	2889662	2889712	54.9	-44.70	24	3		
REP604d	NZ_CP064065.1	2889692	2889716	56.0	-16.10	10	5		
REP2146c	NZ_CP064065.1	2893423	2893463	73.2	-18.10	12	9	_c1_c3	
REP2146b	NZ_CP064065.1	2893457	2893492	83.3	-27.10	13	6	_c2	
REP2146a	NZ_CP064065.1	2893573	2893584	66.7	-3.50	4	4		
REP2145c	NZ_CP064065.1	2895767	2895784	94.4	-13.30	7	4		
REP2145b	NZ_CP064065.1	2895783	2895803	71.4	-10.60	7	7		
REP2144b	NZ_CP064065.1	2907041	2907058	50.0	-9.30	7	4		
REP2144a	NZ_CP064065.1	2907111	2907124	92.9	-9.20	5	4		
REP2143c	NZ_CP064065.1	2908888	2908904	82.4	-10.90	7	3		
REP606b	NZ_CP064065.1	2909574	2909591	77.8	-7.80	6	4	_c1	
REP606d	NZ_CP064065.1	2909807	2909824	66.7	-12.90	7	4		
REP607	NZ_CP064065.1	2911302	2911339	63.2	-27.40	16	6		
REP2142c	NZ_CP064065.1	2912015	2912028	76.9	1.00	2	8		
REP2142b	NZ_CP064065.1	2912080	2912094	86.7	-8.00	6	3		
REP2142a	NZ_CP064065.1	2912211	2912227	47.1	-1.60	5	5	_c1	
REP608b	NZ_CP064065.1	2912246	2912260	80.0	-7.90	5	5		
REP608d	NZ_CP064065.1	2912332	2912353	77.3	-8.00	6	10		
REP2141a	NZ_CP064065.1	2914761	2914778	61.1	-8.00	7	4		
REP609a	NZ_CP064065.1	2914821	2914850	73.3	-17.70	11	4	_c2	
REP609c	NZ_CP064065.1	2914904	2914915	75.0	-2.40	4	4		
REP609d	NZ_CP064065.1	2915011	2915033	73.9	-8.20	7	9		
REP610a	NZ_CP064065.1	2916695	2916714	95.0	-13.90	7	4	_c1	
REP610b	NZ_CP064065.1	2916707	2916737	80.6	-18.70	10	9	_c1	
REP2140d	NZ_CP064065.1	2918428	2918443	81.2	-7.30	5	6		
REP611b	NZ_CP064065.1	2918846	2918859	71.4	-4.80	5	4		
REP611c	NZ_CP064065.1	2918920	2918949	76.7	-15.90	12	4	_c1	
REP2138d	NZ_CP064065.1	2923544	2923560	70.6	-1.60	3	11		
REP2138c	NZ_CP064065.1	2923620	2923633	57.1		4	4	_c1	
REP2138b	NZ_CP064065.1	2923710	2923725	75.0	-11.00	6	4		
REP612b	NZ_CP064065.1	2924075	2924089	73.3	-6.70	6	3		
REP612c	NZ_CP064065.1	2924412	2924430	84.2	-13.70	8	3		
REP2137b	NZ_CP064065.1	2924746	2924765	60.0	-2.20	5	8	_c1	
REP2137a	NZ_CP064065.1	2924890	2924936	57.4	-20.80	15	3	_c7	
REP2136	NZ_CP064065.1	2926123	2926150	82.1	-15.70	10	4	_c2	
REP613b	NZ_CP064065.1	2929096	2929125	66.7	-10.90	11	4	_c1_c1	
REP613c	NZ_CP064065.1	2929162	2929195	55.9	-17.00	13	6	_c1	
REP613d	NZ_CP064065.1	2929247	2929260	85.7	-4.70	4	6		
REP2133c	NZ_CP064065.1	2932948	2932969	59.1	-7.30	7	8		
REP2133b	NZ_CP064065.1	2933296	2933309	78.6	-5.10	4	6		
REP2133a	NZ_CP064065.1	2933323	2933340	83.3	-7.00	6	4	_c1	
REP614a	NZ_CP064065.1	2933595	2933611	76.5	-6.10	6	5		
REP614b	NZ_CP064065.1	2933726	2933738	69.2	-2.90	4	5		
REP614c	NZ_CP064065.1	2933757	2933767	63.6		3	5		
REP2132d	NZ_CP064065.1	2934056	2934072	76.5	-10.30	7	3		
REP2132b	NZ_CP064065.1	2934215	2934228	100.0	-7.30	5	4		
REP615a	NZ_CP064065.1	2934903	2934923	71.4	-10.50	7	7		
REP615b	NZ_CP064065.1	2934988	2935002	80.0	-8.30	5	5		
REP616d	NZ_CP064065.1	2937347	2937360	78.6	-5.30	5	4		
REP617	NZ_CP064065.1	2945374	2945389	81.2	-10.80	6	4		
REP2129d	NZ_CP064065.1	2945778	2945798	66.7	-9.50	7	7		
REP2129c	NZ_CP064065.1	2946108	2946119	83.3	-2.70	4	4		
REP2129b	NZ_CP064065.1	2946248	2946264	52.9	-9.30	6	5		
REP2129a	NZ_CP064065.1	2946289	2946310	59.1	-5.90	7	4	_c2	
REP618a	NZ_CP064065.1	2946708	2946726	63.2	-8.90	7	5		
REP618b	NZ_CP064065.1	2946965	2946993	58.6	-9.20	10	7	_c1	
REP618c	NZ_CP064065.1	2947021	2947033	76.9	-2.70	4	5		
REP2128	NZ_CP064065.1	2947071	2947089	73.7	-12.40	7	5		
REP619	NZ_CP064065.1	2950429	2950450	68.2	-10.10	7	8		
REP620b	NZ_CP064065.1	2951779	2951819	75.6	-26.90	15	5	_c1_c2	
REP621	NZ_CP064065.1	2953492	2953509	61.1	-2.40	5	8		
REP622b	NZ_CP064065.1	2954116	2954141	80.8	-17.00	10	6		
REP622c	NZ_CP064065.1	2954193	2954211	78.9	-9.20	7	5		
REP623	NZ_CP064065.1	2955830	2955857	67.9	-18.30	11	6		
REP2127d	NZ_CP064065.1	2956967	2956996	73.3	-15.30	10	8	_c1	
REP624a	NZ_CP064065.1	2957495	2957508	92.9	-7.20	5	4		
REP624b	NZ_CP064065.1	2957632	2957652	75.0	-6.30	6	5	_c1	
REP2126d	NZ_CP064065.1	2958409	2958422	78.6	-4.10	4	6		
REP2126c	NZ_CP064065.1	2958514	2958533	75.0	-7.90	6	6	_c1	
REP625a	NZ_CP064065.1	2958741	2958791	51.0	-33.80	20	9	_c1	
REP625d	NZ_CP064065.1	2958961	2958982	68.2	-10.00	7	8		
REP2125b	NZ_CP064065.1	2963167	2963185	78.9	-12.10	7	5		
REP2124	NZ_CP064065.1	2964291	2964313	69.6	-11.80	7	9		
REP2123	NZ_CP064065.1	2968344	2968364	71.4	-7.80	7	5	_c1	
REP2122d	NZ_CP064065.1	2970862	2970875	71.4	0.70	3	8		
REP2122b	NZ_CP064065.1	2970998	2971010	84.6	-4.90	5	3		
REP2122a	NZ_CP064065.1	2971098	2971112	66.7	-1.80	4	5	_c1	
REP626a	NZ_CP064065.1	2971223	2971254	84.4	-25.90	12	6	_c1	
REP626d	NZ_CP064065.1	2971547	2971561	73.3	-5.90	5	5		
REP2121d	NZ_CP064065.1	2973019	2973033	60.0	-7.10	4	5		
REP2121b	NZ_CP064065.1	2973139	2973158	94.7	-14.60	7	4		
REP627a	NZ_CP064065.1	2973471	2973521	51.0	-42.00	24	3		
REP627c	NZ_CP064065.1	2973578	2973592	93.3	-10.10	6	3		
REP2120d	NZ_CP064065.1	2975825	2975836	75.0	-3.70	4	4		
REP2120c	NZ_CP064065.1	2975853	2975869	41.2	-5.20	7	3		
REP2120b	NZ_CP064065.1	2975892	2975917	80.8	-6.10	7	8	_c1_c1	
REP628d	NZ_CP064065.1	2975914	2975924	72.7	-0.60	3	5		
REP2119b	NZ_CP064065.1	2977439	2977458	80.0	-7.30	7	4	_c1	
REP629a	NZ_CP064065.1	2977673	2977710	86.8	-42.30	17	4		
REP629b	NZ_CP064065.1	2977715	2977746	78.1	-17.40	12	4	_c1_c1	
REP629d	NZ_CP064065.1	2977862	2977882	76.2	-8.80	7	7		
REP630a	NZ_CP064065.1	2979288	2979308	71.4	-10.50	8	3	_c1	
REP630b	NZ_CP064065.1	2979493	2979511	68.4	-4.30	6	5	_c1	
REP2117d	NZ_CP064065.1	2986706	2986726	81.0	-11.80	7	7		
REP2117c	NZ_CP064065.1	2986839	2986852	64.3	-5.60	5	4		
REP2117b	NZ_CP064065.1	2986881	2986897	70.6	-2.90	5	5	_c1	
REP2117a	NZ_CP064065.1	2987019	2987044	76.9	-7.50	8	4	_c1_c2	
REP631a	NZ_CP064065.1	2987089	2987116	92.9	-20.30	10	6	_c1	
REP631c	NZ_CP064065.1	2987097	2987130	94.1	-31.70	14	4	_c1	
REP631d	NZ_CP064065.1	2987110	2987127	94.4	-12.00	7	4		
REP2116c	NZ_CP064065.1	2989350	2989362	92.3	-6.80	5	3		
REP2116b	NZ_CP064065.1	2989494	2989515	81.8	-7.90	5	7		
REP632	NZ_CP064065.1	2992275	2992306	96.9	-36.10	14	4		
REP633a	NZ_CP064065.1	2993091	2993115	76.0	-12.70	8	5	_c2	
REP633b	NZ_CP064065.1	2993157	2993170	64.3	-5.20	5	4		
REP2115d	NZ_CP064065.1	2994940	2994957	66.7	-12.20	7	4		
REP2115c	NZ_CP064065.1	2995267	2995292	80.8	-15.50	8	6	_c2	
REP634a	NZ_CP064065.1	2995321	2995357	75.7	-31.60	16	5		
REP634c	NZ_CP064065.1	2995426	2995442	88.2	-10.70	6	5		
REP634d	NZ_CP064065.1	2995440	2995456	82.4	-10.30	7	3		
REP2114d	NZ_CP064065.1	3000513	3000531	73.7	-10.70	7	5		
REP2114c	NZ_CP064065.1	3000714	3000739	73.1	-12.10	8	4	_c1	
REP2114b	NZ_CP064065.1	3000723	3000763	75.6	-18.20	15	3	_c2_c1_c1	
REP635b	NZ_CP064065.1	3000950	3000961	91.7	-5.20	4	4		
REP2113	NZ_CP064065.1	3001391	3001408	100.0	-10.80	6	4	_c1	
REP2112b	NZ_CP064065.1	3009029	3009047	89.5	-7.30	6	5	_c1	
REP636a	NZ_CP064065.1	3009125	3009142	83.3	-9.50	6	4	_c1	
REP636b	NZ_CP064065.1	3009142	3009161	90.0	-12.30	7	6		
REP636d	NZ_CP064065.1	3009297	3009310	64.3	-4.80	5	4		
REP2111	NZ_CP064065.1	3009795	3009810	87.5	-12.10	6	4		
REP2110c	NZ_CP064065.1	3012034	3012045	66.7	-1.80	3	6		
REP2110b	NZ_CP064065.1	3012109	3012130	77.3	-12.00	7	3		
REP637d	NZ_CP064065.1	3012113	3012129	88.2	-10.60	7	3		
REP2110a	NZ_CP064065.1	3012227	3012240	64.3	-6.10	5	4		
REP2109d	NZ_CP064065.1	3013445	3013470	76.9	-5.20	7	10	_c1	
REP2109b	NZ_CP064065.1	3013603	3013614	58.3	1.30	3	4		
REP2108	NZ_CP064065.1	3014287	3014307	90.5	-14.60	7	7		
REP2107	NZ_CP064065.1	3016474	3016496	73.9	-10.60	8	5	_c1	
REP2106c	NZ_CP064065.1	3017502	3017513	75.0	-3.70	4	4		
REP638a	NZ_CP064065.1	3017962	3017974	76.9	-5.60	4	5		
REP638c	NZ_CP064065.1	3018448	3018464	76.5	-10.80	6	5		
REP638d	NZ_CP064065.1	3018652	3018673	72.7	-9.40	7	8		
REP2105	NZ_CP064065.1	3019442	3019468	59.3	-12.00	10	5	_c1	
REP639a	NZ_CP064065.1	3022027	3022063	70.3	-35.30	16	5		
REP2104c	NZ_CP064065.1	3022141	3022154	85.7	-4.60	4	6		
REP2104b	NZ_CP064065.1	3022144	3022175	75.0	-34.40	14	4		
REP2104a	NZ_CP064065.1	3022214	3022243	80.0	-29.40	13	4		
REP640	NZ_CP064065.1	3024078	3024097	60.0	-10.40	8	4		
REP2103d	NZ_CP064065.1	3028847	3028861	86.7	-7.90	6	3		
REP2103c	NZ_CP064065.1	3028849	3028864	81.2	-10.00	6	4		
REP2103b	NZ_CP064065.1	3028996	3029026	90.3	-31.50	13	5		
REP641c	NZ_CP064065.1	3029110	3029134	72.0	-14.90	9	3	_c2	
REP641d	NZ_CP064065.1	3029168	3029191	70.8	-9.00	7	10		
REP2102d	NZ_CP064065.1	3034141	3034158	72.2	-11.00	7	4		
REP642a	NZ_CP064065.1	3034547	3034568	63.6	-9.80	7	8		
REP642b	NZ_CP064065.1	3034575	3034596	63.6	-9.50	7	8		
REP642c	NZ_CP064065.1	3034660	3034680	71.4	-10.60	7	5		
REP643	NZ_CP064065.1	3038187	3038208	72.7	-14.00	7	8		
REP644a	NZ_CP064065.1	3040222	3040262	68.3	-40.90	19	3		
REP644b	NZ_CP064065.1	3040346	3040366	90.5	-10.20	6	7	_c1	
REP2101d	NZ_CP064065.1	3040397	3040408	83.3	-2.70	4	4		
REP644d	NZ_CP064065.1	3040446	3040457	83.3	-4.70	4	4		
REP2101b	NZ_CP064065.1	3040530	3040544	73.3	-2.70	4	7		
REP2101a	NZ_CP064065.1	3040558	3040602	62.2	-39.40	20	5		
REP2100	NZ_CP064065.1	3040950	3040979	80.0	-26.60	12	6		
REP2099	NZ_CP064065.1	3042846	3042870	72.0	-8.50	9	3	_c1_c1	
REP645	NZ_CP064065.1	3046010	3046027	50.0	-9.80	7	4		
REP2098a	NZ_CP064065.1	3049379	3049404	80.8	-21.70	10	6		
REP646a	NZ_CP064065.1	3050398	3050416	57.9	-8.60	6	7		
REP646b	NZ_CP064065.1	3050869	3050880	91.7	-4.50	4	4		
REP646d	NZ_CP064065.1	3051178	3051189	75.0	-3.50	4	4		
REP2097d	NZ_CP064065.1	3058742	3058757	62.5	-4.30	4	8		
REP2097c	NZ_CP064065.1	3058805	3058827	73.9	-8.70	7	9		
REP647d	NZ_CP064065.1	3059836	3059848	61.5	-4.30	4	5		
REP2095d	NZ_CP064065.1	3066969	3066990	90.9	-14.50	8	6		
REP2095c	NZ_CP064065.1	3066979	3067001	82.6	-15.50	9	5		
REP2095a	NZ_CP064065.1	3067080	3067112	66.7	-25.40	13	7		
REP648d	NZ_CP064065.1	3067167	3067187	95.2	-18.20	9	3		
REP2094b	NZ_CP064065.1	3073891	3073913	60.9	-5.80	8	5	_c1	
REP2094a	NZ_CP064065.1	3074052	3074075	79.2	-15.50	8	8		
REP2093	NZ_CP064065.1	3075479	3075514	77.8	-29.80	15	6		
REP2091d	NZ_CP064065.1	3079473	3079497	76.0	-18.00	9	7		
REP2091c	NZ_CP064065.1	3079551	3079565	53.3	-2.00	6	3		
REP649c	NZ_CP064065.1	3079625	3079679	72.7	-59.70	26	3		
REP2090b	NZ_CP064065.1	3090693	3090703	63.6	0.80	4	3		
REP650a	NZ_CP064065.1	3091797	3091820	62.5	-12.10	8	8		
REP650c	NZ_CP064065.1	3092190	3092201	83.3	-5.60	4	4		
REP650d	NZ_CP064065.1	3092236	3092247	75.0	-4.30	4	4		
REP2089d	NZ_CP064065.1	3092717	3092738	72.7	-11.60	7	8		
REP2089c	NZ_CP064065.1	3092876	3092891	68.8	-7.00	5	6		
REP2089b	NZ_CP064065.1	3092987	3093003	82.4	-4.80	5	5	_c1	
REP651a	NZ_CP064065.1	3093239	3093279	65.9	-33.60	17	7		
REP651b	NZ_CP064065.1	3093405	3093416	75.0	-2.50	4	4		
REP651d	NZ_CP064065.1	3093573	3093605	75.8	-16.80	11	3	_c4	
REP2088	NZ_CP064065.1	3094403	3094423	66.7	-9.10	6	9		
REP2087c	NZ_CP064065.1	3098112	3098131	45.0	-7.30	6	6		
REP652b	NZ_CP064065.1	3098682	3098697	100.0	-9.00	5	6		
REP652d	NZ_CP064065.1	3099530	3099541	58.3	-3.50	4	4		
REP2086d	NZ_CP064065.1	3100284	3100303	65.0	-4.70	7	4	_c1	
REP653b	NZ_CP064065.1	3100492	3100510	63.2	-8.40	7	5		
REP653d	NZ_CP064065.1	3100582	3100601	85.0	-7.50	7	4	_c1	
REP2085d	NZ_CP064065.1	3101696	3101708	61.5	2.00	2	9		
REP2085c	NZ_CP064065.1	3102132	3102146	80.0	-5.20	5	5		
REP2085b	NZ_CP064065.1	3102145	3102164	95.0	-17.40	8	4		
REP654b	NZ_CP064065.1	3102493	3102519	66.7	-10.40	9	7	_c1	
REP654c	NZ_CP064065.1	3102610	3102625	81.2	-9.10	6	4		
REP655a	NZ_CP064065.1	3104890	3104904	85.7	-4.50	4	5		
REP656	NZ_CP064065.1	3105571	3105584	92.9	-7.50	5	4		
REP2084d	NZ_CP064065.1	3106838	3106858	90.5	-14.70	7	7		
REP2084c	NZ_CP064065.1	3106844	3106855	81.8	-2.90	3	4		
REP2084b	NZ_CP064065.1	3106893	3106914	63.6	-14.40	8	6		
REP2084a	NZ_CP064065.1	3107100	3107130	80.6	-30.60	14	3		
REP2083d	NZ_CP064065.1	3113415	3113427	76.9	-5.30	5	3		
REP2083c	NZ_CP064065.1	3113724	3113739	62.5	-8.90	6	4		
REP2083a	NZ_CP064065.1	3114234	3114248	80.0	-4.10	4	7		
REP659d	NZ_CP064065.1	3114468	3114482	73.3	-5.60	6	3		
REP660	NZ_CP064065.1	3115585	3115603	78.9	-8.40	6	7		
REP2082d	NZ_CP064065.1	3116218	3116229	72.7	-0.10	3	4		
REP2082c	NZ_CP064065.1	3116393	3116437	80.0	-21.80	14	9	_c3_c1	
REP2082b	NZ_CP064065.1	3116451	3116472	90.9	-12.40	8	4	_c1	
REP2082a	NZ_CP064065.1	3116470	3116489	73.7	-11.30	6	4		
REP2081c	NZ_CP064065.1	3117205	3117216	100.0	-5.10	4	4		
REP2081b	NZ_CP064065.1	3117341	3117355	80.0	-7.70	6	3		
REP2081a	NZ_CP064065.1	3117404	3117420	82.4	-8.30	6	5		
REP2080d	NZ_CP064065.1	3120184	3120204	76.2	-12.20	8	5		
REP2080c	NZ_CP064065.1	3120303	3120327	80.0	-10.80	9	3	_c1_c1	
REP2080b	NZ_CP064065.1	3120361	3120394	70.6	-19.30	13	4	_c2	
REP662a	NZ_CP064065.1	3120644	3120661	94.4	-9.20	6	4	_c1	
REP662c	NZ_CP064065.1	3121109	3121137	65.5	-14.20	10	9		
REP662d	NZ_CP064065.1	3121141	3121154	71.4	-5.70	4	6		
REP2079c	NZ_CP064065.1	3126869	3126884	81.2	-9.80	6	4		
REP2079b	NZ_CP064065.1	3126886	3126906	71.4	-8.30	8	3	_c1	
REP2079a	NZ_CP064065.1	3126905	3126940	80.6	-37.10	16	4		
REP2078d	NZ_CP064065.1	3127744	3127763	65.0	-10.20	7	6		
REP2078b	NZ_CP064065.1	3127837	3127859	69.6	-10.50	7	9		
REP663a	NZ_CP064065.1	3127901	3127951	54.9	-44.90	24	3		
REP663b	NZ_CP064065.1	3128079	3128102	58.3	-7.80	6	10		
REP663c	NZ_CP064065.1	3128220	3128242	69.6	-12.20	9	3	_c1	
REP663d	NZ_CP064065.1	3128339	3128371	69.7	-17.30	12	5	_c2	
REP2077	NZ_CP064065.1	3128864	3128913	74.0	-38.80	21	4	_c1_c1	
REP2076d	NZ_CP064065.1	3133560	3133577	94.4	-13.10	7	4		
REP2076c	NZ_CP064065.1	3133641	3133652	83.3	-6.40	4	4		
REP2076a	NZ_CP064065.1	3133804	3133821	77.8	-8.40	6	6		
REP664a	NZ_CP064065.1	3133933	3133944	91.7	-5.30	4	4		
REP664b	NZ_CP064065.1	3133941	3133956	87.5	-10.00	6	4		
REP665	NZ_CP064065.1	3135694	3135710	76.5	-11.30	7	3		
REP666c	NZ_CP064065.1	3138160	3138181	86.4	-12.90	8	4	_c1	
REP2075d	NZ_CP064065.1	3138579	3138590	58.3	-2.90	4	4		
REP667a	NZ_CP064065.1	3138699	3138719	66.7	-13.70	8	5		
REP667b	NZ_CP064065.1	3138854	3138867	71.4	-6.30	5	4		
REP667c	NZ_CP064065.1	3138990	3139005	81.2	-9.00	6	4		
REP667d	NZ_CP064065.1	3139257	3139280	66.7	-10.90	9	4	_c1	
REP2074b	NZ_CP064065.1	3139911	3139929	52.6	-8.40	7	5		
REP2073b	NZ_CP064065.1	3143255	3143268	71.4	-4.80	4	6		
REP2072c	NZ_CP064065.1	3145128	3145148	90.5	-19.00	8	5		
REP2072b	NZ_CP064065.1	3145155	3145170	68.8	-10.20	6	4		
REP668c	NZ_CP064065.1	3145506	3145520	73.3	-6.90	6	3		
REP668d	NZ_CP064065.1	3145545	3145564	84.2	-7.30	5	8		
REP2071a	NZ_CP064065.1	3149334	3149368	82.9	-35.50	15	5		
REP2070a	NZ_CP064065.1	3159994	3160015	86.4	-5.10	4	3		
REP2069d	NZ_CP064065.1	3164435	3164450	93.3	-5.00	4	6		
REP2069c	NZ_CP064065.1	3164568	3164584	70.6	-4.60	5	7		
REP2069b	NZ_CP064065.1	3164622	3164634	76.9	-4.60	4	5		
REP669a	NZ_CP064065.1	3165239	3165254	87.5	-6.80	5	6		
REP669c	NZ_CP064065.1	3165546	3165561	75.0	-6.70	6	4		
REP669d	NZ_CP064065.1	3165749	3165762	92.3	-6.60	4	4		
REP2068	NZ_CP064065.1	3166022	3166055	85.3	-33.80	15	4		
REP2067b	NZ_CP064065.1	3178509	3178525	70.6	-5.90	5	3		
REP2067a	NZ_CP064065.1	3178543	3178576	70.6	-27.20	14	4	_c1	
REP2066c	NZ_CP064065.1	3182121	3182133	76.9	-5.10	4	5		
REP2066b	NZ_CP064065.1	3182169	3182185	82.4	-7.10	5	7		
REP2066a	NZ_CP064065.1	3182214	3182235	77.3	-9.00	7	6	_c1	
REP671b	NZ_CP064065.1	3182567	3182584	77.8	-13.10	7	4		
REP673b	NZ_CP064065.1	3190684	3190707	83.3	-11.60	7	8	_c1	
REP674a	NZ_CP064065.1	3193834	3193862	75.9	-26.60	13	3		
REP676	NZ_CP064065.1	3199533	3199556	60.9	-10.60	9	4		
REP2065c	NZ_CP064065.1	3199963	3199976	71.4	-3.20	4	6		
REP2065b	NZ_CP064065.1	3200150	3200167	94.4	-13.10	7	4		
REP677b	NZ_CP064065.1	3200729	3200742	71.4	-6.80	5	4		
REP677d	NZ_CP064065.1	3200811	3200823	76.9	-3.60	4	5		
REP678c	NZ_CP064065.1	3204043	3204062	65.0	-9.90	8	4		
REP2063d	NZ_CP064065.1	3206731	3206758	71.4	-24.90	12	4		
REP2063b	NZ_CP064065.1	3206965	3206994	83.3	-19.90	10	4	_c1	
REP2062	NZ_CP064065.1	3209066	3209080	73.3	-5.50	6	3		
REP2061d	NZ_CP064065.1	3211437	3211471	80.0	-23.80	10	9		
REP2061c	NZ_CP064065.1	3211485	3211502	83.3	-5.90	6	4	_c1	
REP679a	NZ_CP064065.1	3211899	3211927	58.6	-15.30	11	7		
REP679b	NZ_CP064065.1	3212179	3212191	92.3	-6.70	5	3		
REP679c	NZ_CP064065.1	3212242	3212258	94.1	-4.60	4	3		
REP2060d	NZ_CP064065.1	3214190	3214208	78.9	-12.40	7	5		
REP2060b	NZ_CP064065.1	3214256	3214268	84.6	-4.00	4	5		
REP2060a	NZ_CP064065.1	3214290	3214319	86.7	-29.10	13	4		
REP680c	NZ_CP064065.1	3214611	3214624	78.6	-7.80	5	4		
REP680d	NZ_CP064065.1	3214783	3214803	90.5	-14.70	7	7		
REP2059b	NZ_CP064065.1	3217451	3217468	77.8	-7.40	6	4	_c1	
REP2059a	NZ_CP064065.1	3217476	3217493	77.8	-7.40	6	4	_c1	
REP2057c	NZ_CP064065.1	3219662	3219672	72.7	-1.20	3	5		
REP2057b	NZ_CP064065.1	3219842	3219857	75.0	-10.40	6	4		
REP2057a	NZ_CP064065.1	3219997	3220016	80.0	-14.00	8	4		
REP681a	NZ_CP064065.1	3220015	3220035	66.7	-6.00	7	5	_c1	
REP681b	NZ_CP064065.1	3220317	3220333	58.8	-6.20	6	5		
REP681c	NZ_CP064065.1	3220320	3220347	71.4	-13.40	8	8	_c1	
REP682a	NZ_CP064065.1	3222651	3222690	72.5	-37.20	17	4	_c1	
REP682b	NZ_CP064065.1	3222716	3222734	89.5	-13.80	7	5		
REP2056d	NZ_CP064065.1	3223017	3223036	60.0	-7.70	6	8		
REP2056c	NZ_CP064065.1	3223082	3223119	92.1	-28.20	14	4	_c1_c1_c1	
REP2056a	NZ_CP064065.1	3223175	3223201	70.4	-9.40	8	9	_c1	
REP683b	NZ_CP064065.1	3223477	3223501	76.0	-14.10	8	9		
REP683c	NZ_CP064065.1	3223512	3223524	84.6	-5.90	4	5		
REP684	NZ_CP064065.1	3225279	3225293	93.3	-7.50	5	5		
REP2055d	NZ_CP064065.1	3227586	3227599	92.9	-7.90	5	4		
REP685c	NZ_CP064065.1	3228129	3228142	78.6	-7.00	5	4		
REP685d	NZ_CP064065.1	3228201	3228215	86.7	-8.80	6	3		
REP2054b	NZ_CP064065.1	3229661	3229683	39.1	-5.40	7	9		
REP2054a	NZ_CP064065.1	3229713	3229752	77.5	-23.40	12	4	_c6	
REP686a	NZ_CP064065.1	3234053	3234065	53.8	-2.50	4	5		
REP686b	NZ_CP064065.1	3234142	3234166	68.0	-6.70	8	5	_c1_c1	
REP687a	NZ_CP064065.1	3237493	3237507	73.3	-7.30	5	5		
REP687b	NZ_CP064065.1	3237858	3237875	66.7	-13.90	7	4		
REP687c	NZ_CP064065.1	3237916	3237927	83.3	-4.30	4	4		
REP687d	NZ_CP064065.1	3238186	3238197	75.0	-4.90	4	4		
REP2053c	NZ_CP064065.1	3239866	3239878	76.9	-5.30	4	5		
REP2053b	NZ_CP064065.1	3239872	3239884	76.9	-5.20	5	3		
REP689a	NZ_CP064065.1	3240013	3240056	68.2	-42.80	20	4		
REP689b	NZ_CP064065.1	3240120	3240135	93.8	-12.10	6	4		
REP689c	NZ_CP064065.1	3240210	3240222	76.9	-4.90	4	5		
REP689d	NZ_CP064065.1	3240477	3240507	61.3	-11.90	7	17		
REP2052b	NZ_CP064065.1	3241933	3241954	27.3	-8.50	9	4		
REP2051c	NZ_CP064065.1	3245135	3245148	92.9	-6.40	5	4		
REP2051b	NZ_CP064065.1	3245206	3245226	81.0	-11.20	7	7		
REP2051a	NZ_CP064065.1	3245231	3245261	74.2	-11.60	11	3	_c1_c1_c1	
REP690b	NZ_CP064065.1	3245634	3245645	83.3	-5.20	4	4		
REP690c	NZ_CP064065.1	3245720	3245733	85.7	-8.30	5	4		
REP690d	NZ_CP064065.1	3245801	3245826	80.8	-11.90	8	4	_c3	
REP2050c	NZ_CP064065.1	3249915	3249929	66.7	-7.70	5	5		
REP2050a	NZ_CP064065.1	3250052	3250063	83.3	-4.50	4	4		
REP691a	NZ_CP064065.1	3250365	3250377	84.6	-5.60	4	5		
REP691b	NZ_CP064065.1	3250467	3250479	91.7	-1.20	3	5		
REP692a	NZ_CP064065.1	3251667	3251698	75.0	-31.80	14	4		
REP692c	NZ_CP064065.1	3251755	3251766	75.0	-2.90	4	4		
REP2049c	NZ_CP064065.1	3252668	3252682	73.3	-8.00	5	5		
REP2049b	NZ_CP064065.1	3252917	3252929	53.8	-2.20	5	3		
REP693a	NZ_CP064065.1	3253378	3253393	81.2	-4.30	5	4	_c1	
REP693b	NZ_CP064065.1	3253503	3253513	81.8	-1.30	3	5		
REP2048	NZ_CP064065.1	3253583	3253596	69.2	0.40	2	8		
REP2047b	NZ_CP064065.1	3254632	3254643	83.3	-1.10	2	4		
REP2047a	NZ_CP064065.1	3254748	3254798	58.8	-41.70	21	9		
REP694c	NZ_CP064065.1	3254881	3254903	69.6	-8.20	7	9		
REP694d	NZ_CP064065.1	3255136	3255149	85.7	-7.00	5	4		
REP2046d	NZ_CP064065.1	3262091	3262102	75.0	-4.10	4	4		
REP2046b	NZ_CP064065.1	3262220	3262238	89.5	-14.30	8	3		
REP695a	NZ_CP064065.1	3262264	3262303	62.5	-36.00	18	4		
REP695b	NZ_CP064065.1	3262305	3262320	87.5	-12.40	6	4		
REP695c	NZ_CP064065.1	3262424	3262443	65.0	-8.80	7	4	_c1	
REP695d	NZ_CP064065.1	3262513	3262531	84.2	-6.20	5	9		
REP2045	NZ_CP064065.1	3268713	3268729	76.5	-9.70	6	3		
REP2043d	NZ_CP064065.1	3275600	3275644	86.7	-47.70	20	5		
REP2043a	NZ_CP064065.1	3275667	3275679	84.6	-4.50	4	5		
REP2042b	NZ_CP064065.1	3277198	3277210	76.9	-4.30	5	3		
REP696b	NZ_CP064065.1	3277560	3277571	66.7	-3.50	4	4		
REP2041b	NZ_CP064065.1	3278177	3278194	72.2	-5.80	6	4	_c1	
REP2041a	NZ_CP064065.1	3278246	3278288	76.7	-44.60	19	5		
REP2040d	NZ_CP064065.1	3282280	3282295	75.0	-3.60	5	4	_c1	
REP2040c	NZ_CP064065.1	3282461	3282476	87.5	-7.80	5	6		
REP2040b	NZ_CP064065.1	3282479	3282503	76.0	-8.80	7	11		
REP2040a	NZ_CP064065.1	3282556	3282570	46.7	1.30	4	5	_c1	
REP697a	NZ_CP064065.1	3282559	3282577	42.1	-4.40	6	5	_c1	
REP697b	NZ_CP064065.1	3282649	3282669	61.9	-7.60	7	5	_c1	
REP697d	NZ_CP064065.1	3282918	3282936	68.4	-13.10	8	3		
REP2039	NZ_CP064065.1	3286353	3286393	58.5	-34.20	17	7		
REP2038c	NZ_CP064065.1	3287915	3287926	83.3	-4.90	4	4		
REP2038b	NZ_CP064065.1	3288082	3288108	92.6	-18.40	10	5	_c1	
REP2038a	NZ_CP064065.1	3288110	3288123	71.4	-5.90	5	4		
REP698a	NZ_CP064065.1	3288278	3288293	75.0	-8.90	6	4		
REP698d	NZ_CP064065.1	3288360	3288381	95.2	-11.50	7	4	_c1	
REP699	NZ_CP064065.1	3291665	3291701	91.9	-34.00	14	9		
REP2037d	NZ_CP064065.1	3291948	3291963	68.8	-8.00	6	4		
REP2037c	NZ_CP064065.1	3292050	3292061	91.7	-4.40	4	4		
REP2037b	NZ_CP064065.1	3292193	3292215	73.9	-5.90	6	6	_c2	
REP2037a	NZ_CP064065.1	3292238	3292283	65.2	-34.00	19	4	_c1_c1	
REP700c	NZ_CP064065.1	3292406	3292447	83.3	-35.90	17	6	_c1	
REP700d	NZ_CP064065.1	3292443	3292453	81.8	-2.30	3	5		
REP701	NZ_CP064065.1	3295626	3295673	68.8	-48.00	22	4		
REP2036d	NZ_CP064065.1	3305298	3305312	73.3	-6.50	6	3		
REP2036c	NZ_CP064065.1	3305491	3305504	78.6	0.20	4	4	_c1	
REP2036b	NZ_CP064065.1	3305582	3305600	84.2	-12.10	6	7		
REP2036a	NZ_CP064065.1	3305608	3305643	86.1	-31.90	15	4	_c1	
REP703b	NZ_CP064065.1	3305874	3305889	56.2	-8.50	6	4		
REP703c	NZ_CP064065.1	3305992	3306006	80.0	-3.70	3	8		
REP704a	NZ_CP064065.1	3309297	3309313	100.0	-13.30	7	3		
REP704b	NZ_CP064065.1	3309317	3309340	58.3	-15.30	9	6		
REP2035d	NZ_CP064065.1	3309426	3309440	80.0	-7.70	6	3		
REP2035c	NZ_CP064065.1	3309750	3309773	79.2	-19.80	10	4		
REP2035b	NZ_CP064065.1	3309808	3309850	79.1	-20.00	13	7	_c4_c1	
REP2035a	NZ_CP064065.1	3309833	3309852	85.0	-8.80	6	6	_c1	
REP705a	NZ_CP064065.1	3310027	3310044	83.3	-14.70	7	4		
REP705b	NZ_CP064065.1	3310150	3310179	80.0	-15.60	10	6	_c1_c1	
REP705d	NZ_CP064065.1	3310437	3310456	85.0	-7.40	5	10		
REP706a	NZ_CP064065.1	3312430	3312476	53.2	-32.10	19	7	_c1	
REP706b	NZ_CP064065.1	3312488	3312510	87.0	-13.20	7	9		
REP706c	NZ_CP064065.1	3312866	3312898	81.8	-15.00	10	5	_c4	
REP706d	NZ_CP064065.1	3312890	3312921	81.2	-12.20	8	8	_c4	
REP2032d	NZ_CP064065.1	3315904	3315915	66.7	-3.00	4	4		
REP2032b	NZ_CP064065.1	3316133	3316148	75.0	-4.50	4	4		
REP2032a	NZ_CP064065.1	3316386	3316402	88.2	-10.50	6	5		
REP707b	NZ_CP064065.1	3316511	3316544	82.4	-18.60	12	6	_c1_c1	
REP707c	NZ_CP064065.1	3316601	3316613	53.8	-3.50	4	5		
REP707d	NZ_CP064065.1	3316689	3316705	88.2	-10.60	6	5		
REP2031	NZ_CP064065.1	3317815	3317830	93.8	-9.60	6	4		
REP2029	NZ_CP064065.1	3322255	3322266	75.0	-1.80	3	6		
REP2028d	NZ_CP064065.1	3324242	3324256	66.7	-6.60	5	5		
REP2028b	NZ_CP064065.1	3324311	3324324	78.6	-7.10	5	4		
REP2028a	NZ_CP064065.1	3324379	3324417	66.7	-35.50	18	3		
REP708d	NZ_CP064065.1	3324686	3324697	75.0	-2.90	4	4		
REP2027c	NZ_CP064065.1	3329193	3329209	82.4	-6.00	5	7		
REP2027b	NZ_CP064065.1	3329232	3329252	66.7	-12.60	9	3		
REP2027a	NZ_CP064065.1	3329275	3329319	75.6	-49.60	20	5		
REP709b	NZ_CP064065.1	3329440	3329455	68.8	-8.30	6	4		
REP709c	NZ_CP064065.1	3329458	3329476	63.2	-8.00	7	5		
REP709d	NZ_CP064065.1	3329637	3329647	63.6	-1.20	4	3		
REP710a	NZ_CP064065.1	3331102	3331119	50.0	-8.80	7	4		
REP710b	NZ_CP064065.1	3331113	3331132	55.0	-9.80	6	6		
REP710d	NZ_CP064065.1	3331152	3331184	72.7	-18.50	11	7	_c2	
REP711a	NZ_CP064065.1	3332021	3332041	76.2	-12.90	7	5		
REP711b	NZ_CP064065.1	3332050	3332087	84.2	-33.90	15	6	_c1	
REP711d	NZ_CP064065.1	3332185	3332198	50.0	-2.80	5	4		
REP712a	NZ_CP064065.1	3333449	3333466	94.4	-11.90	6	6		
REP712b	NZ_CP064065.1	3333458	3333494	83.8	-35.10	15	7		
REP2026d	NZ_CP064065.1	3336745	3336766	72.7	-14.00	8	6		
REP2026b	NZ_CP064065.1	3336970	3336984	53.3	-3.90	5	5		
REP2026a	NZ_CP064065.1	3337191	3337206	81.2	-4.40	4	8		
REP713a	NZ_CP064065.1	3337553	3337570	61.1	-6.70	7	4		
REP713c	NZ_CP064065.1	3337652	3337673	72.7	-13.10	8	4	_c1	
REP714a	NZ_CP064065.1	3339616	3339650	82.9	-35.60	15	5		
REP714d	NZ_CP064065.1	3339794	3339852	76.3	-65.50	27	5		
REP715	NZ_CP064065.1	3351859	3351896	68.4	-36.10	17	4		
REP2024d	NZ_CP064065.1	3354403	3354419	88.2	-6.60	5	7		
REP2024c	NZ_CP064065.1	3354437	3354455	57.9	-6.20	6	5	_c1	
REP2024a	NZ_CP064065.1	3354836	3354849	64.3	-3.60	4	6		
REP716a	NZ_CP064065.1	3355233	3355244	66.7	-3.50	4	4		
REP716c	NZ_CP064065.1	3355356	3355375	70.0	-7.90	7	4	_c1	
REP716d	NZ_CP064065.1	3355705	3355729	56.0	-13.90	10	5		
REP2023a	NZ_CP064065.1	3357429	3357494	75.8	-50.70	24	8	_c5	
REP2022b	NZ_CP064065.1	3360737	3360749	69.2	-4.90	5	3		
REP2022a	NZ_CP064065.1	3360798	3360810	75.0	-2.30	2	4		
REP2021a	NZ_CP064065.1	3368064	3368103	70.0	-30.60	16	6	_c1	
REP2020d	NZ_CP064065.1	3381584	3381602	78.9	-6.90	5	3		
REP2020c	NZ_CP064065.1	3381656	3381673	72.2	-3.30	4	10		
REP717a	NZ_CP064065.1	3381834	3381870	81.1	-38.40	17	3		
REP717b	NZ_CP064065.1	3381889	3381935	55.3	-39.60	22	3		
REP717c	NZ_CP064065.1	3382104	3382117	85.7	-6.10	4	6		
REP2019d	NZ_CP064065.1	3391197	3391211	80.0	-9.20	5	5		
REP2019b	NZ_CP064065.1	3391454	3391475	72.7	-9.30	7	6	_c1	
REP718a	NZ_CP064065.1	3391768	3391783	81.2	-11.90	6	4		
REP718c	NZ_CP064065.1	3391908	3391919	75.0	-3.80	4	4		
REP2018b	NZ_CP064065.1	3392321	3392345	88.0	-11.70	7	11		
REP2018a	NZ_CP064065.1	3392334	3392352	89.5	-15.50	8	3		
REP2017d	NZ_CP064065.1	3394057	3394076	70.0	-11.90	7	6		
REP2017c	NZ_CP064065.1	3394242	3394267	76.9	-8.50	7	12		
REP2017b	NZ_CP064065.1	3394311	3394328	77.8	-6.60	4	6		
REP2017a	NZ_CP064065.1	3394326	3394351	80.8	-18.90	9	4	_c2	
REP719b	NZ_CP064065.1	3394548	3394559	75.0	-3.50	4	4		
REP719c	NZ_CP064065.1	3394689	3394709	71.4	-5.50	6	9		
REP2016d	NZ_CP064065.1	3396081	3396103	65.2	-12.70	8	7		
REP2016a	NZ_CP064065.1	3396407	3396436	86.7	-31.50	13	4		
REP720b	NZ_CP064065.1	3396581	3396609	75.9	-17.80	10	5	_c2	
REP721a	NZ_CP064065.1	3397603	3397617	86.7	-4.80	3	4		
REP721b	NZ_CP064065.1	3397644	3397666	69.6	-10.00	8	7		
REP721c	NZ_CP064065.1	3397678	3397699	86.4	-10.20	7	6	_c1	
REP2014c	NZ_CP064065.1	3400137	3400147	81.8	-1.20	3	5		
REP2014b	NZ_CP064065.1	3400201	3400216	68.8	-2.20	5	4	_c1	
REP2014a	NZ_CP064065.1	3400288	3400318	90.3	-30.10	13	5		
REP722b	NZ_CP064065.1	3400456	3400494	61.5	-19.70	12	13	_c1	
REP722c	NZ_CP064065.1	3400557	3400568	58.3	-1.70	4	4		
REP722d	NZ_CP064065.1	3400654	3400672	89.5	-9.70	6	7		
REP2012d	NZ_CP064065.1	3410880	3410900	81.0	-12.50	8	5		
REP2012c	NZ_CP064065.1	3410886	3410904	78.9	-12.40	7	5		
REP2012a	NZ_CP064065.1	3411077	3411092	68.8	-9.50	6	4		
REP723a	NZ_CP064065.1	3411278	3411291	92.3	0.60	2	8		
REP723b	NZ_CP064065.1	3411290	3411308	84.2	-11.90	7	5		
REP723c	NZ_CP064065.1	3411466	3411479	92.9	-5.60	5	4		
REP723d	NZ_CP064065.1	3411511	3411533	82.6	-13.90	8	7		
REP2011	NZ_CP064065.1	3418030	3418044	40.0	-4.90	6	3		
REP2010d	NZ_CP064065.1	3421162	3421173	75.0	-2.30	4	4		
REP2010c	NZ_CP064065.1	3421201	3421215	60.0	-0.10	4	3		
REP724c	NZ_CP064065.1	3421413	3421442	70.0	-17.20	11	4	_c2	
REP724d	NZ_CP064065.1	3421437	3421448	75.0	-4.70	4	4		
REP2009d	NZ_CP064065.1	3421541	3421557	76.5	-7.00	6	5		
REP2009c	NZ_CP064065.1	3421578	3421605	78.6	-17.40	10	4	_c2	
REP2009b	NZ_CP064065.1	3421616	3421643	78.6	-20.20	11	4	_c1	
REP2009a	NZ_CP064065.1	3421633	3421659	88.9	-22.00	10	7		
REP725a	NZ_CP064065.1	3424345	3424370	84.6	-18.10	10	6		
REP726b	NZ_CP064065.1	3426054	3426068	80.0	-9.20	5	5		
REP2008c	NZ_CP064065.1	3427391	3427404	85.7	-7.00	5	4		
REP2008b	NZ_CP064065.1	3427908	3427926	78.9	-3.90	5	5	_c2	
REP727b	NZ_CP064065.1	3428060	3428078	63.2	-9.60	7	5		
REP727c	NZ_CP064065.1	3428139	3428155	82.4	-11.30	7	3		
REP2007d	NZ_CP064065.1	3429880	3429900	95.2	-10.90	7	5	_c1	
REP2007c	NZ_CP064065.1	3429888	3429912	92.0	-24.40	10	5		
REP2007b	NZ_CP064065.1	3429955	3429969	78.6	-1.40	3	3		
REP2007a	NZ_CP064065.1	3430027	3430046	80.0	-8.70	7	4	_c1	
REP728b	NZ_CP064065.1	3430198	3430209	83.3	-5.30	4	4		
REP2005	NZ_CP064065.1	3432989	3433031	58.1	-27.70	17	7	_c1	
REP2004	NZ_CP064065.1	3434235	3434249	53.3	-6.80	6	3		
REP2003d	NZ_CP064065.1	3447909	3447925	94.1	-12.40	7	3		
REP2003c	NZ_CP064065.1	3447941	3447954	78.6	-2.70	4	4	_c1	
REP2003a	NZ_CP064065.1	3448050	3448097	66.7	-37.00	20	6	_c1	
REP730b	NZ_CP064065.1	3448095	3448109	86.7	-10.10	6	3		
REP730d	NZ_CP064065.1	3448227	3448243	88.2	-10.30	7	3		
REP2002d	NZ_CP064065.1	3451380	3451391	83.3	-1.70	3	6		
REP2002c	NZ_CP064065.1	3451518	3451548	74.2	-30.00	13	5		
REP2002b	NZ_CP064065.1	3451565	3451581	52.9	-7.40	6	5		
REP731c	NZ_CP064065.1	3451677	3451705	79.3	-21.00	12	3	_c1	
REP731d	NZ_CP064065.1	3451726	3451744	78.9	-8.30	6	7		
REP2000d	NZ_CP064065.1	3460530	3460549	75.0	-7.30	6	8		
REP2000b	NZ_CP064065.1	3460746	3460758	61.5	0.20	2	5		
REP2000a	NZ_CP064065.1	3460806	3460845	72.5	-41.10	18	4		
REP732d	NZ_CP064065.1	3461160	3461172	76.9	-5.90	4	5		
REP1999	NZ_CP064065.1	3468277	3468301	96.0	-24.20	10	5		
REP733b	NZ_CP064065.1	3471571	3471591	66.7	-11.60	8	5		
REP1998c	NZ_CP064065.1	3471609	3471620	91.7	-4.40	4	4		
REP1997	NZ_CP064065.1	3472903	3472946	63.6	-19.90	15	4	_c1_c4	
REP734a	NZ_CP064065.1	3475938	3475968	80.6	-22.80	12	5	_c1	
REP1996c	NZ_CP064065.1	3478676	3478699	87.5	-9.90	5	5		
REP1996b	NZ_CP064065.1	3478818	3478832	80.0	-7.30	5	5		
REP735d	NZ_CP064065.1	3479030	3479054	84.0	-15.50	9	5	_c1	
REP736	NZ_CP064065.1	3480244	3480272	65.5	-6.80	8	5	_c3_c1	
REP737a	NZ_CP064065.1	3483688	3483710	91.3	-20.30	9	5		
REP737b	NZ_CP064065.1	3483774	3483797	54.2	-11.90	9	4	_c1	
REP738	NZ_CP064065.1	3484552	3484581	70.0	-20.50	11	4	_c2	
REP1995d	NZ_CP064065.1	3484752	3484768	70.6	-2.40	5	5	_c1	
REP1995a	NZ_CP064065.1	3484906	3484926	81.0	-8.10	6	9		
REP739a	NZ_CP064065.1	3485436	3485451	75.0	-3.00	5	6		
REP739d	NZ_CP064065.1	3485792	3485815	70.8	-10.20	8	6	_c1	
REP1994c	NZ_CP064065.1	3488391	3488418	75.0	-16.00	10	6	_c1	
REP1994b	NZ_CP064065.1	3488533	3488545	69.2	-4.70	4	5		
REP1994a	NZ_CP064065.1	3488583	3488601	73.7	-12.60	7	5		
REP740a	NZ_CP064065.1	3488643	3488656	85.7	-4.80	5	4		
REP740b	NZ_CP064065.1	3488672	3488682	72.7	-2.60	3	5		
REP740c	NZ_CP064065.1	3488787	3488800	64.3	-4.90	5	4		
REP740d	NZ_CP064065.1	3488903	3488921	73.7	-6.90	6	7		
REP741a	NZ_CP064065.1	3493899	3493940	81.0	-34.70	15	12		
REP741c	NZ_CP064065.1	3493984	3494000	88.2	-11.70	7	3		
REP743b	NZ_CP064065.1	3498003	3498018	75.0	-10.00	6	4		
REP1993d	NZ_CP064065.1	3501595	3501608	85.7	-7.80	5	4		
REP1993c	NZ_CP064065.1	3501610	3501626	76.5	-10.10	7	3		
REP1993a	NZ_CP064065.1	3501833	3501844	75.0	-1.90	3	6		
REP744b	NZ_CP064065.1	3502053	3502078	65.4	-14.90	11	4		
REP744c	NZ_CP064065.1	3502303	3502320	83.3	-11.20	6	6		
REP744d	NZ_CP064065.1	3502586	3502610	84.0	-19.70	10	5		
REP1992b	NZ_CP064065.1	3504056	3504080	72.0	-9.40	7	11		
REP1992a	NZ_CP064065.1	3504068	3504091	83.3	-22.20	10	4		
REP1991	NZ_CP064065.1	3504323	3504351	82.8	-20.90	10	9		
REP745a	NZ_CP064065.1	3506260	3506272	92.3	-6.70	5	3		
REP745c	NZ_CP064065.1	3506350	3506364	86.7	-8.60	6	3		
REP1990d	NZ_CP064065.1	3509153	3509166	92.9	-9.80	5	4		
REP1990c	NZ_CP064065.1	3509313	3509324	91.7	-5.00	4	4		
REP1990b	NZ_CP064065.1	3509455	3509471	82.4	-11.20	7	3		
REP1990a	NZ_CP064065.1	3509513	3509536	79.2	-20.60	10	4		
REP746a	NZ_CP064065.1	3509638	3509656	68.4	-10.70	8	3		
REP746b	NZ_CP064065.1	3509795	3509808	71.4	-6.40	5	4		
REP746c	NZ_CP064065.1	3509891	3509904	85.7	-5.40	4	6		
REP746d	NZ_CP064065.1	3510157	3510169	69.2	-4.50	5	3		
REP1989b	NZ_CP064065.1	3515699	3515751	56.6	-32.90	22	5	_c2	
REP747c	NZ_CP064065.1	3515980	3516003	58.3	-13.40	9	6		
REP747d	NZ_CP064065.1	3516072	3516085	100.0	-9.70	5	4		
REP1988d	NZ_CP064065.1	3521991	3522012	72.7	-11.90	8	4	_c1	
REP1988c	NZ_CP064065.1	3522073	3522086	71.4	-6.20	5	4		
REP748a	NZ_CP064065.1	3522330	3522353	83.3	-11.90	8	4	_c2	
REP748c	NZ_CP064065.1	3522419	3522429	72.7	0.90	3	5		
REP748d	NZ_CP064065.1	3522609	3522626	66.7	-7.10	6	6		
REP1987c	NZ_CP064065.1	3524977	3524993	82.4	-8.80	6	5		
REP1987b	NZ_CP064065.1	3524988	3525011	66.7	-14.50	9	6		
REP749a	NZ_CP064065.1	3525180	3525193	84.6	-6.60	4	4		
REP750	NZ_CP064065.1	3526421	3526464	79.5	-37.40	19	4	_c1	
REP1986c	NZ_CP064065.1	3530509	3530520	66.7	-2.90	4	4		
REP1986b	NZ_CP064065.1	3530639	3530658	70.0	-6.50	5	10		
REP1986a	NZ_CP064065.1	3530926	3530943	72.2	-10.60	7	4		
REP751b	NZ_CP064065.1	3531082	3531105	87.5	-11.50	8	4	_c1_c1	
REP751d	NZ_CP064065.1	3531486	3531504	78.9	-11.90	7	5		
REP1985d	NZ_CP064065.1	3531731	3531753	73.9	-18.00	10	3		
REP1985c	NZ_CP064065.1	3532038	3532052	100.0	-9.10	6	3		
REP1985a	NZ_CP064065.1	3532247	3532273	85.2	-14.00	8	9	_c1	
REP752a	NZ_CP064065.1	3532326	3532341	93.8	-6.80	5	6		
REP752d	NZ_CP064065.1	3532570	3532581	75.0	-4.60	4	4		
REP1984a	NZ_CP064065.1	3536884	3536902	100.0	-13.90	7	5		
REP753a	NZ_CP064065.1	3536959	3536970	66.7	-7.60	4	4		
REP753c	NZ_CP064065.1	3537238	3537272	80.0	-18.30	11	11	_c1	
REP753d	NZ_CP064065.1	3537270	3537289	90.0	-12.30	7	6		
REP1983d	NZ_CP064065.1	3538630	3538645	37.5	-4.10	5	4		
REP1983b	NZ_CP064065.1	3539209	3539223	73.3	-7.00	6	3		
REP1983a	NZ_CP064065.1	3539268	3539281	78.6	-6.20	5	4		
REP754a	NZ_CP064065.1	3539412	3539430	89.5	-9.50	7	3	_c1	
REP754c	NZ_CP064065.1	3539507	3539536	66.7	-18.40	11	6	_c1	
REP755	NZ_CP064065.1	3541149	3541187	74.4	-35.80	16	7		
REP1982b	NZ_CP064065.1	3542515	3542541	81.5	-19.10	10	5	_c1	
REP756c	NZ_CP064065.1	3542846	3542865	85.0	-14.70	8	4		
REP1981c	NZ_CP064065.1	3546332	3546343	91.7	-4.30	4	4		
REP1981a	NZ_CP064065.1	3546394	3546434	87.8	-44.90	18	5		
REP1980b	NZ_CP064065.1	3547777	3547823	55.3	-36.10	20	7		
REP1980a	NZ_CP064065.1	3547799	3547827	58.6	-11.40	9	11		
REP1979d	NZ_CP064065.1	3551620	3551632	53.8	-2.50	4	5		
REP1979b	NZ_CP064065.1	3551995	3552008	84.6	-1.50	2	4		
REP1979a	NZ_CP064065.1	3552260	3552281	95.5	-14.90	7	8		
REP757b	NZ_CP064065.1	3552393	3552406	78.6	-5.90	5	4		
REP757c	NZ_CP064065.1	3552451	3552465	73.3	-7.00	6	3		
REP758	NZ_CP064065.1	3556045	3556062	83.3	-11.10	6	4	_c1	
REP759	NZ_CP064065.1	3556741	3556777	89.2	-27.60	14	5	_c1_c1	
REP1978d	NZ_CP064065.1	3558018	3558061	72.7	-38.70	19	6		
REP1978a	NZ_CP064065.1	3558203	3558245	65.1	-33.60	18	5	_c1	
REP1977d	NZ_CP064065.1	3564072	3564086	60.0	-5.30	5	5		
REP1977c	NZ_CP064065.1	3564156	3564169	64.3	-1.00	3	4		
REP1977a	NZ_CP064065.1	3564213	3564231	73.7	-10.40	7	5		
REP761a	NZ_CP064065.1	3564297	3564308	66.7	-3.70	4	4		
REP761c	NZ_CP064065.1	3564644	3564654	63.6	-2.20	3	5		
REP762	NZ_CP064065.1	3569766	3569782	94.1	-8.20	5	7		
REP1975d	NZ_CP064065.1	3570891	3570906	62.5	-6.30	5	6		
REP763a	NZ_CP064065.1	3571329	3571366	78.9	-39.10	17	4		
REP1975b	NZ_CP064065.1	3571761	3571779	63.2	-9.80	8	3		
REP1975a	NZ_CP064065.1	3572154	3572166	61.5	-3.10	4	5		
REP764a	NZ_CP064065.1	3572715	3572734	65.0	-9.00	8	4		
REP764b	NZ_CP064065.1	3572799	3572821	73.9	-13.90	9	5		
REP764c	NZ_CP064065.1	3573161	3573178	50.0	-5.50	5	8		
REP764d	NZ_CP064065.1	3573253	3573263	90.9	-3.40	4	3		
REP1974d	NZ_CP064065.1	3574923	3574945	69.6	-10.00	7	9		
REP1974c	NZ_CP064065.1	3575166	3575191	69.2	-5.90	5	4	_c1	
REP1974b	NZ_CP064065.1	3575304	3575318	73.3	-4.30	4	7		
REP765b	NZ_CP064065.1	3575551	3575562	91.7	-1.30	3	6		
REP1973d	NZ_CP064065.1	3583876	3583890	86.7	-3.90	4	5	_c1	
REP1973b	NZ_CP064065.1	3584086	3584101	80.0	-1.20	2	8		
REP1973a	NZ_CP064065.1	3584101	3584137	75.7	-36.60	16	5		
REP766	NZ_CP064065.1	3587251	3587266	75.0	-8.00	6	4		
REP1972d	NZ_CP064065.1	3587671	3587688	55.6	-4.60	5	8		
REP767a	NZ_CP064065.1	3587777	3587796	100.0	-8.60	6	6	_c1	
REP1972a	NZ_CP064065.1	3587825	3587843	73.7	-7.40	7	3	_c1	
REP767d	NZ_CP064065.1	3587950	3587962	69.2	-2.40	4	5		
REP1971d	NZ_CP064065.1	3588536	3588559	79.2	-10.90	7	10		
REP1971c	NZ_CP064065.1	3588779	3588793	66.7	-5.30	6	3		
REP1971a	NZ_CP064065.1	3588834	3588850	64.7	-7.90	6	5		
REP1970b	NZ_CP064065.1	3591188	3591203	68.8	-10.00	6	4		
REP1969d	NZ_CP064065.1	3592358	3592385	75.0	-18.10	9	8		
REP1969c	NZ_CP064065.1	3592518	3592528	72.7	-3.40	4	3		
REP1969b	NZ_CP064065.1	3592898	3592909	83.3	-4.70	4	4		
REP768b	NZ_CP064065.1	3593399	3593425	77.8	-18.40	10	7		
REP768c	NZ_CP064065.1	3593421	3593436	75.0	-8.70	6	4		
REP768d	NZ_CP064065.1	3593546	3593560	86.7	-8.60	6	3		
REP769a	NZ_CP064065.1	3601565	3601615	56.9	-35.60	20	9	_c1	
REP769c	NZ_CP064065.1	3601676	3601689	64.3	-3.80	5	4		
REP770	NZ_CP064065.1	3606262	3606293	81.2	-29.10	14	4		
REP771a	NZ_CP064065.1	3610564	3610579	93.8	-11.50	6	4		
REP771c	NZ_CP064065.1	3610681	3610713	75.8	-31.50	15	3		
REP772	NZ_CP064065.1	3620296	3620332	75.7	-34.10	16	5		
REP773a	NZ_CP064065.1	3621126	3621159	70.6	-30.20	14	6		
REP773b	NZ_CP064065.1	3621193	3621207	93.3	-9.20	6	3		
REP1968c	NZ_CP064065.1	3628590	3628608	63.2	-4.70	6	5	_c1	
REP1968a	NZ_CP064065.1	3628941	3628959	57.9	-9.10	6	7		
REP774b	NZ_CP064065.1	3629085	3629100	87.5	-10.10	6	4		
REP774c	NZ_CP064065.1	3629154	3629175	90.9	-14.50	8	6		
REP774d	NZ_CP064065.1	3629275	3629287	76.9	-5.80	5	3		
REP1967a	NZ_CP064065.1	3629585	3629595	90.9	-3.50	4	3		
REP1965	NZ_CP064065.1	3631132	3631152	76.2	-14.90	8	5		
REP775	NZ_CP064065.1	3637342	3637362	38.1	-9.20	9	3		
REP776a	NZ_CP064065.1	3638484	3638494	81.8	-2.70	3	5		
REP776b	NZ_CP064065.1	3638535	3638548	85.7	-5.20	4	6		
REP1964c	NZ_CP064065.1	3641830	3641859	83.3	-27.40	13	4		
REP1964a	NZ_CP064065.1	3641840	3641870	80.0	-26.60	13	3		
REP777a	NZ_CP064065.1	3642102	3642140	89.7	-24.50	13	7	_c2_c1	
REP777c	NZ_CP064065.1	3642173	3642192	75.0	-6.60	7	4	_c1	
REP1963d	NZ_CP064065.1	3646180	3646196	82.4	-11.80	6	3		
REP1963b	NZ_CP064065.1	3646343	3646362	85.0	-11.30	7	4	_c1	
REP1963a	NZ_CP064065.1	3646417	3646442	88.5	-12.00	8	4	_c2_c1	
REP779a	NZ_CP064065.1	3646531	3646544	78.6	-5.90	5	4		
REP779b	NZ_CP064065.1	3646589	3646603	73.3	-7.00	6	3		
REP779d	NZ_CP064065.1	3647167	3647182	37.5	-4.10	5	4		
REP780a	NZ_CP064065.1	3648431	3648465	62.9	-29.70	15	5		
REP1961d	NZ_CP064065.1	3653750	3653761	50.0	-1.00	4	4		
REP1961c	NZ_CP064065.1	3653937	3653950	78.6	-4.40	3	4		
REP1961b	NZ_CP064065.1	3653996	3654012	64.7	-7.70	6	5		
REP1961a	NZ_CP064065.1	3654020	3654056	62.2	-32.80	17	3		
REP781a	NZ_CP064065.1	3658617	3658633	76.5	-9.20	7	3		
REP781b	NZ_CP064065.1	3658634	3658664	58.1	-16.60	12	5	_c1	
REP781c	NZ_CP064065.1	3658637	3658677	58.5	-17.80	14	7	_c1_c1	
REP1959c	NZ_CP064065.1	3662835	3662846	81.8	-3.00	3	4		
REP1959b	NZ_CP064065.1	3662992	3663011	80.0	-13.10	7	6		
REP1959a	NZ_CP064065.1	3663105	3663131	77.8	-18.50	11	3	_c1	
REP782b	NZ_CP064065.1	3665959	3665975	35.3	-3.90	7	3		
REP1958d	NZ_CP064065.1	3667494	3667521	66.7	-7.60	7	6	_c1_c2	
REP1958c	NZ_CP064065.1	3667596	3667616	76.2	-6.90	7	5	_c1	
REP1958b	NZ_CP064065.1	3667626	3667656	71.0	-12.20	10	3	_c4	
REP1958a	NZ_CP064065.1	3667688	3667742	50.9	-43.30	24	7		
REP783b	NZ_CP064065.1	3667985	3668005	81.0	-15.40	8	5		
REP1957d	NZ_CP064065.1	3670844	3670868	36.0	-13.10	11	3		
REP1957b	NZ_CP064065.1	3671316	3671335	85.0	-11.70	7	4	_c1	
REP784a	NZ_CP064065.1	3671510	3671543	73.5	-18.20	11	10	_c1	
REP784d	NZ_CP064065.1	3671708	3671719	100.0	-1.10	3	4		
REP1956d	NZ_CP064065.1	3672759	3672780	86.4	-11.70	7	6	_c1	
REP1956b	NZ_CP064065.1	3672801	3672815	100.0	-10.10	6	3		
REP785a	NZ_CP064065.1	3673081	3673103	73.9	-14.10	8	7		
REP785b	NZ_CP064065.1	3673086	3673104	68.4	-11.20	7	3		
REP785c	NZ_CP064065.1	3673146	3673173	82.1	-13.50	9	8	_c1	
REP785d	NZ_CP064065.1	3673271	3673290	75.0	-0.90	5	4	_c3	
REP1955	NZ_CP064065.1	3675209	3675234	88.5	-13.80	9	6	_c1	
REP1954	NZ_CP064065.1	3678780	3678791	75.0	-3.10	4	4		
REP1953d	NZ_CP064065.1	3680879	3680896	88.9	-10.50	6	6		
REP1953c	NZ_CP064065.1	3681088	3681106	63.2	-7.80	7	5		
REP786	NZ_CP064065.1	3681330	3681344	100.0	-9.10	6	3		
REP1952c	NZ_CP064065.1	3687153	3687168	68.8	-9.30	6	4		
REP1952b	NZ_CP064065.1	3687229	3687240	75.0	-1.30	2	6		
REP787a	NZ_CP064065.1	3687415	3687435	61.9	-8.60	7	7		
REP787b	NZ_CP064065.1	3687498	3687520	73.9	-11.90	8	7		
REP1951a	NZ_CP064065.1	3690428	3690447	75.0	-9.60	7	4	_c1	
REP788a	NZ_CP064065.1	3690619	3690638	85.0	-12.60	7	6		
REP788c	NZ_CP064065.1	3690714	3690730	82.4	-8.50	6	5		
REP788d	NZ_CP064065.1	3690929	3690951	65.2	-10.70	8	7		
REP1950d	NZ_CP064065.1	3697988	3698011	66.7	-14.90	8	8		
REP1950c	NZ_CP064065.1	3698340	3698365	80.8	-12.00	6	3		
REP1950b	NZ_CP064065.1	3698353	3698400	75.0	-39.10	20	4	_c1_c1	
REP1950a	NZ_CP064065.1	3698392	3698408	88.2	-10.10	7	3		
REP789d	NZ_CP064065.1	3698663	3698685	82.6	-18.10	9	5		
REP790a	NZ_CP064065.1	3702675	3702743	73.9	-44.00	23	11	_c6	
REP790b	NZ_CP064065.1	3702751	3702767	88.2	-12.50	6	5		
REP1949d	NZ_CP064065.1	3704722	3704746	76.0	-7.30	6	4	_c1	
REP1949c	NZ_CP064065.1	3704786	3704798	69.2	-4.30	4	5		
REP1949a	NZ_CP064065.1	3704876	3704891	87.5	-9.40	6	4		
REP791a	NZ_CP064065.1	3705171	3705187	82.4	-11.20	7	3		
REP791c	NZ_CP064065.1	3705486	3705505	80.0	-7.70	6	6	_c1	
REP791d	NZ_CP064065.1	3705875	3705885	90.0	-0.40	3	3		
REP1948	NZ_CP064065.1	3710278	3710292	100.0	-10.00	6	3		
REP1947	NZ_CP064065.1	3711905	3711941	89.2	-40.00	16	5		
REP1946c	NZ_CP064065.1	3713461	3713472	83.3	-6.40	4	4		
REP1946a	NZ_CP064065.1	3713563	3713574	91.7	-3.90	4	4		
REP1945a	NZ_CP064065.1	3715082	3715119	73.7	-27.60	14	8	_c1	
REP1944b	NZ_CP064065.1	3722046	3722056	81.8	-3.30	4	3		
REP792a	NZ_CP064065.1	3722468	3722479	91.7	-4.80	4	4		
REP792b	NZ_CP064065.1	3722598	3722610	76.9	-5.50	5	3		
REP792c	NZ_CP064065.1	3722745	3722756	83.3	-5.80	4	4		
REP792d	NZ_CP064065.1	3722785	3722808	66.7	-16.00	10	4		
REP1943d	NZ_CP064065.1	3724349	3724362	64.3	-3.90	4	6		
REP1943b	NZ_CP064065.1	3724526	3724544	84.2	-4.10	3	5		
REP793a	NZ_CP064065.1	3724596	3724621	80.8	-11.20	9	6	_c1	
REP793d	NZ_CP064065.1	3724782	3724800	78.9	-6.30	6	5	_c1	
REP1942d	NZ_CP064065.1	3732790	3732803	78.6	-8.90	5	4		
REP794b	NZ_CP064065.1	3733468	3733487	75.0	-8.40	7	4	_c1	
REP794c	NZ_CP064065.1	3733594	3733612	73.7	-11.60	7	5		
REP1940	NZ_CP064065.1	3738299	3738331	87.9	-34.20	14	5		
REP1939	NZ_CP064065.1	3740913	3740951	84.6	-34.10	15	9		
REP1938d	NZ_CP064065.1	3745587	3745597	72.7	-0.80	3	5		
REP1938c	NZ_CP064065.1	3745893	3745907	80.0	-6.60	5	5		
REP795a	NZ_CP064065.1	3746156	3746191	83.3	-30.30	14	4	_c2	
REP795c	NZ_CP064065.1	3746403	3746422	80.0	-10.20	6	8		
REP796a	NZ_CP064065.1	3748879	3748904	76.9	-24.50	11	4		
REP796b	NZ_CP064065.1	3749005	3749020	81.2	-10.40	6	4		
REP796c	NZ_CP064065.1	3749059	3749070	75.0	-3.70	4	4		
REP797a	NZ_CP064065.1	3751535	3751575	75.6	-28.20	16	3	_c1_c2	
REP1937d	NZ_CP064065.1	3752068	3752083	87.5	-9.80	6	4		
REP1937c	NZ_CP064065.1	3752352	3752365	71.4	-6.00	5	4		
REP1937b	NZ_CP064065.1	3752890	3752916	77.8	-13.50	9	7	_c1	
REP1937a	NZ_CP064065.1	3753069	3753087	78.9	-8.80	6	3	_c1	
REP798a	NZ_CP064065.1	3753083	3753095	92.3	-5.10	4	5		
REP798b	NZ_CP064065.1	3753219	3753249	67.7	-15.40	12	3	_c2	
REP798c	NZ_CP064065.1	3753351	3753364	71.4	-4.70	4	6		
REP798d	NZ_CP064065.1	3753361	3753375	80.0	-7.20	5	5		
REP799a	NZ_CP064065.1	3755208	3755222	86.7	-8.60	6	3		
REP1935d	NZ_CP064065.1	3755285	3755297	83.3	-4.70	4	3		
REP799b	NZ_CP064065.1	3755292	3755311	75.0	-12.30	8	4		
REP799c	NZ_CP064065.1	3755544	3755575	78.1	-17.70	10	4	_c4	
REP1935a	NZ_CP064065.1	3755644	3755668	60.0	-19.10	10	5		
REP1934d	NZ_CP064065.1	3762374	3762389	75.0	-7.70	5	6		
REP1934c	NZ_CP064065.1	3762407	3762432	76.9	-0.20	4	12	_c1	
REP800c	NZ_CP064065.1	3762908	3762918	45.5	-1.20	3	5		
REP800d	NZ_CP064065.1	3762949	3762966	55.6	-4.10	6	4	_c1	
REP1933	NZ_CP064065.1	3764023	3764043	47.6	-8.60	6	7		
REP1932d	NZ_CP064065.1	3765220	3765233	85.7	-4.80	4	6		
REP1932a	NZ_CP064065.1	3765300	3765317	88.9	-11.70	6	6		
REP801a	NZ_CP064065.1	3765625	3765636	91.7	-5.30	4	4		
REP801b	NZ_CP064065.1	3765690	3765713	70.8	-14.10	8	8		
REP1931d	NZ_CP064065.1	3767287	3767316	70.0	-14.90	10	4	_c3	
REP1931c	NZ_CP064065.1	3767331	3767347	70.6	-7.30	6	5		
REP802a	NZ_CP064065.1	3767921	3767937	94.1	-7.00	5	7		
REP802c	NZ_CP064065.1	3767952	3767990	84.6	-27.50	14	7	_c1_c1	
REP802d	NZ_CP064065.1	3768066	3768080	100.0	-10.10	6	3		
REP1930b	NZ_CP064065.1	3770759	3770796	50.0	-29.90	17	4		
REP1930a	NZ_CP064065.1	3770825	3770838	85.7	-6.90	5	4		
REP1929a	NZ_CP064065.1	3774305	3774325	66.7	-5.90	7	5	_c1	
REP803a	NZ_CP064065.1	3774481	3774495	93.3	-7.40	5	5		
REP803b	NZ_CP064065.1	3774631	3774653	82.6	-11.00	8	5	_c1	
REP803c	NZ_CP064065.1	3774716	3774729	92.9	-8.10	5	4		
REP1928d	NZ_CP064065.1	3778549	3778561	92.3	-5.30	4	5		
REP1928c	NZ_CP064065.1	3778579	3778594	87.5	-9.80	6	4		
REP1928b	NZ_CP064065.1	3778736	3778750	80.0	-3.60	4	7		
REP1928a	NZ_CP064065.1	3778789	3778817	72.4	-9.90	5	4		
REP804a	NZ_CP064065.1	3779324	3779337	78.6	-6.80	5	4		
REP804b	NZ_CP064065.1	3779375	3779388	85.7	-8.70	5	4		
REP804c	NZ_CP064065.1	3779450	3779478	62.1	-15.20	10	9		
REP804d	NZ_CP064065.1	3779585	3779601	76.5	-4.80	5	7		
REP805	NZ_CP064065.1	3780843	3780866	79.2	-15.00	8	8		
REP1927d	NZ_CP064065.1	3781939	3781953	73.3	-2.10	3	6		
REP1927c	NZ_CP064065.1	3782033	3782044	83.3	-1.30	3	3		
REP1927a	NZ_CP064065.1	3782240	3782253	85.7	-5.30	5	4		
REP806b	NZ_CP064065.1	3782542	3782555	78.6	-7.90	5	4		
REP806c	NZ_CP064065.1	3782586	3782602	82.4	-3.60	4	9		
REP806d	NZ_CP064065.1	3782597	3782611	93.3	-3.80	4	7		
REP1926d	NZ_CP064065.1	3784326	3784342	82.4	-11.90	6	5		
REP1926c	NZ_CP064065.1	3784503	3784519	88.2	-10.30	6	5		
REP1926a	NZ_CP064065.1	3784527	3784549	73.9	-14.10	9	5		
REP807a	NZ_CP064065.1	3784802	3784812	100.0	-2.70	3	5		
REP807c	NZ_CP064065.1	3784939	3784954	81.2	-4.80	5	4	_c1	
REP808	NZ_CP064065.1	3787051	3787065	73.3	-7.20	5	5		
REP1925d	NZ_CP064065.1	3788345	3788372	85.7	-19.10	9	6		
REP1925c	NZ_CP064065.1	3788579	3788591	69.2	-3.90	4	5		
REP1925b	NZ_CP064065.1	3788611	3788646	66.7	-12.90	9	6	_c5	
REP809b	NZ_CP064065.1	3788762	3788776	73.3	-6.80	6	3		
REP809c	NZ_CP064065.1	3788933	3788962	83.3	-21.30	11	4	_c1_c1	
REP1924	NZ_CP064065.1	3796024	3796068	80.0	-30.50	17	3	_c1_c1_c2	
REP810	NZ_CP064065.1	3807236	3807285	76.0	-24.90	15	10	_c1_c4	
REP1923c	NZ_CP064065.1	3808300	3808317	94.4	-6.90	6	4	_c1	
REP1923b	NZ_CP064065.1	3808450	3808465	81.2	-8.70	6	4		
REP1923a	NZ_CP064065.1	3808529	3808543	80.0	-4.30	4	7		
REP811a	NZ_CP064065.1	3808658	3808676	78.9	-10.50	7	5		
REP811b	NZ_CP064065.1	3808713	3808728	93.8	-10.80	6	4		
REP811d	NZ_CP064065.1	3808893	3808910	77.8	-9.30	6	6		
REP1922c	NZ_CP064065.1	3813384	3813407	83.3	-17.00	9	4	_c1	
REP1922a	NZ_CP064065.1	3813617	3813640	70.8	-13.40	9	4	_c1	
REP812a	NZ_CP064065.1	3814227	3814254	82.1	-13.10	9	6	_c1_c1	
REP812c	NZ_CP064065.1	3814455	3814478	45.8	-4.10	7	10		
REP813	NZ_CP064065.1	3815957	3815990	61.8	-27.90	15	4		
REP1921d	NZ_CP064065.1	3816504	3816515	75.0	-3.20	4	4		
REP1921c	NZ_CP064065.1	3816545	3816556	83.3	-4.80	4	4		
REP1921b	NZ_CP064065.1	3816630	3816644	86.7	-8.80	5	5		
REP1921a	NZ_CP064065.1	3817006	3817025	70.0	-1.40	4	12		
REP814c	NZ_CP064065.1	3817433	3817451	68.4	-8.00	6	7		
REP1920c	NZ_CP064065.1	3820815	3820836	63.6	-6.40	6	10		
REP1920b	NZ_CP064065.1	3820831	3820850	70.0	-8.30	7	6		
REP1919	NZ_CP064065.1	3821612	3821645	73.5	-19.50	13	4	_c1_c1	
REP815a	NZ_CP064065.1	3826550	3826575	84.6	-25.00	11	4		
REP815b	NZ_CP064065.1	3826639	3826649	54.5	-0.30	3	3		
REP815c	NZ_CP064065.1	3826720	3826731	50.0	-1.90	4	4		
REP816	NZ_CP064065.1	3830126	3830141	68.8	-6.90	5	4		
REP817b	NZ_CP064065.1	3833087	3833114	89.3	-17.70	10	6	_c1	
REP817c	NZ_CP064065.1	3833111	3833130	75.0	-12.90	7	6		
REP818a	NZ_CP064065.1	3835408	3835428	71.4	-10.50	7	7		
REP818b	NZ_CP064065.1	3835448	3835459	66.7	-3.00	4	4		
REP821b	NZ_CP064065.1	3846032	3846055	66.7	-9.90	7	10		
REP1918b	NZ_CP064065.1	3846122	3846138	58.8	-7.70	7	3		
REP1918a	NZ_CP064065.1	3846192	3846224	66.7	-29.90	15	3		
REP1917	NZ_CP064065.1	3847298	3847330	39.4	-15.10	13	5	_c1	
REP822	NZ_CP064065.1	3852164	3852197	79.4	-29.70	13	8		
REP1916d	NZ_CP064065.1	3853000	3853025	69.2	-11.90	8	10		
REP1916c	NZ_CP064065.1	3853168	3853190	56.5	-12.10	8	7		
REP1916b	NZ_CP064065.1	3853222	3853237	87.5	-7.40	5	6		
REP823a	NZ_CP064065.1	3853324	3853336	61.5	-4.40	4	5		
REP823b	NZ_CP064065.1	3853353	3853373	66.7	-13.50	9	3		
REP823c	NZ_CP064065.1	3853429	3853450	81.8	-9.90	7	6	_c1	
REP823d	NZ_CP064065.1	3853483	3853494	91.7	-6.30	4	4		
REP1915d	NZ_CP064065.1	3854693	3854712	75.0	-14.30	8	4		
REP1915b	NZ_CP064065.1	3854864	3854876	76.9	-5.20	5	3		
REP824d	NZ_CP064065.1	3855189	3855207	57.9	-9.70	7	5		
REP1914d	NZ_CP064065.1	3856591	3856605	86.7	-8.80	6	3		
REP1914c	NZ_CP064065.1	3856609	3856621	84.6	-4.90	4	5		
REP1914a	NZ_CP064065.1	3857098	3857113	87.5	-8.60	5	6		
REP825a	NZ_CP064065.1	3857384	3857405	68.2	-8.70	8	4	_c1	
REP825c	NZ_CP064065.1	3857594	3857605	66.7	-1.60	4	4		
REP1913a	NZ_CP064065.1	3859475	3859503	79.3	-20.80	11	5	_c1	
REP826a	NZ_CP064065.1	3859608	3859641	84.8	-19.30	11	4	_c2_c1	
REP826b	NZ_CP064065.1	3859638	3859651	78.6	-6.10	5	4		
REP826c	NZ_CP064065.1	3859694	3859711	77.8	-12.20	7	4		
REP1912d	NZ_CP064065.1	3861669	3861686	94.4	-11.00	6	6		
REP1912b	NZ_CP064065.1	3861789	3861810	77.3	-14.10	7	8		
REP1912a	NZ_CP064065.1	3861878	3861893	75.0	-7.00	5	6		
REP827b	NZ_CP064065.1	3862271	3862286	80.0	-7.30	5	4		
REP1911a	NZ_CP064065.1	3864214	3864240	88.9	-18.00	9	9		
REP828a	NZ_CP064065.1	3864501	3864519	63.2	-6.50	6	5	_c1	
REP828b	NZ_CP064065.1	3864524	3864537	71.4	-5.70	4	6		
REP828c	NZ_CP064065.1	3864737	3864748	91.7	-4.90	4	4		
REP828d	NZ_CP064065.1	3865136	3865149	71.4	0.10	4	4	_c1	
REP1910	NZ_CP064065.1	3872641	3872665	76.0	-17.60	11	3		
REP1909d	NZ_CP064065.1	3874366	3874384	68.4	-9.80	7	5		
REP1909c	NZ_CP064065.1	3874605	3874616	58.3	0.50	3	6		
REP1909b	NZ_CP064065.1	3874725	3874745	61.9	-8.20	7	7		
REP829d	NZ_CP064065.1	3875795	3875809	66.7	-5.90	5	5		
REP1908b	NZ_CP064065.1	3875985	3875996	83.3	-3.30	4	4		
REP830b	NZ_CP064065.1	3879702	3879716	86.7	-4.20	5	5		
REP830c	NZ_CP064065.1	3879864	3879881	44.4	-7.80	7	4		
REP831a	NZ_CP064065.1	3885999	3886038	80.0	-45.00	18	4		
REP831b	NZ_CP064065.1	3886034	3886060	70.4	-14.20	8	11		
REP1907d	NZ_CP064065.1	3887492	3887505	85.7	-8.20	5	4		
REP1907c	NZ_CP064065.1	3887575	3887586	50.0	-3.50	4	4		
REP1907b	NZ_CP064065.1	3887592	3887626	80.0	-24.10	12	7	_c2	
REP1907a	NZ_CP064065.1	3887929	3887947	89.5	-13.70	7	5		
REP832c	NZ_CP064065.1	3888083	3888112	80.0	-18.40	10	8	_c1	
REP1906d	NZ_CP064065.1	3889887	3889899	100.0	-6.00	4	5		
REP1906a	NZ_CP064065.1	3890083	3890095	92.3	-5.30	4	5		
REP833a	NZ_CP064065.1	3890237	3890255	94.4	-8.90	5	7		
REP833b	NZ_CP064065.1	3890372	3890396	76.0	-12.20	9	5	_c1	
REP833c	NZ_CP064065.1	3890546	3890565	65.0	-9.80	7	6		
REP1904b	NZ_CP064065.1	3891683	3891696	100.0	-9.70	5	4		
REP834c	NZ_CP064065.1	3891737	3891751	86.7	-7.60	6	3		
REP834d	NZ_CP064065.1	3891737	3891773	81.1	-27.90	14	7	_c1	
REP1903	NZ_CP064065.1	3892288	3892300	76.9	-3.10	4	5		
REP1902	NZ_CP064065.1	3896378	3896391	85.7	-8.90	5	4		
REP1901b	NZ_CP064065.1	3902440	3902453	100.0	-6.40	4	4		
REP1901a	NZ_CP064065.1	3902472	3902499	82.1	-15.00	9	8	_c1	
REP1899b	NZ_CP064065.1	3906098	3906114	52.9	-7.60	7	3		
REP1898	NZ_CP064065.1	3907325	3907368	61.4	-35.50	19	4	_c1	
REP1897d	NZ_CP064065.1	3916116	3916135	85.0	-9.70	7	4	_c1	
REP1897b	NZ_CP064065.1	3916412	3916433	81.8	-13.80	8	4	_c1	
REP1897a	NZ_CP064065.1	3916745	3916767	65.2	-12.10	9	3	_c1	
REP835a	NZ_CP064065.1	3917002	3917027	84.6	-16.30	9	6	_c1	
REP1896d	NZ_CP064065.1	3920667	3920678	75.0	-4.00	4	4		
REP1896b	NZ_CP064065.1	3921088	3921106	78.9	-13.60	8	3		
REP836a	NZ_CP064065.1	3921428	3921439	91.7	-6.40	4	4		
REP836c	NZ_CP064065.1	3921485	3921495	72.7	-1.30	3	5		
REP1895d	NZ_CP064065.1	3925190	3925200	54.5	-1.80	3	5		
REP1895c	NZ_CP064065.1	3925318	3925340	78.3	-11.60	7	9		
REP1895b	NZ_CP064065.1	3925446	3925459	71.4	-5.70	5	4		
REP1895a	NZ_CP064065.1	3925535	3925578	72.7	-31.90	15	14		
REP837	NZ_CP064065.1	3929296	3929326	61.3	-22.70	14	3		
REP1894d	NZ_CP064065.1	3937762	3937773	83.3	-4.60	4	4		
REP1894c	NZ_CP064065.1	3937859	3937876	88.9	-12.80	7	4		
REP1894b	NZ_CP064065.1	3938596	3938611	50.0	-4.10	5	6		
REP1893	NZ_CP064065.1	3940582	3940624	90.7	-43.20	17	9		
REP1892a	NZ_CP064065.1	3941002	3941023	68.2	-10.50	8	6		
REP1891d	NZ_CP064065.1	3941302	3941329	78.6	-14.80	10	4	_c1_c1	
REP1891c	NZ_CP064065.1	3941491	3941507	64.7	-3.30	5	5	_c1	
REP1891b	NZ_CP064065.1	3941593	3941633	73.2	-34.60	18	5		
REP1891a	NZ_CP064065.1	3941697	3941718	68.2	-11.70	8	6		
REP1890b	NZ_CP064065.1	3944595	3944609	86.7	-7.20	5	5		
REP1890a	NZ_CP064065.1	3944670	3944683	78.6	-5.80	5	4		
REP839b	NZ_CP064065.1	3945188	3945247	78.3	-42.00	22	8	_c1_c1_c2	
REP1888d	NZ_CP064065.1	3950314	3950333	70.0	-6.30	7	4	_c1	
REP1888b	NZ_CP064065.1	3950395	3950417	69.6	-3.50	7	5	_c1_c1	
REP841b	NZ_CP064065.1	3950555	3950571	87.5	-4.30	4	3		
REP841c	NZ_CP064065.1	3950690	3950748	83.1	-36.70	20	7	_c1_c1_c2_c2	
REP841d	NZ_CP064065.1	3950713	3950734	72.7	-10.70	7	8		
REP1887c	NZ_CP064065.1	3953442	3953469	85.7	-28.60	12	4		
REP1887a	NZ_CP064065.1	3953594	3953614	81.0	-15.30	8	5		
REP1886d	NZ_CP064065.1	3955038	3955055	94.4	-15.10	7	4		
REP1886c	NZ_CP064065.1	3955167	3955184	61.1	-4.00	6	4	_c1	
REP1886b	NZ_CP064065.1	3955254	3955269	87.5	-5.90	4	4	_c1	
REP842b	NZ_CP064065.1	3955395	3955415	66.7	-11.10	7	7		
REP842c	NZ_CP064065.1	3955687	3955698	91.7	-2.10	3	3		
REP842d	NZ_CP064065.1	3955821	3955842	77.3	-14.10	8	6		
REP1884b	NZ_CP064065.1	3956171	3956186	87.5	-12.00	6	4		
REP1884a	NZ_CP064065.1	3956316	3956331	81.2	-4.60	4	8		
REP1883d	NZ_CP064065.1	3957462	3957473	83.3	-4.00	4	4		
REP1883c	NZ_CP064065.1	3957713	3957734	72.7	-10.50	8	6		
REP1882a	NZ_CP064065.1	3960640	3960660	71.4	-14.00	9	3		
REP844a	NZ_CP064065.1	3960873	3960894	72.7	-16.60	8	4		
REP844c	NZ_CP064065.1	3961667	3961691	52.0	-9.70	8	9		
REP844d	NZ_CP064065.1	3961731	3961744	64.3	-4.50	5	4		
REP1881b	NZ_CP064065.1	3963081	3963104	54.2	-13.90	9	4		
REP1881a	NZ_CP064065.1	3963214	3963229	75.0	-9.80	6	4		
REP845a	NZ_CP064065.1	3965574	3965612	76.9	-37.00	17	5		
REP845b	NZ_CP064065.1	3965670	3965692	78.3	-10.60	7	9		
REP845c	NZ_CP064065.1	3965759	3965782	62.5	-9.40	7	10		
REP845d	NZ_CP064065.1	3965803	3965818	68.8	-5.90	6	4		
REP846b	NZ_CP064065.1	3966871	3966885	86.7	-1.70	2	5		
REP846c	NZ_CP064065.1	3966904	3966918	80.0	-8.60	6	3		
REP846d	NZ_CP064065.1	3967034	3967049	81.2	-10.20	6	4		
REP1880d	NZ_CP064065.1	3968824	3968837	71.4	-7.00	5	4		
REP1880b	NZ_CP064065.1	3968977	3969005	62.1	-10.40	9	9	_c1	
REP847c	NZ_CP064065.1	3969276	3969296	90.5	-13.50	7	7		
REP847d	NZ_CP064065.1	3969327	3969352	76.9	-17.40	11	4		
REP1879b	NZ_CP064065.1	3973509	3973547	76.9	-13.10	10	15	_c2	
REP1879a	NZ_CP064065.1	3973573	3973587	46.7	-3.00	5	3		
REP1878b	NZ_CP064065.1	3975074	3975085	66.7	-3.50	4	4		
REP1878a	NZ_CP064065.1	3975201	3975214	71.4	-6.90	5	4		
REP848b	NZ_CP064065.1	3977544	3977558	93.3	-10.00	6	3		
REP850	NZ_CP064065.1	3979144	3979158	86.7	-4.10	4	7		
REP1877d	NZ_CP064065.1	3979693	3979709	76.5	-8.40	6	5		
REP1877c	NZ_CP064065.1	3979703	3979715	84.6	-5.70	4	5		
REP851b	NZ_CP064065.1	3979722	3979739	72.2	-9.60	7	4		
REP1877a	NZ_CP064065.1	3979913	3979929	70.6	-9.00	7	3		
REP852a	NZ_CP064065.1	3980031	3980042	91.7	-5.60	4	4		
REP852b	NZ_CP064065.1	3980103	3980121	63.2	-10.80	7	5		
REP852c	NZ_CP064065.1	3980296	3980307	83.3	-4.30	4	4		
REP852d	NZ_CP064065.1	3980333	3980358	65.4	-14.50	9	8		
REP853a	NZ_CP064065.1	3984395	3984406	83.3	-2.10	4	4		
REP853c	NZ_CP064065.1	3984718	3984731	57.1	-4.40	5	4		
REP1876b	NZ_CP064065.1	3984750	3984790	56.1	-12.50	13	7	_c1_c3	
REP1876a	NZ_CP064065.1	3984922	3984945	66.7	-12.60	7	10		
REP1875d	NZ_CP064065.1	3985959	3985975	82.4	-4.00	4	9		
REP1875c	NZ_CP064065.1	3986013	3986031	68.4	-6.50	6	5	_c1	
REP854a	NZ_CP064065.1	3986024	3986054	71.0	-13.80	10	5	_c2_c1	
REP854b	NZ_CP064065.1	3986135	3986165	61.3	-20.40	12	5	_c1	
REP1874d	NZ_CP064065.1	3991311	3991333	91.3	-16.70	8	7		
REP1874c	NZ_CP064065.1	3991396	3991415	95.0	-10.80	7	4	_c1	
REP1874b	NZ_CP064065.1	3991820	3991843	95.8	-17.50	8	8		
REP1874a	NZ_CP064065.1	3991849	3991869	81.0	-13.00	8	5		
REP856a	NZ_CP064065.1	3991909	3991933	64.0	-14.30	10	5		
REP856c	NZ_CP064065.1	3992040	3992059	70.0	-13.80	8	4		
REP856d	NZ_CP064065.1	3992225	3992244	80.0	-12.00	7	6		
REP1873	NZ_CP064065.1	3992682	3992707	84.6	-13.80	7	12		
REP1872d	NZ_CP064065.1	3994531	3994547	88.2	-11.40	6	5		
REP1872c	NZ_CP064065.1	3994627	3994638	58.3	-3.40	4	4		
REP1872a	NZ_CP064065.1	3994849	3994891	76.7	-32.80	16	3	_c2_c2	
REP857a	NZ_CP064065.1	3994964	3994975	91.7	-4.40	4	4		
REP857c	NZ_CP064065.1	3995017	3995040	83.3	-15.50	8	8		
REP1871	NZ_CP064065.1	3995333	3995344	66.7	1.70	2	8		
REP858a	NZ_CP064065.1	3996359	3996378	50.0	-8.30	7	6		
REP858b	NZ_CP064065.1	3996367	3996382	43.8	-5.90	5	4		
REP1870c	NZ_CP064065.1	4000661	4000689	82.1	-10.60	8	5	_c1	
REP1870b	NZ_CP064065.1	4000671	4000686	87.5	-8.00	5	6		
REP1870a	NZ_CP064065.1	4000770	4000793	70.8	-15.90	9	6		
REP859a	NZ_CP064065.1	4000979	4001003	80.0	-12.80	9	5	_c1	
REP859b	NZ_CP064065.1	4001026	4001045	85.0	-8.80	6	8		
REP859c	NZ_CP064065.1	4001171	4001190	75.0	-13.70	8	4		
REP859d	NZ_CP064065.1	4001377	4001391	86.7	-8.00	6	3		
REP1869	NZ_CP064065.1	4004581	4004597	70.6	-5.70	5	5	_c1	
REP1868c	NZ_CP064065.1	4006087	4006110	91.7	-15.20	8	8		
REP1868b	NZ_CP064065.1	4006304	4006318	66.7	-5.50	6	3		
REP1868a	NZ_CP064065.1	4006427	4006443	58.8	-3.80	6	5		
REP860a	NZ_CP064065.1	4006585	4006612	78.6	-17.30	10	6	_c1	
REP1867	NZ_CP064065.1	4007371	4007384	71.4	-1.10	3	6		
REP1866d	NZ_CP064065.1	4011087	4011105	89.5	-12.80	8	3		
REP1866c	NZ_CP064065.1	4011158	4011179	77.3	-9.80	8	4	_c1	
REP1866a	NZ_CP064065.1	4011639	4011651	69.2	-3.70	3	5		
REP861b	NZ_CP064065.1	4012005	4012023	100.0	-14.00	7	5		
REP861c	NZ_CP064065.1	4012347	4012368	86.4	-15.70	8	6		
REP861d	NZ_CP064065.1	4012425	4012449	88.0	-12.80	8	7	_c1	
REP1865	NZ_CP064065.1	4012716	4012763	66.7	-46.50	22	4		
REP862	NZ_CP064065.1	4014868	4014878	63.6	-2.20	3	5		
REP1864d	NZ_CP064065.1	4015290	4015303	85.7	-6.00	5	4		
REP1864a	NZ_CP064065.1	4015756	4015779	95.8	-24.50	10	4		
REP863b	NZ_CP064065.1	4015900	4015912	84.6	-4.60	4	5		
REP863c	NZ_CP064065.1	4015904	4015923	80.0	-13.20	8	4		
REP863d	NZ_CP064065.1	4016074	4016095	90.9	-12.80	8	4	_c1	
REP1863c	NZ_CP064065.1	4018269	4018298	70.0	-19.30	11	6	_c1	
REP1862b	NZ_CP064065.1	4019122	4019151	70.0	-13.20	8	14		
REP1862a	NZ_CP064065.1	4019176	4019212	70.3	-35.80	17	3		
REP1861d	NZ_CP064065.1	4022420	4022433	85.7	-5.20	4	6		
REP1861b	NZ_CP064065.1	4022545	4022568	91.7	-12.60	7	10		
REP1861a	NZ_CP064065.1	4022620	4022635	75.0	-11.40	6	4		
REP864a	NZ_CP064065.1	4022717	4022732	68.8	-7.90	5	4		
REP864b	NZ_CP064065.1	4022800	4022820	85.7	-10.50	7	5	_c1	
REP1860d	NZ_CP064065.1	4026723	4026749	88.9	-17.90	9	9		
REP1860c	NZ_CP064065.1	4026755	4026772	77.8	-5.30	6	4	_c1	
REP1860b	NZ_CP064065.1	4026811	4026828	94.4	-14.00	7	4		
REP865c	NZ_CP064065.1	4027032	4027050	73.7	-10.20	7	5		
REP865d	NZ_CP064065.1	4027120	4027132	92.3	-4.10	4	5		
REP1859	NZ_CP064065.1	4029339	4029362	75.0	-14.70	9	6		
REP1858d	NZ_CP064065.1	4029959	4029971	69.2	-1.40	4	5		
REP1858c	NZ_CP064065.1	4030069	4030089	76.2	-15.00	8	5		
REP866b	NZ_CP064065.1	4030264	4030307	68.2	-34.00	18	4	_c2	
REP1857	NZ_CP064065.1	4033315	4033330	75.0	-9.90	6	4		
REP867a	NZ_CP064065.1	4036655	4036685	73.3	-16.70	11	5	_c1	
REP1856d	NZ_CP064065.1	4037038	4037060	91.3	-15.80	8	7		
REP1856c	NZ_CP064065.1	4037086	4037098	76.9	-5.00	4	5		
REP1856b	NZ_CP064065.1	4037134	4037147	85.7	-8.50	5	4		
REP1856a	NZ_CP064065.1	4037376	4037396	66.7	-4.80	6	9		
REP868a	NZ_CP064065.1	4037471	4037482	83.3	-4.60	4	4		
REP868b	NZ_CP064065.1	4037521	4037546	80.8	-13.70	10	4	_c1	
REP870	NZ_CP064065.1	4045663	4045692	83.3	-31.90	13	4		
REP1855d	NZ_CP064065.1	4048774	4048805	87.1	-17.50	11	4	_c1_c1	
REP1855c	NZ_CP064065.1	4048817	4048831	86.7	-7.60	5	5		
REP1855b	NZ_CP064065.1	4048886	4048933	79.2	-30.50	17	6	_c1_c3	
REP871b	NZ_CP064065.1	4049413	4049425	69.2	-4.60	4	5		
REP871c	NZ_CP064065.1	4049560	4049583	95.8	-22.70	10	4		
REP871d	NZ_CP064065.1	4049565	4049596	93.8	-30.00	13	4	_c1	
REP1853b	NZ_CP064065.1	4053023	4053034	81.8	-2.40	3	4		
REP1853a	NZ_CP064065.1	4053115	4053135	90.5	-16.20	8	5		
REP872b	NZ_CP064065.1	4053270	4053295	84.6	-19.80	11	4		
REP1852d	NZ_CP064065.1	4056115	4056128	78.6	-1.30	4	4	_c1	
REP1852c	NZ_CP064065.1	4056327	4056346	85.0	-13.10	7	6		
REP1852b	NZ_CP064065.1	4056495	4056507	61.5	-4.50	5	3		
REP873b	NZ_CP064065.1	4056965	4056992	64.3	-11.00	8	12		
REP1851c	NZ_CP064065.1	4057174	4057204	77.4	-12.00	8	4	_c4	
REP1851a	NZ_CP064065.1	4057218	4057236	73.7	-8.50	6	7		
REP1849d	NZ_CP064065.1	4061707	4061733	66.7	-14.10	8	11		
REP1849c	NZ_CP064065.1	4061727	4061749	82.6	-13.80	9	3	_c1	
REP1849b	NZ_CP064065.1	4061778	4061791	78.6	-3.00	3	4		
REP1849a	NZ_CP064065.1	4061801	4061816	81.2	-6.90	5	6		
REP876	NZ_CP064065.1	4065340	4065361	90.9	-14.80	8	4	_c1	
REP1848d	NZ_CP064065.1	4068179	4068194	68.8	-10.20	6	4		
REP1848b	NZ_CP064065.1	4068531	4068545	60.0	-7.70	5	5		
REP877c	NZ_CP064065.1	4069115	4069128	85.7	-8.00	5	4		
REP877d	NZ_CP064065.1	4069242	4069253	66.7	-3.70	4	4		
REP1847b	NZ_CP064065.1	4071207	4071234	60.7	-10.10	7	14		
REP1847a	NZ_CP064065.1	4071335	4071348	78.6	-5.20	4	6		
REP1846d	NZ_CP064065.1	4073331	4073353	95.7	-11.90	8	5	_c1	
REP1846b	NZ_CP064065.1	4073466	4073484	68.4	-9.80	7	5		
REP878b	NZ_CP064065.1	4073889	4073925	51.4	-20.80	14	7	_c1	
REP878c	NZ_CP064065.1	4073908	4073927	50.0	-11.70	8	4		
REP1845b	NZ_CP064065.1	4076205	4076217	69.2	-3.30	4	5		
REP879a	NZ_CP064065.1	4076363	4076375	76.9	-4.60	5	3		
REP879b	NZ_CP064065.1	4076431	4076450	85.0	-15.30	8	4		
REP879c	NZ_CP064065.1	4076518	4076547	66.7	-10.10	11	4	_c1_c1	
REP879d	NZ_CP064065.1	4076556	4076569	64.3	-6.50	5	4		
REP880a	NZ_CP064065.1	4079797	4079816	95.0	-11.80	7	4	_c1	
REP1844d	NZ_CP064065.1	4080794	4080805	58.3	-3.50	4	4		
REP1844c	NZ_CP064065.1	4081272	4081282	81.8	-2.50	4	3		
REP1844b	NZ_CP064065.1	4081441	4081466	57.7	-5.40	4	8		
REP1844a	NZ_CP064065.1	4081591	4081606	62.5	-8.40	6	4		
REP881b	NZ_CP064065.1	4082136	4082155	75.0	-6.80	7	4	_c1	
REP882a	NZ_CP064065.1	4083969	4083984	68.8	-7.60	6	4		
REP1842d	NZ_CP064065.1	4086319	4086338	75.0	-9.10	7	4	_c1	
REP1842c	NZ_CP064065.1	4086358	4086385	71.4	-11.80	8	6	_c3	
REP1842b	NZ_CP064065.1	4086422	4086439	77.8	-7.00	5	8		
REP883b	NZ_CP064065.1	4086532	4086555	75.0	-9.00	7	8	_c1	
REP883c	NZ_CP064065.1	4086732	4086745	78.6	-5.30	5	4		
REP883d	NZ_CP064065.1	4086769	4086782	64.3	-3.10	4	6		
REP884	NZ_CP064065.1	4090168	4090197	56.7	-21.90	13	4		
REP885a	NZ_CP064065.1	4090664	4090684	90.5	-17.10	9	3		
REP1841d	NZ_CP064065.1	4090684	4090697	42.9	-4.50	5	4		
REP885c	NZ_CP064065.1	4090772	4090783	91.7	-3.00	4	4		
REP885d	NZ_CP064065.1	4090836	4090847	83.3	-5.50	4	4		
REP1840b	NZ_CP064065.1	4094148	4094160	46.2	-1.90	3	5		
REP886a	NZ_CP064065.1	4096545	4096570	76.9	-20.00	10	6		
REP886b	NZ_CP064065.1	4096593	4096613	81.0	-16.00	9	3		
REP887	NZ_CP064065.1	4098309	4098322	92.9	-6.60	5	4		
REP888a	NZ_CP064065.1	4102176	4102211	83.3	-34.60	15	6		
REP1839a	NZ_CP064065.1	4102357	4102372	43.8	-1.80	4	8		
REP1838d	NZ_CP064065.1	4105446	4105465	75.0	-3.90	4	12		
REP1838c	NZ_CP064065.1	4105531	4105559	79.3	-17.60	9	11		
REP1838a	NZ_CP064065.1	4105631	4105677	55.3	-30.60	19	7	_c1	
REP889c	NZ_CP064065.1	4105799	4105814	75.0	-5.50	5	4	_c1	
REP1837c	NZ_CP064065.1	4108549	4108560	91.7	-4.60	4	4		
REP1837a	NZ_CP064065.1	4108853	4108903	56.9	-28.70	19	7	_c3	
REP890b	NZ_CP064065.1	4109116	4109131	75.0	-7.60	6	4		
REP891	NZ_CP064065.1	4111417	4111436	90.0	-13.80	7	6		
REP1836d	NZ_CP064065.1	4111925	4111951	69.2	-7.00	9	3	_c1_c1	
REP1836c	NZ_CP064065.1	4111945	4111957	92.3	-5.80	5	3		
REP1836b	NZ_CP064065.1	4112071	4112086	68.8	-2.80	4	8		
REP892d	NZ_CP064065.1	4112522	4112542	52.4	-9.60	8	5		
REP1835c	NZ_CP064065.1	4116087	4116101	73.3	-5.20	5	5		
REP1835b	NZ_CP064065.1	4116249	4116269	61.9	-10.40	7	5	_c1	
REP893a	NZ_CP064065.1	4116324	4116350	63.0	-18.90	12	3		
REP893c	NZ_CP064065.1	4116856	4116877	86.4	-14.10	7	8		
REP1834b	NZ_CP064065.1	4117556	4117588	72.7	-11.40	8	7	_c4	
REP1834a	NZ_CP064065.1	4117627	4117637	72.7	-2.90	3	5		
REP1832d	NZ_CP064065.1	4123042	4123060	89.5	-9.70	6	5	_c1	
REP1832c	NZ_CP064065.1	4123072	4123085	92.9	-6.90	5	4		
REP1832a	NZ_CP064065.1	4123166	4123188	73.9	-12.50	8	7		
REP894a	NZ_CP064065.1	4123216	4123234	78.9	-8.50	6	7		
REP894b	NZ_CP064065.1	4123250	4123276	81.5	-9.90	8	5	_c3	
REP894d	NZ_CP064065.1	4123321	4123372	86.3	-33.70	19	6	_c1_c1_c1	
REP895	NZ_CP064065.1	4124539	4124582	72.7	-37.30	19	4	_c1	
REP896	NZ_CP064065.1	4129197	4129234	100.0	-46.90	17	4		
REP897	NZ_CP064065.1	4132465	4132508	79.5	-40.40	18	4	_c1_c1	
REP899	NZ_CP064065.1	4137435	4137447	61.5	-2.40	4	5		
REP1831d	NZ_CP064065.1	4145238	4145270	62.5	-9.70	9	9	_c2	
REP1831c	NZ_CP064065.1	4145405	4145421	88.2	-7.80	6	5		
REP900b	NZ_CP064065.1	4146114	4146143	86.7	-12.30	9	8	_c1_c1	
REP900d	NZ_CP064065.1	4146374	4146393	70.0	-8.10	7	4	_c1	
REP1830	NZ_CP064065.1	4147134	4147184	49.0	-28.60	19	7	_c3	
REP1829b	NZ_CP064065.1	4147687	4147707	95.2	-13.20	7	7		
REP1828d	NZ_CP064065.1	4158359	4158381	73.9	-8.80	6	11		
REP1828b	NZ_CP064065.1	4158778	4158793	87.5	-5.10	5	4	_c1	
REP902b	NZ_CP064065.1	4159015	4159029	60.0	-4.40	5	5		
REP902d	NZ_CP064065.1	4159273	4159285	61.5	-3.70	4	5		
REP1827d	NZ_CP064065.1	4163586	4163606	76.2	-8.50	6	4		
REP1827b	NZ_CP064065.1	4163729	4163741	76.9	-4.30	5	3		
REP903a	NZ_CP064065.1	4163805	4163821	58.8	-5.90	5	7		
REP903b	NZ_CP064065.1	4164001	4164013	53.8	-1.30	4	5		
REP903c	NZ_CP064065.1	4164045	4164063	63.2	-8.50	6	7		
REP1826a	NZ_CP064065.1	4166812	4166837	73.1	-16.00	9	6	_c1	
REP904a	NZ_CP064065.1	4167083	4167102	75.0	-8.20	7	4	_c1	
REP904b	NZ_CP064065.1	4167234	4167267	70.6	-19.20	12	6	_c1_c1	
REP904d	NZ_CP064065.1	4167647	4167670	79.2	-16.30	9	6		
REP1825d	NZ_CP064065.1	4168907	4168941	74.3	-16.90	12	5	_c2_c1	
REP1825b	NZ_CP064065.1	4169442	4169457	81.2	-6.30	5	6		
REP1825a	NZ_CP064065.1	4169592	4169603	75.0	-3.70	3	4		
REP905a	NZ_CP064065.1	4169866	4169876	81.8	-0.90	3	5		
REP905d	NZ_CP064065.1	4170101	4170118	77.8	-4.10	6	4	_c1	
REP1824d	NZ_CP064065.1	4175218	4175231	85.7	-2.00	3	3		
REP1824b	NZ_CP064065.1	4175316	4175327	100.0	-6.40	4	4		
REP1824a	NZ_CP064065.1	4175317	4175346	83.3	-17.30	9	9		
REP906b	NZ_CP064065.1	4175847	4175875	72.4	-14.70	11	5	_c1	
REP906c	NZ_CP064065.1	4175985	4176028	81.8	-28.50	15	4	_c1_c4	
REP906d	NZ_CP064065.1	4176164	4176180	81.2	-9.00	6	3		
REP1823b	NZ_CP064065.1	4176593	4176608	80.0	-9.20	5	4		
REP1823a	NZ_CP064065.1	4176617	4176667	58.8	-38.50	23	3	_c1	
REP908a	NZ_CP064065.1	4182865	4182885	76.2	-10.90	8	3	_c1	
REP908b	NZ_CP064065.1	4182909	4182921	92.3	-6.80	5	3		
REP1822a	NZ_CP064065.1	4182915	4182949	85.7	-31.50	14	5	_c1	
REP908d	NZ_CP064065.1	4183162	4183178	88.2	-12.40	7	3		
REP909a	NZ_CP064065.1	4184658	4184694	70.3	-30.10	15	7		
REP909c	NZ_CP064065.1	4184721	4184733	92.3	-4.90	4	5		
REP1821d	NZ_CP064065.1	4186336	4186350	93.3	-9.10	6	3		
REP1821c	NZ_CP064065.1	4186439	4186455	70.6	-9.50	7	3		
REP1821b	NZ_CP064065.1	4186462	4186482	90.5	-17.90	9	3		
REP1821a	NZ_CP064065.1	4186852	4186873	86.4	-11.60	7	8		
REP911a	NZ_CP064065.1	4187287	4187301	86.7	-8.00	5	5		
REP912a	NZ_CP064065.1	4191017	4191034	66.7	-11.10	7	4		
REP912b	NZ_CP064065.1	4191187	4191202	56.2	-7.30	5	6		
REP1819b	NZ_CP064065.1	4191194	4191205	58.3	-0.40	4	4		
REP912c	NZ_CP064065.1	4191218	4191249	62.5	-27.40	13	6		
REP1818d	NZ_CP064065.1	4201529	4201548	80.0	-12.00	7	6		
REP1818c	NZ_CP064065.1	4201583	4201601	73.7	-11.60	7	5		
REP1818b	NZ_CP064065.1	4202007	4202018	83.3	-0.60	2	4		
REP1818a	NZ_CP064065.1	4202252	4202275	87.5	-21.50	10	4		
REP913c	NZ_CP064065.1	4202484	4202495	83.3	-4.90	4	4		
REP913d	NZ_CP064065.1	4202847	4202864	77.8	-9.80	7	4		
REP1817a	NZ_CP064065.1	4204062	4204073	83.3	-1.40	3	6		
REP914d	NZ_CP064065.1	4204632	4204647	81.2	-9.10	6	4		
REP1816d	NZ_CP064065.1	4207555	4207580	69.2	-8.50	8	8	_c1	
REP1816b	NZ_CP064065.1	4207811	4207846	69.4	-35.70	16	4		
REP915b	NZ_CP064065.1	4207847	4207859	46.2	-1.20	3	5		
REP915c	NZ_CP064065.1	4207874	4207887	85.7	-5.10	4	6		
REP916	NZ_CP064065.1	4210744	4210760	100.0	-12.40	7	3		
REP917	NZ_CP064065.1	4214334	4214363	63.3	-16.20	12	6		
REP1815d	NZ_CP064065.1	4217573	4217583	63.6	-1.80	4	3		
REP1815c	NZ_CP064065.1	4217746	4217757	91.7	-2.60	3	6		
REP918a	NZ_CP064065.1	4218546	4218556	72.7	0.10	3	3		
REP918b	NZ_CP064065.1	4218696	4218707	72.7	-1.60	3	4		
REP918c	NZ_CP064065.1	4218761	4218772	100.0	-5.80	4	4		
REP918d	NZ_CP064065.1	4218792	4218803	75.0	-5.40	4	4		
REP1814d	NZ_CP064065.1	4233039	4233052	78.6	-0.90	3	7		
REP1814a	NZ_CP064065.1	4233131	4233153	73.9	-12.40	9	3	_c1	
REP1812c	NZ_CP064065.1	4240070	4240085	75.0	-2.80	4	8		
REP1812a	NZ_CP064065.1	4240359	4240379	81.0	-12.10	7	7		
REP919b	NZ_CP064065.1	4240624	4240643	65.0	-11.20	7	6		
REP919c	NZ_CP064065.1	4240723	4240745	82.6	-14.70	8	7		
REP919d	NZ_CP064065.1	4240791	4240810	95.0	-16.40	8	4		
REP1811c	NZ_CP064065.1	4242073	4242114	81.0	-36.00	18	4	_c1	
REP1811a	NZ_CP064065.1	4242095	4242115	85.7	-12.70	7	7		
REP920d	NZ_CP064065.1	4242485	4242507	65.2	-13.70	10	3		
REP1810d	NZ_CP064065.1	4244834	4244849	81.2	-11.20	6	4		
REP1810c	NZ_CP064065.1	4244935	4244951	100.0	-12.40	7	3		
REP921a	NZ_CP064065.1	4245537	4245548	50.0	-1.80	4	4		
REP921c	NZ_CP064065.1	4245683	4245698	75.0	-5.50	5	6		
REP921d	NZ_CP064065.1	4245810	4245830	61.9	-8.30	8	5		
REP922a	NZ_CP064065.1	4248018	4248044	74.1	-12.60	10	5	_c1	
REP1809d	NZ_CP064065.1	4250584	4250604	57.1	-6.70	7	7		
REP923a	NZ_CP064065.1	4250732	4250747	75.0	-9.00	6	4		
REP923b	NZ_CP064065.1	4250734	4250761	75.0	-13.60	9	8	_c1	
REP1809a	NZ_CP064065.1	4250758	4250772	80.0	-7.00	6	3		
REP923d	NZ_CP064065.1	4250794	4250805	91.7	-4.90	4	4		
REP1808	NZ_CP064065.1	4251557	4251590	85.3	-30.60	14	4	_c1	
REP924b	NZ_CP064065.1	4258126	4258140	86.7	-8.00	5	5		
REP924d	NZ_CP064065.1	4258375	4258396	77.3	-10.80	8	4	_c1	
REP1805b	NZ_CP064065.1	4260727	4260743	82.4	-9.40	7	3		
REP1805a	NZ_CP064065.1	4260815	4260826	75.0	-3.30	4	4		
REP925a	NZ_CP064065.1	4260965	4260979	86.7	-6.90	5	5		
REP925c	NZ_CP064065.1	4261102	4261116	73.3	-5.90	5	5		
REP1804	NZ_CP064065.1	4263885	4263911	70.4	-16.60	10	5	_c1	
REP1803a	NZ_CP064065.1	4265644	4265656	84.6	-4.40	4	5		
REP926a	NZ_CP064065.1	4266030	4266069	62.5	-36.10	18	4		
REP926b	NZ_CP064065.1	4266122	4266138	76.5	-6.60	6	5		
REP1802c	NZ_CP064065.1	4267429	4267440	91.7	-5.30	4	4		
REP927a	NZ_CP064065.1	4267824	4267838	66.7	-4.30	5	5		
REP927c	NZ_CP064065.1	4268077	4268091	73.3	-5.50	5	5		
REP1801d	NZ_CP064065.1	4268417	4268437	76.2	-9.30	7	5	_c1	
REP1801c	NZ_CP064065.1	4268522	4268541	70.0	-9.10	6	8		
REP1801b	NZ_CP064065.1	4268717	4268730	85.7	-2.70	3	5		
REP1801a	NZ_CP064065.1	4268787	4268808	77.3	-10.40	6	8		
REP928b	NZ_CP064065.1	4269001	4269020	60.0	-4.40	6	8		
REP928d	NZ_CP064065.1	4269239	4269253	93.3	-7.90	5	5		
REP1800a	NZ_CP064065.1	4269790	4269813	75.0	-14.90	8	8		
REP929	NZ_CP064065.1	4270820	4270843	79.2	-21.20	9	4		
REP930a	NZ_CP064065.1	4271851	4271873	82.6	-14.60	8	7		
REP930b	NZ_CP064065.1	4271923	4271946	83.3	-11.70	7	10		
REP1799c	NZ_CP064065.1	4272782	4272798	100.0	-10.60	6	5		
REP1799a	NZ_CP064065.1	4272794	4272824	87.1	-18.30	11	5	_c1_c1	
REP932a	NZ_CP064065.1	4273101	4273121	81.0	-10.60	8	5		
REP932c	NZ_CP064065.1	4273250	4273265	62.5	-9.00	6	4		
REP932d	NZ_CP064065.1	4273436	4273461	65.4	-12.20	8	6	_c2	
REP933b	NZ_CP064065.1	4275352	4275364	92.3	-6.70	5	3		
REP933c	NZ_CP064065.1	4275490	4275506	76.5	-4.60	5	5	_c1	
REP933d	NZ_CP064065.1	4275564	4275581	72.2	-8.50	7	4		
REP934a	NZ_CP064065.1	4279007	4279039	66.7	-18.80	12	7	_c1	
REP934b	NZ_CP064065.1	4279327	4279338	66.7	-2.60	4	4		
REP934c	NZ_CP064065.1	4279553	4279565	84.6	-4.90	4	5		
REP935c	NZ_CP064065.1	4281240	4281275	75.0	-12.70	12	4	_c2_c1_c1	
REP935b	NZ_CP064065.1	4281241	4281251	81.8	-2.60	2	4		
REP935d	NZ_CP064065.1	4281271	4281284	85.7	-5.20	4	6		
REP1798d	NZ_CP064065.1	4281575	4281592	83.3	-11.00	7	4		
REP1798b	NZ_CP064065.1	4281719	4281742	75.0	-13.30	7	10		
REP1798a	NZ_CP064065.1	4281887	4281898	90.9	1.10	2	3		
REP1796d	NZ_CP064065.1	4283985	4284020	69.4	-16.90	10	6	_c4	
REP1796c	NZ_CP064065.1	4284035	4284059	76.0	-15.90	9	7		
REP1796a	NZ_CP064065.1	4284178	4284203	84.6	-17.00	10	4	_c1	
REP1795d	NZ_CP064065.1	4285659	4285676	83.3	-10.40	6	6		
REP1795c	NZ_CP064065.1	4285712	4285747	63.9	-14.60	13	4	_c2_c1	
REP1795a	NZ_CP064065.1	4285920	4285936	70.6	-5.40	5	7		
REP936a	NZ_CP064065.1	4286013	4286039	77.8	-18.30	10	7		
REP936b	NZ_CP064065.1	4286092	4286123	68.8	-21.30	13	4	_c1	
REP936c	NZ_CP064065.1	4286300	4286320	70.0	-9.10	6	7		
REP1792a	NZ_CP064065.1	4288831	4288846	81.2	-10.00	6	4		
REP1791c	NZ_CP064065.1	4290085	4290111	51.9	-12.50	9	7		
REP1791a	NZ_CP064065.1	4290561	4290574	71.4	-4.30	5	4		
REP937a	NZ_CP064065.1	4291004	4291019	81.2	-7.60	6	4		
REP937b	NZ_CP064065.1	4291062	4291073	100.0	-4.20	4	4		
REP937c	NZ_CP064065.1	4291185	4291208	83.3	-14.50	9	4	_c1	
REP938	NZ_CP064065.1	4293783	4293800	66.7	-4.00	6	4	_c1	
REP1790d	NZ_CP064065.1	4295843	4295861	52.6	-8.30	7	5		
REP1790a	NZ_CP064065.1	4296030	4296046	82.4	-11.00	7	3		
REP939b	NZ_CP064065.1	4296250	4296280	71.0	-18.40	13	3	_c1	
REP939c	NZ_CP064065.1	4296325	4296341	70.6	-9.00	6	5		
REP939d	NZ_CP064065.1	4296399	4296416	72.2	-10.80	7	4		
REP940a	NZ_CP064065.1	4300230	4300259	83.3	-22.80	11	8		
REP1789d	NZ_CP064065.1	4306950	4306960	81.8	-2.30	3	5		
REP1789c	NZ_CP064065.1	4307266	4307285	75.0	-13.60	8	4		
REP1789a	NZ_CP064065.1	4307440	4307475	77.8	-23.70	12	4	_c4	
REP941d	NZ_CP064065.1	4307472	4307496	84.0	-18.40	9	7		
REP1787c	NZ_CP064065.1	4313881	4313896	68.8	-7.60	6	4		
REP1787a	NZ_CP064065.1	4313963	4313980	77.8	-8.70	6	4	_c1	
REP942a	NZ_CP064065.1	4316444	4316462	94.7	-9.90	6	7		
REP943a	NZ_CP064065.1	4319715	4319778	76.6	-55.50	27	4	_c3	
REP943b	NZ_CP064065.1	4319834	4319853	90.0	-10.20	7	4	_c1	
REP944	NZ_CP064065.1	4326825	4326860	75.0	-37.20	16	4		
REP1785d	NZ_CP064065.1	4327591	4327606	68.8	-8.10	6	4		
REP1785c	NZ_CP064065.1	4327604	4327628	80.0	-13.20	10	3	_c1	
REP1785a	NZ_CP064065.1	4327908	4327951	68.2	-33.80	18	6	_c1	
REP945d	NZ_CP064065.1	4328113	4328128	75.0	-10.40	6	4		
REP1784a	NZ_CP064065.1	4330947	4330979	75.8	-24.50	13	5	_c1	
REP946c	NZ_CP064065.1	4331358	4331373	93.8	-11.30	6	4		
REP946d	NZ_CP064065.1	4331443	4331457	86.7	-9.00	5	5		
REP947a	NZ_CP064065.1	4335197	4335233	91.9	-30.10	14	5	_c1_c1	
REP947b	NZ_CP064065.1	4335265	4335276	75.0	-1.80	3	6		
REP947c	NZ_CP064065.1	4335376	4335403	89.3	-9.80	9	6	_c1_c1	
REP1782d	NZ_CP064065.1	4339464	4339479	68.8	-6.30	5	6		
REP1782b	NZ_CP064065.1	4339668	4339690	78.3	-11.60	9	3	_c1	
REP1782a	NZ_CP064065.1	4339755	4339805	54.9	-35.00	20	7	_c2	
REP948b	NZ_CP064065.1	4339823	4339834	75.0	-5.30	4	4		
REP948c	NZ_CP064065.1	4339909	4339925	70.6	-6.40	6	5		
REP948d	NZ_CP064065.1	4340088	4340103	81.2	-7.00	6	4		
REP949a	NZ_CP064065.1	4344729	4344746	94.4	-16.30	7	4		
REP949b	NZ_CP064065.1	4344754	4344767	85.7	-5.10	4	6		
REP1781c	NZ_CP064065.1	4346878	4346899	86.4	-13.10	7	8		
REP1781b	NZ_CP064065.1	4346975	4346985	72.7	-1.30	3	5		
REP950a	NZ_CP064065.1	4347166	4347181	81.2	-11.10	6	4		
REP950c	NZ_CP064065.1	4347274	4347285	100.0	-5.90	4	4		
REP951	NZ_CP064065.1	4348879	4348900	72.7	-17.90	9	4		
REP1780d	NZ_CP064065.1	4349288	4349302	80.0	-7.00	5	5		
REP1780a	NZ_CP064065.1	4349595	4349625	67.7	-25.80	13	5		
REP952b	NZ_CP064065.1	4349718	4349740	82.6	-17.70	9	5		
REP1779	NZ_CP064065.1	4349800	4349825	80.8	-16.50	10	4	_c1	
REP953b	NZ_CP064065.1	4351226	4351242	76.5	-7.60	6	5		
REP953c	NZ_CP064065.1	4351339	4351352	64.3	-6.50	5	4		
REP954	NZ_CP064065.1	4352888	4352924	62.2	-31.60	16	5		
REP955a	NZ_CP064065.1	4355907	4355930	54.2	-7.50	7	10		
REP955b	NZ_CP064065.1	4355935	4355966	87.5	-33.80	14	4		
REP1778d	NZ_CP064065.1	4360554	4360565	75.0	-3.20	4	4		
REP1778b	NZ_CP064065.1	4361242	4361261	40.0	-9.10	8	4		
REP956a	NZ_CP064065.1	4361275	4361317	60.5	-33.10	18	5	_c1	
REP956c	NZ_CP064065.1	4361748	4361762	86.7	-7.90	6	3		
REP956d	NZ_CP064065.1	4361799	4361813	73.3	-6.60	6	3		
REP1777	NZ_CP064065.1	4364924	4364961	71.1	-31.40	16	6		
REP957	NZ_CP064065.1	4373846	4373860	80.0	-7.60	6	3		
REP1776d	NZ_CP064065.1	4375505	4375531	59.3	-17.70	11	5		
REP1776c	NZ_CP064065.1	4375656	4375689	58.8	-7.20	7	20		
REP1776b	NZ_CP064065.1	4376024	4376040	94.1	-13.30	7	3		
REP1776a	NZ_CP064065.1	4376053	4376091	74.4	-29.80	15	9		
REP958d	NZ_CP064065.1	4376629	4376644	81.2	-10.90	6	4		
REP1775d	NZ_CP064065.1	4379049	4379064	87.5	-11.30	6	4		
REP1775a	NZ_CP064065.1	4379941	4379980	55.0	-32.80	18	4		
REP959b	NZ_CP064065.1	4380403	4380414	66.7	-4.10	4	4		
REP959d	NZ_CP064065.1	4380518	4380530	69.2	-3.50	4	5		
REP1774d	NZ_CP064065.1	4383561	4383576	81.2	-9.80	6	4		
REP1774b	NZ_CP064065.1	4383712	4383728	64.7	-3.90	4	5		
REP960b	NZ_CP064065.1	4384174	4384204	67.7	-11.50	9	11	_c1	
REP960c	NZ_CP064065.1	4384462	4384477	87.5	-3.50	5	4	_c1	
REP960d	NZ_CP064065.1	4384509	4384528	75.0	-12.60	8	4		
REP1773d	NZ_CP064065.1	4388518	4388536	94.7	-7.60	5	9		
REP1773b	NZ_CP064065.1	4388597	4388625	72.4	-11.60	7	15		
REP961a	NZ_CP064065.1	4388641	4388684	63.6	-42.70	20	4		
REP961b	NZ_CP064065.1	4388737	4388753	76.5	-10.90	7	3		
REP961c	NZ_CP064065.1	4388924	4388935	83.3	-2.70	3	6		
REP963a	NZ_CP064065.1	4400327	4400340	57.1	-2.40	5	4		
REP963b	NZ_CP064065.1	4400373	4400393	71.4	-10.00	8	5		
REP964	NZ_CP064065.1	4402654	4402688	74.3	-29.60	13	9		
REP965a	NZ_CP064065.1	4405229	4405242	71.4	-3.60	4	6		
REP965b	NZ_CP064065.1	4405263	4405275	53.8	-3.40	4	5		
REP966a	NZ_CP064065.1	4406901	4406916	68.8	-7.90	6	4		
REP966b	NZ_CP064065.1	4406996	4407014	89.5	-14.30	7	5		
REP966c	NZ_CP064065.1	4406997	4407017	90.5	-16.60	8	5		
REP966d	NZ_CP064065.1	4407127	4407141	66.7	-7.50	5	5		
REP967a	NZ_CP064065.1	4409061	4409086	76.9	-12.60	7	12		
REP1772b	NZ_CP064065.1	4409226	4409259	73.5	-29.50	13	4	_c2	
REP1771d	NZ_CP064065.1	4412891	4412920	73.3	-16.80	11	6	_c1	
REP1771b	NZ_CP064065.1	4413162	4413177	81.2	-2.20	5	4	_c1	
REP1771a	NZ_CP064065.1	4413315	4413339	84.0	-15.60	10	3	_c1	
REP968a	NZ_CP064065.1	4413560	4413573	71.4	-6.50	5	4		
REP1770b	NZ_CP064065.1	4413706	4413726	85.7	-8.70	5	3		
REP1770a	NZ_CP064065.1	4413948	4413994	57.4	-39.00	20	5	_c1	
REP968d	NZ_CP064065.1	4414251	4414273	56.5	-6.30	8	5	_c1	
REP1769a	NZ_CP064065.1	4415577	4415589	69.2	2.60	2	6		
REP1768c	NZ_CP064065.1	4420027	4420039	84.6	-6.70	5	3		
REP1768a	NZ_CP064065.1	4420357	4420378	63.6	-9.80	7	8		
REP969c	NZ_CP064065.1	4420688	4420702	93.3	-8.20	5	5		
REP969d	NZ_CP064065.1	4420792	4420805	64.3	-3.70	5	4		
REP1767a	NZ_CP064065.1	4424043	4424054	83.3	-3.80	4	4		
REP970b	NZ_CP064065.1	4424298	4424309	66.7	-3.40	4	4		
REP970c	NZ_CP064065.1	4424383	4424406	62.5	-14.80	9	6		
REP1766	NZ_CP064065.1	4424874	4424906	69.7	-18.30	13	3	_c1_c1	
REP1765b	NZ_CP064065.1	4429719	4429738	80.0	-15.30	8	4		
REP1765a	NZ_CP064065.1	4429972	4430002	74.2	-15.30	10	9	_c1	
REP971a	NZ_CP064065.1	4430468	4430507	75.0	-30.00	16	4	_c2	
REP971b	NZ_CP064065.1	4430591	4430606	87.5	-5.90	5	4	_c1	
REP971c	NZ_CP064065.1	4430715	4430727	61.5	-1.80	4	5		
REP971d	NZ_CP064065.1	4430981	4430995	80.0	-8.40	4	4		
REP1764	NZ_CP064065.1	4432810	4432825	62.5	-8.80	5	4		
REP972a	NZ_CP064065.1	4437768	4437786	52.6	-7.30	7	5		
REP972b	NZ_CP064065.1	4437772	4437800	58.6	-18.00	11	3	_c1	
REP973	NZ_CP064065.1	4440907	4440943	75.7	-22.40	11	9	_c2_c1	
REP1763c	NZ_CP064065.1	4442644	4442661	55.6	-6.40	7	4		
REP974a	NZ_CP064065.1	4442836	4442855	75.0	-11.70	8	4		
REP974c	NZ_CP064065.1	4442917	4442930	92.9	-6.90	5	4		
REP1762c	NZ_CP064065.1	4443203	4443219	41.2	-6.30	7	3		
REP1762b	NZ_CP064065.1	4443685	4443697	76.9	-2.00	4	5		
REP975b	NZ_CP064065.1	4443889	4443907	89.5	-11.80	7	5		
REP975c	NZ_CP064065.1	4444136	4444163	60.7	-8.50	9	4	_c3	
REP975d	NZ_CP064065.1	4444247	4444264	77.8	-5.30	6	4	_c1	
REP1761d	NZ_CP064065.1	4446617	4446632	68.8	-6.90	6	4		
REP1761b	NZ_CP064065.1	4446684	4446698	80.0	-8.30	5	5		
REP976a	NZ_CP064065.1	4446823	4446834	91.7	-5.80	4	4		
REP976c	NZ_CP064065.1	4446905	4446930	84.6	-15.30	9	4	_c1_c1	
REP976d	NZ_CP064065.1	4446946	4446970	72.0	-13.00	9	5	_c1	
REP1760	NZ_CP064065.1	4447463	4447500	84.2	-32.50	15	4	_c2	
REP1759	NZ_CP064065.1	4448878	4448900	87.0	-18.00	9	5		
REP1758d	NZ_CP064065.1	4450433	4450448	62.5	-4.90	4	6		
REP1758c	NZ_CP064065.1	4450454	4450466	83.3	-1.00	3	5		
REP1758b	NZ_CP064065.1	4450501	4450519	73.7	-8.80	6	7		
REP977a	NZ_CP064065.1	4450649	4450677	72.4	-13.20	9	7	_c2	
REP977b	NZ_CP064065.1	4450696	4450714	89.5	-13.70	7	5		
REP977c	NZ_CP064065.1	4450950	4450986	89.2	-21.90	12	9	_c1_c1	
REP977d	NZ_CP064065.1	4451033	4451045	100.0	-4.20	4	5		
REP978d	NZ_CP064065.1	4453371	4453383	92.3	-2.90	4	5		
REP1757c	NZ_CP064065.1	4454647	4454677	54.8	-10.40	9	13		
REP1757b	NZ_CP064065.1	4454778	4454797	65.0	-12.10	8	4		
REP979a	NZ_CP064065.1	4454954	4454966	84.6	-4.40	4	5		
REP979b	NZ_CP064065.1	4455204	4455218	66.7	-7.40	6	3		
REP979c	NZ_CP064065.1	4455356	4455371	50.0	-6.40	6	4		
REP979d	NZ_CP064065.1	4455444	4455455	83.3	-2.50	3	4		
REP980	NZ_CP064065.1	4456841	4456853	76.9	-5.10	4	5		
REP1755d	NZ_CP064065.1	4457264	4457278	80.0	-8.60	6	3		
REP1755c	NZ_CP064065.1	4457343	4457355	92.3	-6.70	5	3		
REP1755a	NZ_CP064065.1	4457649	4457660	83.3	-0.10	2	4		
REP981a	NZ_CP064065.1	4457884	4457906	69.6	-10.60	9	3	_c1	
REP981b	NZ_CP064065.1	4457901	4457931	64.5	-12.60	11	5	_c1_c1	
REP981c	NZ_CP064065.1	4458094	4458109	81.2	-8.30	6	4		
REP981d	NZ_CP064065.1	4458162	4458178	82.4	-5.30	5	5	_c1	
REP982a	NZ_CP064065.1	4459795	4459812	72.2	-10.40	7	4		
REP1754d	NZ_CP064065.1	4460559	4460570	100.0	-6.40	4	4		
REP1754c	NZ_CP064065.1	4460702	4460721	60.0	-6.90	7	4	_c1	
REP1754b	NZ_CP064065.1	4460767	4460780	78.6	-1.20	3	8		
REP1754a	NZ_CP064065.1	4460805	4460832	71.4	-14.00	8	12		
REP983a	NZ_CP064065.1	4460979	4460997	73.7	-11.90	8	3		
REP983b	NZ_CP064065.1	4460993	4461008	100.0	-11.60	6	4		
REP983d	NZ_CP064065.1	4461238	4461248	72.7	-0.60	3	5		
REP1753d	NZ_CP064065.1	4462874	4462890	82.4	-11.00	7	3		
REP1753c	NZ_CP064065.1	4462966	4462990	72.0	-11.60	7	11		
REP1753b	NZ_CP064065.1	4462994	4463005	83.3	0.50	2	4		
REP1753a	NZ_CP064065.1	4463202	4463256	58.2	-44.90	23	9		
REP984c	NZ_CP064065.1	4463323	4463348	76.9	-6.80	7	4	_c4	
REP984d	NZ_CP064065.1	4463474	4463495	86.4	-12.10	7	8		
REP985	NZ_CP064065.1	4467155	4467169	80.0	-6.20	5	5		
REP986a	NZ_CP064065.1	4468385	4468423	79.5	-24.60	15	3	_c1_c2	
REP986b	NZ_CP064065.1	4468412	4468428	76.5	-9.70	7	3		
REP1752c	NZ_CP064065.1	4482694	4482720	77.8	-23.10	12	3		
REP1752b	NZ_CP064065.1	4482729	4482742	85.7	-7.10	5	4		
REP1752a	NZ_CP064065.1	4482849	4482870	77.3	-12.20	7	8		
REP987b	NZ_CP064065.1	4483099	4483116	77.8	-12.40	7	4		
REP987d	NZ_CP064065.1	4483224	4483241	77.8	-7.30	5	8		
REP1751d	NZ_CP064065.1	4485568	4485583	86.7	-5.90	4	6		
REP1751c	NZ_CP064065.1	4485913	4485930	83.3	-12.70	7	4		
REP1751b	NZ_CP064065.1	4486028	4486039	83.3	-3.70	4	4		
REP988a	NZ_CP064065.1	4486139	4486157	84.2	-9.30	6	5	_c1	
REP988b	NZ_CP064065.1	4486576	4486591	62.5	-4.60	5	6		
REP1750d	NZ_CP064065.1	4486754	4486776	73.9	-11.40	7	5		
REP988d	NZ_CP064065.1	4486872	4486883	66.7	-1.30	3	4		
REP989b	NZ_CP064065.1	4487428	4487443	75.0	-7.90	6	4		
REP989c	NZ_CP064065.1	4487488	4487504	82.4	-3.50	4	5		
REP989d	NZ_CP064065.1	4487617	4487627	81.8	-0.80	3	5		
REP1749d	NZ_CP064065.1	4488234	4488254	66.7	-10.20	7	7		
REP1749c	NZ_CP064065.1	4488266	4488280	100.0	-8.50	5	5		
REP1749a	NZ_CP064065.1	4488439	4488472	73.5	-34.30	15	4		
REP1748d	NZ_CP064065.1	4496847	4496867	85.7	-12.70	8	5		
REP1748a	NZ_CP064065.1	4497160	4497182	78.3	-13.50	8	7		
REP990a	NZ_CP064065.1	4497215	4497241	70.4	-14.60	10	5	_c1	
REP992	NZ_CP064065.1	4501767	4501778	41.7	-1.10	4	4		
REP1747d	NZ_CP064065.1	4502340	4502351	58.3	-2.50	4	4		
REP1747c	NZ_CP064065.1	4502470	4502482	92.3	-5.80	4	5		
REP1747b	NZ_CP064065.1	4502542	4502572	71.0	-18.40	12	5	_c1	
REP993b	NZ_CP064065.1	4503070	4503089	85.0	-12.00	7	6		
REP993d	NZ_CP064065.1	4503465	4503478	76.9	-3.40	4	4		
REP1746b	NZ_CP064065.1	4508040	4508062	91.3	-20.30	10	3		
REP1746a	NZ_CP064065.1	4508202	4508212	81.8	-2.60	2	4		
REP995a	NZ_CP064065.1	4508343	4508359	76.5	-8.60	6	5		
REP995c	NZ_CP064065.1	4508487	4508500	78.6	-6.70	5	4		
REP995d	NZ_CP064065.1	4508528	4508548	76.2	-12.40	8	5		
REP1744d	NZ_CP064065.1	4511394	4511420	63.0	-13.10	9	9		
REP1744a	NZ_CP064065.1	4511620	4511633	100.0	-8.40	5	4		
REP996b	NZ_CP064065.1	4512122	4512138	82.4	-11.20	7	3		
REP1743d	NZ_CP064065.1	4512238	4512268	77.4	-17.70	11	7	_c1	
REP1743c	NZ_CP064065.1	4512252	4512285	76.5	-34.30	15	4		
REP1742d	NZ_CP064065.1	4513818	4513831	100.0	-9.80	5	4		
REP1742b	NZ_CP064065.1	4513928	4513949	77.3	-7.10	7	6	_c1	
REP997a	NZ_CP064065.1	4513940	4513958	84.2	-12.60	7	5		
REP997d	NZ_CP064065.1	4514159	4514170	91.7	-4.00	4	4		
REP1741b	NZ_CP064065.1	4516857	4516871	86.7	-7.70	6	3		
REP1741a	NZ_CP064065.1	4516887	4516910	62.5	-10.20	9	4	_c1	
REP998a	NZ_CP064065.1	4516961	4516987	74.1	-23.80	11	5		
REP998b	NZ_CP064065.1	4517015	4517033	63.2	-11.50	8	3		
REP1740d	NZ_CP064065.1	4520087	4520102	68.8	-9.50	6	4		
REP1740c	NZ_CP064065.1	4520298	4520309	66.7	-2.50	4	4		
REP1740b	NZ_CP064065.1	4520513	4520535	82.6	-5.90	5	8		
REP1740a	NZ_CP064065.1	4520681	4520717	64.9	-33.70	17	3		
REP999b	NZ_CP064065.1	4520842	4520852	90.9	-1.80	3	5		
REP999d	NZ_CP064065.1	4521171	4521183	61.5	-2.80	4	5		
REP1739	NZ_CP064065.1	4521579	4521597	57.9	-8.90	7	5		
REP1738d	NZ_CP064065.1	4523952	4523964	53.8	-1.60	4	5		
REP1738c	NZ_CP064065.1	4524307	4524324	61.1	-7.00	6	6		
REP1738b	NZ_CP064065.1	4524585	4524606	77.3	-13.60	8	4	_c1	
REP1738a	NZ_CP064065.1	4524956	4524971	68.8	-7.30	6	4		
REP1000a	NZ_CP064065.1	4525580	4525591	75.0	-4.60	4	4		
REP1000b	NZ_CP064065.1	4525759	4525777	84.2	-11.90	7	5		
REP1000c	NZ_CP064065.1	4525763	4525784	81.8	-14.60	9	4		
REP1000d	NZ_CP064065.1	4525908	4525924	76.5	-9.20	6	5		
REP1737c	NZ_CP064065.1	4529384	4529399	93.8	-3.90	5	4	_c1	
REP1737b	NZ_CP064065.1	4529411	4529422	75.0	-4.40	4	4		
REP1001b	NZ_CP064065.1	4529592	4529606	80.0	-8.60	6	3		
REP1001c	NZ_CP064065.1	4529663	4529689	77.8	-14.90	9	9		
REP1736c	NZ_CP064065.1	4532275	4532288	92.9	-7.50	5	4		
REP1736b	NZ_CP064065.1	4532324	4532338	66.7	-5.60	5	5		
REP1736a	NZ_CP064065.1	4532558	4532597	75.0	-36.80	18	4		
REP1002d	NZ_CP064065.1	4532973	4533018	87.0	-26.20	15	4	_c3_c3	
REP1003	NZ_CP064065.1	4537776	4537798	82.6	-19.50	9	5		
REP1735d	NZ_CP064065.1	4538059	4538075	64.7	-8.30	6	5		
REP1735c	NZ_CP064065.1	4538217	4538240	79.2	-22.30	10	4		
REP1735a	NZ_CP064065.1	4538594	4538613	80.0	-12.10	7	6		
REP1004a	NZ_CP064065.1	4538874	4538903	86.7	-14.20	10	4	_c1_c1_c1	
REP1004d	NZ_CP064065.1	4539147	4539162	68.8	-8.20	6	4		
REP1005a	NZ_CP064065.1	4541673	4541690	72.2	-12.00	7	4		
REP1005b	NZ_CP064065.1	4541697	4541733	67.6	-31.40	16	3	_c1	
REP1006	NZ_CP064065.1	4542438	4542463	53.8	-10.40	8	10		
REP1734c	NZ_CP064065.1	4546011	4546030	85.0	-10.40	7	6		
REP1734a	NZ_CP064065.1	4546106	4546119	85.7	-4.60	4	6		
REP1007b	NZ_CP064065.1	4546555	4546568	85.7	-3.40	3	4		
REP1007c	NZ_CP064065.1	4546588	4546608	85.7	-11.70	7	7		
REP1008a	NZ_CP064065.1	4547932	4547948	58.8	-5.90	5	7		
REP1008b	NZ_CP064065.1	4547962	4548006	68.9	-43.10	20	5		
REP1008d	NZ_CP064065.1	4548013	4548027	73.3	-6.50	5	5		
REP1009a	NZ_CP064065.1	4548459	4548481	52.2	-7.50	8	5	_c1	
REP1009b	NZ_CP064065.1	4549185	4549207	60.9	-12.30	7	7		
REP1009c	NZ_CP064065.1	4549524	4549542	73.7	-12.10	7	5		
REP1009d	NZ_CP064065.1	4549924	4549937	71.4	-7.50	5	4		
REP1733d	NZ_CP064065.1	4555843	4555856	57.1	-0.10	4	4	_c1	
REP1733c	NZ_CP064065.1	4555912	4555924	61.5	-2.90	4	5		
REP1010a	NZ_CP064065.1	4556249	4556263	86.7	-8.50	6	3		
REP1010d	NZ_CP064065.1	4556648	4556677	76.7	-18.10	11	4	_c1_c1	
REP1732b	NZ_CP064065.1	4556962	4556998	86.5	-27.90	15	3	_c1_c1	
REP1731d	NZ_CP064065.1	4559444	4559459	81.2	-4.10	5	4	_c1	
REP1731b	NZ_CP064065.1	4559583	4559598	93.8	-10.10	6	4		
REP1011a	NZ_CP064065.1	4559797	4559812	81.2	-8.90	6	4		
REP1011c	NZ_CP064065.1	4559986	4560000	86.7	-7.00	6	3		
REP1011d	NZ_CP064065.1	4559996	4560011	62.5	-8.30	6	4		
REP1730d	NZ_CP064065.1	4566384	4566399	68.8	-4.90	4	8		
REP1730b	NZ_CP064065.1	4566636	4566651	68.8	-9.70	6	4		
REP1012a	NZ_CP064065.1	4566887	4566898	66.7	-4.00	4	4		
REP1012b	NZ_CP064065.1	4566909	4566920	91.7	-4.50	4	4		
REP1012c	NZ_CP064065.1	4566935	4566958	83.3	-8.30	7	8	_c1	
REP1729	NZ_CP064065.1	4567250	4567266	76.5	-4.60	4	9		
REP1012d	NZ_CP064065.1	4567270	4567282	84.6	-4.90	4	5		
REP1728a	NZ_CP064065.1	4569909	4569948	82.5	-36.60	17	4	_c1	
REP1013d	NZ_CP064065.1	4570149	4570163	86.7	-7.40	5	5		
REP1727d	NZ_CP064065.1	4574426	4574446	66.7	-5.80	4	11		
REP1727c	NZ_CP064065.1	4574508	4574524	76.5	-8.90	7	3		
REP1727b	NZ_CP064065.1	4574539	4574550	58.3	-3.50	4	4		
REP1014a	NZ_CP064065.1	4574931	4574944	78.6	-5.20	4	6		
REP1014b	NZ_CP064065.1	4574996	4575009	85.7	-7.20	5	4		
REP1014c	NZ_CP064065.1	4575038	4575051	92.9	-8.40	5	4		
REP1014d	NZ_CP064065.1	4575124	4575139	81.2	-12.00	6	4		
REP1015	NZ_CP064065.1	4583139	4583156	88.9	-16.30	7	4		
REP1017a	NZ_CP064065.1	4589034	4589073	62.5	-36.60	18	4		
REP1018a	NZ_CP064065.1	4590818	4590832	73.3	-4.60	4	7		
REP1018b	NZ_CP064065.1	4590857	4590873	58.8	-7.40	7	3		
REP1018c	NZ_CP064065.1	4590871	4590888	61.1	-8.20	7	4		
REP1018d	NZ_CP064065.1	4590911	4590937	70.4	-16.10	10	5	_c1	
REP1726d	NZ_CP064065.1	4593122	4593135	71.4	-1.40	4	4	_c1	
REP1726b	NZ_CP064065.1	4593266	4593286	95.2	-9.30	6	9		
REP1726a	NZ_CP064065.1	4593505	4593549	77.8	-47.50	20	5		
REP1725c	NZ_CP064065.1	4595103	4595128	73.1	-15.90	10	4	_c1	
REP1725a	NZ_CP064065.1	4595190	4595201	83.3	-4.40	4	4		
REP1020c	NZ_CP064065.1	4595674	4595694	76.2	-11.40	8	5		
REP1724d	NZ_CP064065.1	4596758	4596790	84.8	-18.00	11	7	_c2	
REP1724c	NZ_CP064065.1	4596871	4596884	85.7	-1.20	3	8		
REP1724b	NZ_CP064065.1	4596979	4596994	87.5	-6.90	5	3		
REP1021a	NZ_CP064065.1	4597319	4597348	73.3	-24.60	13	4		
REP1021d	NZ_CP064065.1	4597387	4597418	81.2	-31.40	14	4		
REP1723c	NZ_CP064065.1	4601307	4601326	75.0	-6.10	6	6	_c1	
REP1723b	NZ_CP064065.1	4601364	4601388	72.0	-16.30	9	7		
REP1022d	NZ_CP064065.1	4601653	4601690	71.1	-17.00	14	4	_c1_c2	
REP1722d	NZ_CP064065.1	4602540	4602582	74.4	-13.20	13	7	_c1_c1_c1_c2	
REP1722c	NZ_CP064065.1	4602712	4602736	80.0	-12.00	6	7		
REP1722b	NZ_CP064065.1	4602989	4603001	84.6	-5.10	4	5		
REP1722a	NZ_CP064065.1	4603024	4603040	82.4	-12.40	7	3		
REP1023a	NZ_CP064065.1	4603127	4603147	85.7	-15.00	9	3		
REP1023b	NZ_CP064065.1	4603204	4603223	85.0	-12.30	7	6		
REP1023c	NZ_CP064065.1	4603243	4603271	82.8	-16.90	10	7	_c1	
REP1023d	NZ_CP064065.1	4603462	4603485	79.2	-11.80	8	6	_c1	
REP1721d	NZ_CP064065.1	4605202	4605213	83.3	-8.90	4	4		
REP1721b	NZ_CP064065.1	4605423	4605434	83.3	-4.40	4	4		
REP1721a	NZ_CP064065.1	4605529	4605545	82.4	-4.20	5	5	_c1	
REP1024b	NZ_CP064065.1	4605805	4605817	76.9	-5.80	5	3		
REP1024c	NZ_CP064065.1	4606116	4606146	74.2	-24.10	12	7		
REP1024d	NZ_CP064065.1	4606171	4606184	78.6	-1.60	3	8		
REP1025b	NZ_CP064065.1	4607445	4607468	75.0	-14.70	9	4	_c1	
REP1025d	NZ_CP064065.1	4607585	4607613	75.9	-19.00	11	5	_c1	
REP1719b	NZ_CP064065.1	4610089	4610129	90.2	-47.10	18	5		
REP1718c	NZ_CP064065.1	4615300	4615315	56.2	-8.10	6	4		
REP1718b	NZ_CP064065.1	4615354	4615368	86.7	-8.20	6	3		
REP1718a	NZ_CP064065.1	4615630	4615653	83.3	-10.80	9	4	_c1	
REP1027a	NZ_CP064065.1	4615800	4615811	91.7	-4.40	4	4		
REP1027b	NZ_CP064065.1	4615855	4615873	73.7	-9.70	8	3		
REP1027c	NZ_CP064065.1	4616186	4616202	82.4	-10.30	7	3		
REP1717c	NZ_CP064065.1	4618380	4618397	83.3	-14.10	7	4		
REP1717a	NZ_CP064065.1	4618504	4618528	84.0	-6.00	5	15		
REP1028b	NZ_CP064065.1	4618856	4618876	90.5	-11.70	7	5	_c1	
REP1028d	NZ_CP064065.1	4619220	4619233	78.6	-9.20	5	4		
REP1715d	NZ_CP064065.1	4626106	4626129	91.7	-8.60	8	4	_c1_c1	
REP1715a	NZ_CP064065.1	4626358	4626392	77.1	-20.80	11	11	_c1	
REP1029a	NZ_CP064065.1	4626846	4626861	81.2	-9.20	6	4		
REP1030	NZ_CP064065.1	4632135	4632148	35.7	-2.60	5	4		
REP1031	NZ_CP064065.1	4637016	4637036	81.0	-14.60	7	7		
REP1714d	NZ_CP064065.1	4639942	4639955	71.4	-3.90	4	6		
REP1714c	NZ_CP064065.1	4639963	4639973	72.7	-2.20	4	3		
REP1032b	NZ_CP064065.1	4640560	4640571	91.7	-4.50	4	4		
REP1033b	NZ_CP064065.1	4642785	4642797	53.8	-1.90	4	5		
REP1713d	NZ_CP064065.1	4646223	4646236	85.7	-4.10	4	6		
REP1713b	NZ_CP064065.1	4646838	4646849	66.7	-3.70	4	4		
REP1713a	NZ_CP064065.1	4646939	4646964	73.1	-18.20	10	6		
REP1034b	NZ_CP064065.1	4647258	4647269	83.3	-4.60	4	4		
REP1034c	NZ_CP064065.1	4647408	4647422	86.7	-7.90	6	3		
REP1712c	NZ_CP064065.1	4647504	4647529	61.5	-9.60	7	12		
REP1711	NZ_CP064065.1	4651889	4651900	91.7	-5.10	4	4		
REP1035a	NZ_CP064065.1	4655920	4655944	68.0	-9.20	6	13		
REP1035c	NZ_CP064065.1	4656255	4656272	77.8	-6.20	5	7		
REP1709c	NZ_CP064065.1	4657898	4657909	83.3	-4.20	4	4		
REP1709b	NZ_CP064065.1	4657956	4657974	84.2	-7.50	6	5	_c1	
REP1036c	NZ_CP064065.1	4658563	4658577	86.7	-9.20	5	5		
REP1036d	NZ_CP064065.1	4658818	4658830	84.6	-4.90	4	5		
REP1708c	NZ_CP064065.1	4660817	4660834	72.2	-10.80	7	4		
REP1708a	NZ_CP064065.1	4661108	4661123	62.5	-7.10	6	4		
REP1037c	NZ_CP064065.1	4661787	4661805	68.4	-6.80	6	5	_c1	
REP1707	NZ_CP064065.1	4661996	4662009	85.7	-6.70	5	4		
REP1706a	NZ_CP064065.1	4666234	4666273	75.0	-41.00	18	4		
REP1038b	NZ_CP064065.1	4666572	4666589	83.3	-13.20	6	4		
REP1038c	NZ_CP064065.1	4666577	4666593	88.2	-11.90	7	3		
REP1705	NZ_CP064065.1	4668065	4668087	87.0	-20.00	10	3		
REP1704d	NZ_CP064065.1	4673031	4673046	93.8	-12.20	6	4		
REP1704c	NZ_CP064065.1	4673109	4673132	79.2	-13.20	8	6	_c1	
REP1704a	NZ_CP064065.1	4673193	4673213	81.0	-10.10	8	3	_c1	
REP1039a	NZ_CP064065.1	4673687	4673733	51.1	-28.70	18	9	_c1	
REP1039b	NZ_CP064065.1	4673768	4673781	85.7	-7.10	5	4		
REP1703	NZ_CP064065.1	4674015	4674041	63.0	-15.00	10	5	_c1	
REP1040c	NZ_CP064065.1	4678573	4678591	89.5	-12.80	8	3		
REP1040d	NZ_CP064065.1	4678619	4678635	82.4	-6.80	3	4		
REP1702d	NZ_CP064065.1	4679904	4679923	75.0	-1.50	2	4		
REP1702c	NZ_CP064065.1	4679939	4679960	81.8	-2.60	6	4	_c3	
REP1702b	NZ_CP064065.1	4679999	4680014	68.8	-6.50	5	6		
REP1041a	NZ_CP064065.1	4680480	4680501	90.9	-12.20	7	8		
REP1041c	NZ_CP064065.1	4680534	4680562	69.0	-13.20	8	13		
REP1041d	NZ_CP064065.1	4680689	4680702	78.6	-4.10	4	6		
REP1701	NZ_CP064065.1	4681305	4681328	83.3	-19.20	9	6		
REP1700b	NZ_CP064065.1	4682233	4682249	70.6	-7.30	6	5		
REP1042a	NZ_CP064065.1	4682992	4683010	68.4	-9.40	7	5		
REP1042b	NZ_CP064065.1	4683065	4683078	71.4	-5.20	5	4		
REP1042c	NZ_CP064065.1	4683150	4683169	80.0	-16.00	8	4		
REP1042d	NZ_CP064065.1	4683222	4683246	88.0	-13.10	9	3	_c2	
REP1699d	NZ_CP064065.1	4688011	4688036	73.1	-8.20	6	10		
REP1699c	NZ_CP064065.1	4688067	4688081	73.3	-7.90	6	3		
REP1699a	NZ_CP064065.1	4688224	4688240	94.1	-13.40	7	3		
REP1043b	NZ_CP064065.1	4688300	4688328	62.1	-16.80	11	5	_c1	
REP1697	NZ_CP064065.1	4691299	4691357	64.4	-30.60	19	7	_c6_c1	
REP1696d	NZ_CP064065.1	4700755	4700791	75.7	-15.20	12	3	_c1_c1_c3	
REP1696c	NZ_CP064065.1	4700853	4700867	93.3	-7.90	5	5		
REP1696b	NZ_CP064065.1	4700898	4700912	93.3	-10.10	6	3		
REP1696a	NZ_CP064065.1	4700909	4700958	70.0	-45.60	22	4	_c1	
REP1044b	NZ_CP064065.1	4701077	4701092	81.2	-7.20	4	6		
REP1044c	NZ_CP064065.1	4701140	4701157	61.1	-10.00	7	4		
REP1044d	NZ_CP064065.1	4701168	4701185	82.4	-4.40	4	8		
REP1695	NZ_CP064065.1	4701392	4701426	77.1	-17.20	10	7	_c2	
REP1694d	NZ_CP064065.1	4703552	4703567	87.5	-7.60	5	4	_c1	
REP1045a	NZ_CP064065.1	4703867	4703890	75.0	-17.50	9	6		
REP1045b	NZ_CP064065.1	4704109	4704123	86.7	-8.20	5	5		
REP1045d	NZ_CP064065.1	4704256	4704275	80.0	-12.00	7	6		
REP1693d	NZ_CP064065.1	4708653	4708680	60.7	-13.40	10	4	_c1_c1	
REP1693b	NZ_CP064065.1	4708948	4708964	82.4	-6.30	5	5	_c1	
REP1046b	NZ_CP064065.1	4709202	4709232	71.0	-23.80	12	7		
REP1046c	NZ_CP064065.1	4709244	4709259	68.8	-7.80	6	4		
REP1046d	NZ_CP064065.1	4709405	4709423	84.2	-13.20	7	5		
REP1692d	NZ_CP064065.1	4713268	4713289	72.7	-8.80	7	4	_c2	
REP1692b	NZ_CP064065.1	4713372	4713407	86.1	-23.10	12	6	_c2_c1	
REP1047d	NZ_CP064065.1	4714038	4714072	71.4	-16.70	12	7	_c1_c1	
REP1048b	NZ_CP064065.1	4717658	4717692	74.3	-21.50	12	5	_c3	
REP1048c	NZ_CP064065.1	4717781	4717796	93.8	-10.10	6	4		
REP1048d	NZ_CP064065.1	4717802	4717823	86.4	-12.80	8	4	_c1	
REP1049	NZ_CP064065.1	4719548	4719571	50.0	-10.60	8	8		
REP1690c	NZ_CP064065.1	4720738	4720749	75.0	-2.80	4	4		
REP1690b	NZ_CP064065.1	4720809	4720824	75.0	-2.50	4	6	_c1	
REP1690a	NZ_CP064065.1	4720890	4720912	78.3	-13.10	8	5	_c1	
REP1050a	NZ_CP064065.1	4721098	4721117	80.0	-8.30	7	4	_c1	
REP1050d	NZ_CP064065.1	4721393	4721406	84.6	-0.80	2	4		
REP1689d	NZ_CP064065.1	4727673	4727686	85.7	-7.00	5	4		
REP1689c	NZ_CP064065.1	4728083	4728094	75.0	-2.50	4	4		
REP1689b	NZ_CP064065.1	4728354	4728371	88.9	-14.00	7	4		
REP1689a	NZ_CP064065.1	4728441	4728457	52.9	-8.20	6	5		
REP1052b	NZ_CP064065.1	4728517	4728562	73.9	-24.30	16	4	_c3_c1_c1	
REP1052c	NZ_CP064065.1	4728555	4728566	81.8	-1.70	3	4		
REP1052d	NZ_CP064065.1	4728807	4728819	84.6	-4.80	4	5		
REP1688d	NZ_CP064065.1	4732834	4732853	75.0	-9.50	6	4		
REP1053a	NZ_CP064065.1	4733440	4733467	75.0	-10.40	8	6	_c3	
REP1053c	NZ_CP064065.1	4733795	4733811	94.1	-12.60	7	3		
REP1053d	NZ_CP064065.1	4733940	4733953	71.4	-5.20	5	4		
REP1687	NZ_CP064065.1	4734783	4734801	57.9	-11.00	8	3		
REP1054a	NZ_CP064065.1	4739245	4739267	78.3	-14.90	8	7		
REP1054b	NZ_CP064065.1	4739276	4739296	95.2	-17.60	8	5		
REP1055a	NZ_CP064065.1	4740330	4740354	76.0	-13.10	8	9		
REP1055b	NZ_CP064065.1	4740603	4740617	93.3	-10.00	6	3		
REP1055c	NZ_CP064065.1	4740639	4740652	85.7	-4.00	4	6		
REP1055d	NZ_CP064065.1	4740707	4740728	86.4	-20.00	9	4		
REP1686c	NZ_CP064065.1	4750409	4750420	90.9	-2.20	3	4		
REP1686b	NZ_CP064065.1	4750513	4750528	87.5	-2.80	5	4	_c1	
REP1686a	NZ_CP064065.1	4750643	4750658	81.2	-11.00	6	4		
REP1056a	NZ_CP064065.1	4750941	4750961	75.0	-7.60	6	5	_c1	
REP1056b	NZ_CP064065.1	4750960	4750978	68.4	-9.90	7	5		
REP1056c	NZ_CP064065.1	4750991	4751006	68.8	-7.40	6	4		
REP1056d	NZ_CP064065.1	4751028	4751048	61.9	-7.40	7	5	_c1	
REP1685d	NZ_CP064065.1	4757334	4757354	81.0	-14.70	8	5		
REP1685b	NZ_CP064065.1	4757655	4757667	76.9	-5.00	4	5		
REP1685a	NZ_CP064065.1	4757702	4757740	64.1	-30.10	16	7		
REP1057d	NZ_CP064065.1	4757748	4757766	57.9	-9.70	8	3		
REP1684	NZ_CP064065.1	4758176	4758192	88.2	-6.90	5	7		
REP1058	NZ_CP064065.1	4763328	4763349	54.5	-13.20	8	4		
REP1059a	NZ_CP064065.1	4764099	4764114	81.2	-5.00	4	8		
REP1059c	NZ_CP064065.1	4764197	4764212	25.0	-3.40	6	4		
REP1060	NZ_CP064065.1	4767606	4767634	82.8	-27.10	11	5		
REP1683a	NZ_CP064065.1	4768702	4768716	100.0	-10.00	6	3		
REP1061b	NZ_CP064065.1	4768832	4768861	66.7	-10.00	10	4	_c3	
REP1061d	NZ_CP064065.1	4768916	4768941	88.5	-18.30	9	4	_c2	
REP1682b	NZ_CP064065.1	4772859	4772885	88.9	-16.60	9	7	_c1	
REP1062a	NZ_CP064065.1	4773252	4773267	62.5	-2.80	4	8		
REP1062c	NZ_CP064065.1	4773380	4773391	91.7	-4.70	4	4		
REP1063	NZ_CP064065.1	4784583	4784607	28.0	-4.80	8	9		
REP1064b	NZ_CP064065.1	4787768	4787782	40.0	-2.20	6	3		
REP1064d	NZ_CP064065.1	4787842	4787861	85.0	-12.00	7	6		
REP1681c	NZ_CP064065.1	4789356	4789368	61.5	-4.20	4	5		
REP1681a	NZ_CP064065.1	4789746	4789781	58.3	-16.80	13	6	_c1_c1	
REP1065c	NZ_CP064065.1	4790095	4790107	61.5	-2.60	4	5		
REP1065d	NZ_CP064065.1	4790163	4790176	57.1	-0.10	4	4	_c1	
REP1066b	NZ_CP064065.1	4795762	4795792	74.2	-28.40	13	5		
REP1680c	NZ_CP064065.1	4796350	4796361	75.0	-3.00	4	4		
REP1680b	NZ_CP064065.1	4797078	4797096	57.9	-5.40	6	5	_c1	
REP1067a	NZ_CP064065.1	4797124	4797138	53.3	-3.90	6	3		
REP1680a	NZ_CP064065.1	4797140	4797164	60.0	-3.20	6	4	_c1	
REP1067c	NZ_CP064065.1	4797591	4797606	93.8	-7.20	5	6		
REP1067d	NZ_CP064065.1	4797650	4797664	100.0	-10.10	6	3		
REP1679c	NZ_CP064065.1	4799753	4799763	63.6	-0.80	3	5		
REP1679b	NZ_CP064065.1	4799831	4799866	86.1	-28.20	14	4	_c2	
REP1679a	NZ_CP064065.1	4799877	4799915	74.4	-37.20	18	3		
REP1678b	NZ_CP064065.1	4803587	4803600	85.7	-7.20	5	4		
REP1068b	NZ_CP064065.1	4803764	4803775	100.0	-2.90	3	4		
REP1068c	NZ_CP064065.1	4803775	4803816	71.4	-17.60	13	12	_c1_c1	
REP1677d	NZ_CP064065.1	4813855	4813870	81.2	-9.30	6	4		
REP1677c	NZ_CP064065.1	4814001	4814021	85.0	-7.20	5	5		
REP1677b	NZ_CP064065.1	4814121	4814132	91.7	-4.80	4	4		
REP1676c	NZ_CP064065.1	4818488	4818512	70.8	-15.20	9	4		
REP1676b	NZ_CP064065.1	4818656	4818674	57.9	-9.90	7	5		
REP1676a	NZ_CP064065.1	4818708	4818721	85.7	-6.40	5	4		
REP1070a	NZ_CP064065.1	4818876	4818918	69.8	-34.80	19	3	_c1	
REP1070c	NZ_CP064065.1	4819116	4819127	75.0	1.00	2	5		
REP1070d	NZ_CP064065.1	4819193	4819215	87.0	-14.30	8	7		
REP1071	NZ_CP064065.1	4822462	4822479	66.7	-6.80	6	6		
REP1072a	NZ_CP064065.1	4823423	4823453	67.7	-24.50	13	5		
REP1674d	NZ_CP064065.1	4826405	4826423	78.9	-5.90	6	5	_c1	
REP1674a	NZ_CP064065.1	4826544	4826557	85.7	-5.20	4	6		
REP1073a	NZ_CP064065.1	4826912	4826933	77.3	-12.70	7	8		
REP1073b	NZ_CP064065.1	4827055	4827074	85.0	-14.50	8	4		
REP1073c	NZ_CP064065.1	4827066	4827081	93.8	-12.20	6	4		
REP1073d	NZ_CP064065.1	4827069	4827096	92.9	-21.00	10	6	_c1	
REP1673	NZ_CP064065.1	4828361	4828376	93.8	-10.60	6	4		
REP1672d	NZ_CP064065.1	4830684	4830697	78.6	-1.60	4	3		
REP1672a	NZ_CP064065.1	4831002	4831018	70.6	-5.40	5	7		
REP1074b	NZ_CP064065.1	4831673	4831683	81.8	-3.40	4	3		
REP1671	NZ_CP064065.1	4832329	4832348	85.0	-13.00	7	6		
REP1670c	NZ_CP064065.1	4836922	4836941	65.0	-10.30	7	6		
REP1670a	NZ_CP064065.1	4837189	4837214	88.5	-19.40	9	4	_c2	
REP1075a	NZ_CP064065.1	4837361	4837379	68.4	-8.60	6	7		
REP1075c	NZ_CP064065.1	4837521	4837534	71.4	-5.50	5	4		
REP1075d	NZ_CP064065.1	4837566	4837579	69.2	-3.80	4	4		
REP1669d	NZ_CP064065.1	4844012	4844042	80.6	-25.30	13	3	_c1	
REP1669c	NZ_CP064065.1	4844071	4844084	92.9	-7.10	5	4		
REP1076a	NZ_CP064065.1	4844188	4844218	74.2	-24.00	13	3	_c1	
REP1076d	NZ_CP064065.1	4844478	4844497	80.0	-13.90	8	4		
REP1077c	NZ_CP064065.1	4846694	4846717	70.8	-14.70	8	8		
REP1077d	NZ_CP064065.1	4846790	4846803	76.9	-4.80	4	4		
REP1667b	NZ_CP064065.1	4855816	4855833	77.8	-5.30	6	4	_c1	
REP1078a	NZ_CP064065.1	4855972	4855996	68.0	-12.70	8	5	_c2	
REP1666d	NZ_CP064065.1	4861409	4861424	81.2	-11.00	6	4		
REP1666c	NZ_CP064065.1	4861439	4861449	90.9	-1.60	3	5		
REP1666b	NZ_CP064065.1	4861506	4861524	84.2	-6.40	6	5	_c1	
REP1666a	NZ_CP064065.1	4861587	4861608	72.7	-11.50	7	8		
REP1079a	NZ_CP064065.1	4861838	4861861	83.3	-18.80	9	6		
REP1079d	NZ_CP064065.1	4862180	4862194	86.7	-1.70	3	9		
REP1665c	NZ_CP064065.1	4863470	4863489	80.0	-10.50	6	4		
REP1664d	NZ_CP064065.1	4865631	4865651	71.4	-8.30	7	7		
REP1664b	NZ_CP064065.1	4865794	4865825	75.0	-11.10	9	8	_c3	
REP1664a	NZ_CP064065.1	4865894	4865914	81.0	-13.80	7	7		
REP1080a	NZ_CP064065.1	4865994	4866009	87.5	-9.00	6	4		
REP1080c	NZ_CP064065.1	4866217	4866244	71.4	-13.60	9	8	_c1	
REP1080d	NZ_CP064065.1	4866276	4866304	86.2	-18.70	12	3	_c1	
REP1663d	NZ_CP064065.1	4877995	4878007	92.3	-4.50	4	5		
REP1081a	NZ_CP064065.1	4878239	4878255	64.7	-9.00	7	3		
REP1081b	NZ_CP064065.1	4878292	4878313	72.7	-12.40	7	8		
REP1081d	NZ_CP064065.1	4878867	4878878	50.0	-1.10	4	4		
REP1662d	NZ_CP064065.1	4878909	4878929	76.2	-16.40	9	3		
REP1662b	NZ_CP064065.1	4879249	4879269	85.7	-7.70	6	7	_c1	
REP1662a	NZ_CP064065.1	4879481	4879505	92.0	-16.20	10	3	_c1	
REP1082a	NZ_CP064065.1	4879599	4879623	76.0	-12.20	9	5	_c1	
REP1083	NZ_CP064065.1	4884227	4884249	87.0	-12.10	8	5	_c1	
REP1084b	NZ_CP064065.1	4887296	4887335	70.0	-34.20	17	4	_c1	
REP1085	NZ_CP064065.1	4888548	4888581	88.2	-28.40	14	4	_c1	
REP1086	NZ_CP064065.1	4899413	4899442	86.7	-31.50	13	4		
REP1087b	NZ_CP064065.1	4900467	4900486	60.0	-8.50	7	6		
REP1088a	NZ_CP064065.1	4901280	4901311	84.4	-17.10	11	4	_c2_c1	
REP1088b	NZ_CP064065.1	4901294	4901313	85.0	-12.00	7	6		
REP1089	NZ_CP064065.1	4903058	4903091	91.2	-37.40	15	4		
REP1090a	NZ_CP064065.1	4903480	4903500	85.7	-10.90	7	7		
REP1090b	NZ_CP064065.1	4903527	4903557	87.1	-17.10	10	5	_c3	
REP1661d	NZ_CP064065.1	4904192	4904208	70.6	-5.80	6	5		
REP1661b	NZ_CP064065.1	4904312	4904332	60.0	-10.20	7	5		
REP1091c	NZ_CP064065.1	4904367	4904383	100.0	-13.20	7	3		
REP1660d	NZ_CP064065.1	4909355	4909369	80.0	-8.70	5	5		
REP1660c	NZ_CP064065.1	4909426	4909440	80.0	-4.50	4	7		
REP1660b	NZ_CP064065.1	4909585	4909603	63.2	-8.50	7	5		
REP1092c	NZ_CP064065.1	4909975	4909991	82.4	-11.30	7	3		
REP1659d	NZ_CP064065.1	4913607	4913631	72.0	-9.40	8	5	_c2	
REP1093a	NZ_CP064065.1	4913811	4913867	57.9	-52.30	26	3		
REP1093b	NZ_CP064065.1	4913923	4913938	62.5	-5.60	5	6		
REP1093c	NZ_CP064065.1	4914038	4914051	64.3	-5.90	5	4		
REP1093d	NZ_CP064065.1	4914807	4914825	78.9	-11.60	7	5		
REP1658a	NZ_CP064065.1	4914979	4914999	66.7	-10.40	7	7		
REP1657	NZ_CP064065.1	4918341	4918372	90.6	-33.90	14	4		
REP1656b	NZ_CP064065.1	4919011	4919027	41.2	-1.20	5	5	_c1	
REP1656a	NZ_CP064065.1	4919053	4919075	43.5	-4.20	5	7		
REP1655d	NZ_CP064065.1	4920455	4920470	62.5	-3.80	4	8		
REP1655b	NZ_CP064065.1	4920888	4920906	89.5	-8.70	7	3	_c1	
REP1655a	NZ_CP064065.1	4920969	4920980	83.3	-5.20	4	4		
REP1094a	NZ_CP064065.1	4921119	4921147	62.1	-11.10	8	13		
REP1094d	NZ_CP064065.1	4921382	4921401	80.0	-11.70	8	4		
REP1654d	NZ_CP064065.1	4923536	4923554	68.4	-4.30	6	5	_c1	
REP1654c	NZ_CP064065.1	4923561	4923588	71.4	-13.30	9	8	_c1	
REP1654a	NZ_CP064065.1	4924083	4924094	91.7	-4.80	4	4		
REP1095b	NZ_CP064065.1	4924324	4924341	66.7	-7.60	7	4		
REP1095d	NZ_CP064065.1	4924432	4924443	66.7	-3.00	4	4		
REP1653b	NZ_CP064065.1	4926060	4926083	87.5	-17.00	9	4	_c1	
REP1096a	NZ_CP064065.1	4926115	4926129	80.0	-9.40	5	5		
REP1096b	NZ_CP064065.1	4926354	4926379	69.2	-10.70	8	10		
REP1096c	NZ_CP064065.1	4926526	4926539	92.9	-3.20	3	4		
REP1652d	NZ_CP064065.1	4928216	4928233	72.2	-7.00	5	8		
REP1652b	NZ_CP064065.1	4928340	4928354	93.3	-7.70	5	5		
REP1652a	NZ_CP064065.1	4928569	4928585	82.4	-11.30	7	3		
REP1097a	NZ_CP064065.1	4928835	4928857	68.2	-6.70	6	9		
REP1097b	NZ_CP064065.1	4928874	4928887	100.0	-8.30	5	4		
REP1097c	NZ_CP064065.1	4929057	4929075	100.0	-14.90	8	3		
REP1097d	NZ_CP064065.1	4929074	4929091	77.8	-6.40	5	8		
REP1098a	NZ_CP064065.1	4931947	4931983	81.1	-30.10	16	3	_c1	
REP1098b	NZ_CP064065.1	4931994	4932024	77.4	-24.00	12	7		
REP1099a	NZ_CP064065.1	4933172	4933184	92.3	-5.40	4	5		
REP1651d	NZ_CP064065.1	4933452	4933476	72.0	-13.10	8	7	_c1	
REP1651b	NZ_CP064065.1	4933585	4933598	71.4	-5.30	5	4		
REP1100c	NZ_CP064065.1	4934096	4934127	84.4	-25.70	12	8		
REP1100d	NZ_CP064065.1	4934167	4934184	77.8	-17.40	7	4		
REP1650d	NZ_CP064065.1	4938090	4938111	90.9	-12.80	8	4	_c1	
REP1650b	NZ_CP064065.1	4938214	4938227	71.4	-7.40	5	4		
REP1650a	NZ_CP064065.1	4938296	4938323	85.7	-14.40	9	8	_c1	
REP1101c	NZ_CP064065.1	4938481	4938493	61.5	-3.30	4	5		
REP1649d	NZ_CP064065.1	4941154	4941171	77.8	-7.00	6	4	_c1	
REP1649b	NZ_CP064065.1	4941473	4941496	70.8	-9.00	7	8	_c1	
REP1102b	NZ_CP064065.1	4941880	4941897	94.4	-11.00	6	4	_c1	
REP1102c	NZ_CP064065.1	4942000	4942014	80.0	-4.00	5	5		
REP1102d	NZ_CP064065.1	4942012	4942038	70.4	-16.00	10	5	_c1	
REP1104	NZ_CP064065.1	4952781	4952800	50.0	-7.60	7	6		
REP1105c	NZ_CP064065.1	4954776	4954790	80.0	-7.90	6	3		
REP1105d	NZ_CP064065.1	4954914	4954931	83.3	-7.90	5	8		
REP1106	NZ_CP064065.1	4957524	4957547	87.5	-18.80	9	6		
REP1646b	NZ_CP064065.1	4957811	4957829	78.9	-12.80	7	5		
REP1646a	NZ_CP064065.1	4957902	4957913	66.7	-5.50	4	4		
REP1107a	NZ_CP064065.1	4958346	4958368	87.0	-6.90	6	9	_c1	
REP1107b	NZ_CP064065.1	4958425	4958447	73.9	-9.00	7	9		
REP1107c	NZ_CP064065.1	4958684	4958725	78.6	-26.90	16	4	_c2_c1	
REP1107d	NZ_CP064065.1	4958708	4958733	73.1	-13.40	9	8		
REP1644d	NZ_CP064065.1	4964813	4964835	78.3	-12.90	7	9		
REP1644c	NZ_CP064065.1	4964929	4964947	68.4	-7.60	6	7		
REP1644b	NZ_CP064065.1	4965072	4965087	87.5	-7.50	5	6		
REP1644a	NZ_CP064065.1	4965083	4965095	76.9	-4.30	4	5		
REP1108d	NZ_CP064065.1	4965537	4965548	91.7	-4.90	4	4		
REP1643c	NZ_CP064065.1	4967063	4967077	73.3	-0.60	2	5		
REP1643a	NZ_CP064065.1	4967361	4967372	83.3	-4.60	4	4		
REP1109a	NZ_CP064065.1	4967608	4967621	78.6	-4.50	5	4		
REP1109b	NZ_CP064065.1	4967691	4967712	81.0	-11.00	6	8		
REP1109d	NZ_CP064065.1	4967734	4967745	100.0	-4.20	4	4		
REP1110	NZ_CP064065.1	4968642	4968658	58.8	-8.80	7	3		
REP1111a	NZ_CP064065.1	4970798	4970838	82.9	-42.40	17	7		
REP1111d	NZ_CP064065.1	4970885	4970903	73.7	-5.40	5	9		
REP1112	NZ_CP064065.1	4971899	4971921	82.6	-17.70	8	7		
REP1114	NZ_CP064065.1	4980948	4980967	89.5	-14.40	7	4		
REP1115b	NZ_CP064065.1	4982255	4982293	84.6	-41.20	18	3		
REP1642a	NZ_CP064065.1	4982388	4982425	78.9	-40.70	17	4		
REP1116a	NZ_CP064065.1	4986592	4986608	29.4	-5.20	6	5		
REP1116b	NZ_CP064065.1	4986658	4986690	78.8	-17.00	11	5	_c2_c1	
REP1641d	NZ_CP064065.1	4992521	4992534	78.6	-6.50	5	4		
REP1641c	NZ_CP064065.1	4992608	4992621	85.7	-1.20	4	4	_c1	
REP1641b	NZ_CP064065.1	4992769	4992780	83.3	-5.20	4	4		
REP1117b	NZ_CP064065.1	4992817	4992837	76.2	-14.60	8	5		
REP1641a	NZ_CP064065.1	4992840	4992862	78.3	-12.50	9	3	_c1	
REP1117c	NZ_CP064065.1	4993033	4993056	75.0	-17.30	10	4		
REP1640d	NZ_CP064065.1	4994750	4994768	100.0	-14.40	7	5		
REP1640c	NZ_CP064065.1	4994791	4994814	70.8	-8.60	8	4	_c1_c1	
REP1640b	NZ_CP064065.1	4995095	4995105	63.6	0.70	3	5		
REP1118a	NZ_CP064065.1	4995163	4995196	85.3	-34.70	15	4		
REP1118b	NZ_CP064065.1	4995260	4995277	72.2	-9.40	7	4		
REP1118c	NZ_CP064065.1	4995361	4995374	64.3	-6.50	5	4		
REP1118d	NZ_CP064065.1	4995373	4995404	75.0	-19.30	12	4	_c1_c1	
REP1639b	NZ_CP064065.1	5004237	5004252	56.2	-8.30	6	4		
REP1119a	NZ_CP064065.1	5004355	5004387	75.8	-34.20	14	5		
REP1119b	NZ_CP064065.1	5004422	5004445	66.7	-11.20	9	4	_c1	
REP1638	NZ_CP064065.1	5007211	5007223	69.2	-5.60	4	5		
REP1637	NZ_CP064065.1	5009606	5009621	68.8	-8.60	6	4		
REP1120a	NZ_CP064065.1	5011804	5011839	83.3	-28.60	13	10		
REP1636d	NZ_CP064065.1	5012515	5012525	81.8	-1.50	3	5		
REP1636c	NZ_CP064065.1	5012579	5012593	86.7	-8.10	5	5		
REP1636b	NZ_CP064065.1	5013061	5013081	76.2	-16.50	9	3		
REP1636a	NZ_CP064065.1	5013191	5013232	73.8	-41.50	18	6		
REP1121d	NZ_CP064065.1	5013255	5013267	76.9	-4.90	4	5		
REP1635b	NZ_CP064065.1	5018224	5018250	85.2	-24.00	11	5		
REP1635a	NZ_CP064065.1	5018978	5018990	76.9	-3.00	4	5		
REP1122b	NZ_CP064065.1	5019651	5019672	77.3	-6.70	5	12		
REP1122d	NZ_CP064065.1	5019749	5019763	60.0	-5.00	6	3		
REP1634	NZ_CP064065.1	5020046	5020057	83.3	-4.50	4	4		
REP1633b	NZ_CP064065.1	5024659	5024673	80.0	-7.00	5	5		
REP1633a	NZ_CP064065.1	5024695	5024712	72.2	-12.40	7	4		
REP1123a	NZ_CP064065.1	5029450	5029475	84.6	-18.20	10	4	_c1	
REP1123c	NZ_CP064065.1	5029538	5029550	92.3	-5.80	5	3		
REP1632d	NZ_CP064065.1	5042257	5042271	60.0	-6.80	5	5		
REP1632c	NZ_CP064065.1	5042316	5042358	65.1	-40.30	20	3		
REP1632b	NZ_CP064065.1	5042365	5042377	76.9	-2.90	4	5		
REP1632a	NZ_CP064065.1	5042378	5042421	63.6	-40.30	20	4		
REP1125d	NZ_CP064065.1	5042454	5042488	68.6	-22.40	12	11		
REP1126	NZ_CP064065.1	5050418	5050436	63.2	-8.30	7	5		
REP1631b	NZ_CP064065.1	5056155	5056179	72.0	-8.10	7	11		
REP1631a	NZ_CP064065.1	5056362	5056395	64.7	-30.60	15	4		
REP1127b	NZ_CP064065.1	5056614	5056647	76.5	-15.60	10	6	_c4	
REP1127c	NZ_CP064065.1	5056738	5056764	63.0	-14.20	9	9		
REP1127d	NZ_CP064065.1	5056938	5056955	61.1	-3.60	5	6	_c1	
REP1128	NZ_CP064065.1	5064204	5064218	66.7	-6.70	6	3		
REP1129	NZ_CP064065.1	5065692	5065708	88.2	-11.20	7	3		
REP1130	NZ_CP064065.1	5067071	5067092	54.5	-12.70	9	4		
REP1131	NZ_CP064065.1	5068588	5068601	78.6	-5.60	5	4		
REP1630d	NZ_CP064065.1	5072211	5072226	68.8	-2.90	5	4	_c1	
REP1630c	NZ_CP064065.1	5072497	5072508	100.0	-3.50	3	4		
REP1630b	NZ_CP064065.1	5072523	5072554	62.5	-11.90	9	12	_c1	
REP1630a	NZ_CP064065.1	5072846	5072886	63.4	-38.60	19	3		
REP1629d	NZ_CP064065.1	5078772	5078787	81.2	-5.40	5	4	_c1	
REP1629c	NZ_CP064065.1	5078873	5078889	62.5	-5.50	5	5		
REP1133a	NZ_CP064065.1	5078942	5078981	71.8	-32.30	15	8		
REP1133d	NZ_CP064065.1	5079388	5079399	50.0	-1.80	4	4		
REP1628	NZ_CP064065.1	5079753	5079776	87.5	-16.30	9	4	_c1	
REP1627c	NZ_CP064065.1	5086958	5086970	53.8	-1.90	5	3		
REP1134a	NZ_CP064065.1	5087360	5087381	81.8	-8.00	6	8	_c1	
REP1134b	NZ_CP064065.1	5087479	5087498	70.0	-10.90	7	6		
REP1134c	NZ_CP064065.1	5087542	5087600	72.9	-46.80	24	5	_c1_c1_c1	
REP1626d	NZ_CP064065.1	5095898	5095919	72.7	-10.40	8	4	_c1	
REP1626c	NZ_CP064065.1	5096079	5096093	86.7	-3.80	5	3	_c1	
REP1626b	NZ_CP064065.1	5096157	5096168	83.3	-4.50	4	4		
REP1626a	NZ_CP064065.1	5096195	5096245	52.9	-42.80	24	3		
REP1136b	NZ_CP064065.1	5096594	5096611	83.3	-8.50	6	4	_c1	
REP1136c	NZ_CP064065.1	5096636	5096666	77.4	-18.40	10	7	_c2	
REP1136d	NZ_CP064065.1	5096859	5096880	68.2	-16.20	9	4		
REP1625d	NZ_CP064065.1	5099053	5099069	76.5	-2.20	3	7		
REP1625c	NZ_CP064065.1	5099232	5099245	100.0	-8.10	5	4		
REP1625b	NZ_CP064065.1	5099325	5099345	90.5	-10.80	6	9		
REP1137a	NZ_CP064065.1	5099665	5099675	90.9	-1.80	2	4		
REP1137b	NZ_CP064065.1	5099674	5099687	92.9	-8.30	5	4		
REP1137c	NZ_CP064065.1	5099709	5099722	71.4	-8.30	5	4		
REP1137d	NZ_CP064065.1	5099923	5099937	86.7	-8.70	5	5		
REP1624b	NZ_CP064065.1	5100331	5100367	81.1	-36.40	16	5		
REP1624a	NZ_CP064065.1	5100439	5100451	84.6	-3.90	4	5		
REP1623a	NZ_CP064065.1	5109452	5109469	66.7	-7.10	6	4	_c1	
REP1138a	NZ_CP064065.1	5109948	5109965	83.3	-11.80	7	4		
REP1138d	NZ_CP064065.1	5110138	5110153	75.0	-10.00	6	4		
REP1622d	NZ_CP064065.1	5114550	5114571	86.4	-7.20	7	4	_c1_c1	
REP1139a	NZ_CP064065.1	5115075	5115091	82.4	-9.40	5	7		
REP1139b	NZ_CP064065.1	5115374	5115393	85.0	-7.40	5	8	_c1	
REP1139d	NZ_CP064065.1	5115895	5115911	82.4	-8.60	6	5		
REP1621d	NZ_CP064065.1	5116985	5117007	87.0	-16.00	8	7		
REP1621b	NZ_CP064065.1	5117227	5117259	69.7	-13.60	12	3	_c1_c1_c1	
REP1140a	NZ_CP064065.1	5117558	5117601	79.5	-22.80	14	4	_c2_c4	
REP1140d	NZ_CP064065.1	5117737	5117752	75.0	-9.00	6	4		
REP1620d	NZ_CP064065.1	5121196	5121228	81.8	-22.70	11	11		
REP1620c	NZ_CP064065.1	5121333	5121359	81.5	-14.40	9	7	_c1	
REP1620a	NZ_CP064065.1	5121365	5121398	73.5	-20.10	13	4	_c1_c1	
REP1141a	NZ_CP064065.1	5121530	5121549	75.0	-11.40	6	6		
REP1141b	NZ_CP064065.1	5121552	5121570	78.9	-6.40	6	5	_c1	
REP1141c	NZ_CP064065.1	5121910	5121928	84.2	-11.50	6	7		
REP1141d	NZ_CP064065.1	5121997	5122020	65.2	-8.50	8	4	_c1	
REP1619c	NZ_CP064065.1	5125540	5125567	89.3	-13.50	7	5	_c1	
REP1619b	NZ_CP064065.1	5125610	5125637	64.3	-13.30	8	12		
REP1142a	NZ_CP064065.1	5125798	5125810	92.3	-6.70	5	3		
REP1142c	NZ_CP064065.1	5126023	5126034	83.3	-0.80	3	6		
REP1142d	NZ_CP064065.1	5126162	5126185	75.0	-14.50	8	5		
REP1618a	NZ_CP064065.1	5129046	5129067	95.5	-14.20	7	8		
REP1617d	NZ_CP064065.1	5130965	5130986	68.2	-13.00	8	6		
REP1617c	NZ_CP064065.1	5131019	5131034	75.0	-0.50	4	6	_c1	
REP1617b	NZ_CP064065.1	5131126	5131138	69.2	-3.70	4	5		
REP1617a	NZ_CP064065.1	5131221	5131238	72.2	-10.30	7	4		
REP1143a	NZ_CP064065.1	5131466	5131477	66.7	-5.20	4	4		
REP1143c	NZ_CP064065.1	5131585	5131597	100.0	-6.70	5	3		
REP1143d	NZ_CP064065.1	5131632	5131646	86.7	-8.30	5	5		
REP1144	NZ_CP064065.1	5137249	5137286	76.3	-38.60	17	4		
REP1145a	NZ_CP064065.1	5138711	5138724	78.6	-4.90	4	6		
REP1145b	NZ_CP064065.1	5138873	5138887	86.7	-7.70	6	3		
REP1145c	NZ_CP064065.1	5138876	5138896	85.7	-14.60	7	7		
REP1616d	NZ_CP064065.1	5143753	5143770	94.4	-11.00	6	6		
REP1616b	NZ_CP064065.1	5143839	5143858	75.0	-7.00	6	4	_c2	
REP1616a	NZ_CP064065.1	5143882	5143893	83.3	-5.30	4	4		
REP1146b	NZ_CP064065.1	5144273	5144283	90.9	-3.50	4	3		
REP1146c	NZ_CP064065.1	5144315	5144326	91.7	-4.70	4	4		
REP1146d	NZ_CP064065.1	5144380	5144399	80.0	-9.40	7	4	_c1	
REP1615c	NZ_CP064065.1	5147300	5147327	67.9	-4.00	6	7		
REP1615b	NZ_CP064065.1	5147408	5147418	72.7	-0.60	3	5		
REP1615a	NZ_CP064065.1	5147420	5147443	62.5	-12.20	8	8		
REP1147	NZ_CP064065.1	5152980	5153004	68.0	-13.70	9	7		
REP1614c	NZ_CP064065.1	5154982	5155007	69.2	-18.40	10	6		
REP1614a	NZ_CP064065.1	5155241	5155257	76.5	-8.30	6	5		
REP1148b	NZ_CP064065.1	5156065	5156087	78.3	-13.20	7	9		
REP1148c	NZ_CP064065.1	5156237	5156252	62.5	-6.30	5	6		
REP1148d	NZ_CP064065.1	5156586	5156596	45.5	0.90	2	5		
REP1149a	NZ_CP064065.1	5163645	5163690	76.1	-38.50	19	6	_c1	
REP1149b	NZ_CP064065.1	5163664	5163693	80.0	-15.00	9	4	_c4	
REP1149d	NZ_CP064065.1	5163816	5163838	78.3	-14.50	8	7		
REP1150a	NZ_CP064065.1	5164986	5165016	93.5	-19.80	10	9	_c1	
REP1613c	NZ_CP064065.1	5165624	5165638	86.7	-7.10	6	3		
REP1613b	NZ_CP064065.1	5165892	5165921	73.3	-16.30	8	14		
REP1613a	NZ_CP064065.1	5165950	5165963	85.7	-6.90	5	4		
REP1151a	NZ_CP064065.1	5166095	5166122	82.1	-17.00	9	8	_c1	
REP1151c	NZ_CP064065.1	5166281	5166292	83.3	-5.00	4	4		
REP1151d	NZ_CP064065.1	5166313	5166335	78.3	-11.80	7	5	_c2	
REP1612d	NZ_CP064065.1	5168143	5168159	64.7	-9.20	7	3		
REP1612c	NZ_CP064065.1	5168228	5168239	58.3	-2.90	4	4		
REP1612a	NZ_CP064065.1	5168337	5168373	69.4	-17.50	11	11	_c1	
REP1152a	NZ_CP064065.1	5168697	5168723	77.8	-17.40	10	5	_c1	
REP1152c	NZ_CP064065.1	5168916	5168938	87.0	-13.30	7	9		
REP1152d	NZ_CP064065.1	5169332	5169351	60.0	-8.10	6	8		
REP1611d	NZ_CP064065.1	5171110	5171128	78.9	-9.00	7	5		
REP1611c	NZ_CP064065.1	5171278	5171294	70.6	-2.80	5	5	_c1	
REP1611a	NZ_CP064065.1	5171395	5171405	100.0	-1.80	2	4		
REP1610b	NZ_CP064065.1	5174157	5174187	64.5	-19.80	12	7		
REP1154b	NZ_CP064065.1	5174475	5174490	81.2	-8.10	6	4		
REP1154d	NZ_CP064065.1	5174740	5174767	75.0	-15.90	9	10		
REP1155a	NZ_CP064065.1	5179741	5179762	72.7	-11.40	7	8		
REP1609d	NZ_CP064065.1	5180985	5180999	86.7	-7.00	6	3		
REP1609c	NZ_CP064065.1	5181162	5181186	80.0	-11.10	8	7	_c1	
REP1609a	NZ_CP064065.1	5181273	5181285	66.7	-0.70	3	5		
REP1156c	NZ_CP064065.1	5181655	5181675	71.4	-11.50	8	5		
REP1156d	NZ_CP064065.1	5181692	5181710	84.2	-12.50	7	5		
REP1608c	NZ_CP064065.1	5187388	5187405	88.2	-9.30	6	4		
REP1608b	NZ_CP064065.1	5187577	5187596	95.0	-17.50	8	4		
REP1608a	NZ_CP064065.1	5187588	5187609	90.9	-15.10	7	8		
REP1157c	NZ_CP064065.1	5188006	5188020	80.0	-7.90	6	3		
REP1157d	NZ_CP064065.1	5188062	5188073	83.3	-2.70	4	4		
REP1607	NZ_CP064065.1	5189540	5189566	92.6	-16.30	9	7	_c1	
REP1606d	NZ_CP064065.1	5191969	5191986	76.5	-3.30	4	8		
REP1606a	NZ_CP064065.1	5192109	5192153	68.9	-44.30	21	3		
REP1158b	NZ_CP064065.1	5192194	5192216	65.2	-11.40	9	3	_c1	
REP1158d	NZ_CP064065.1	5192440	5192459	85.0	-10.70	7	4	_c1	
REP1605b	NZ_CP064065.1	5192941	5192962	63.6	-8.20	7	4	_c2	
REP1605a	NZ_CP064065.1	5193104	5193116	84.6	-4.80	4	5		
REP1604c	NZ_CP064065.1	5193955	5193973	84.2	-14.30	8	3		
REP1604b	NZ_CP064065.1	5194294	5194316	73.9	-9.30	7	7	_c1	
REP1159a	NZ_CP064065.1	5194433	5194476	77.3	-44.50	19	6		
REP1159b	NZ_CP064065.1	5194523	5194542	80.0	-9.20	7	4	_c1	
REP1159c	NZ_CP064065.1	5194654	5194666	53.8	-4.30	5	3		
REP1159d	NZ_CP064065.1	5194748	5194761	85.7	-8.50	5	4		
REP1603d	NZ_CP064065.1	5201410	5201453	77.3	-18.10	13	10	_c2_c1_c1	
REP1603c	NZ_CP064065.1	5201578	5201593	93.8	-12.10	6	4		
REP1603b	NZ_CP064065.1	5201692	5201725	91.2	-25.60	13	4	_c1_c1	
REP1603a	NZ_CP064065.1	5201894	5201907	92.9	-8.40	5	4		
REP1160b	NZ_CP064065.1	5202041	5202063	91.3	-19.70	10	3		
REP1160c	NZ_CP064065.1	5202105	5202134	80.0	-15.00	9	10	_c1	
REP1602d	NZ_CP064065.1	5204955	5204974	70.0	-7.50	7	4	_c1	
REP1602c	NZ_CP064065.1	5205102	5205118	82.4	-8.00	5	7		
REP1602b	NZ_CP064065.1	5205278	5205296	84.2	-7.80	6	5	_c1	
REP1602a	NZ_CP064065.1	5205402	5205417	87.5	-9.10	6	4		
REP1162a	NZ_CP064065.1	5205437	5205452	75.0	-7.60	6	4		
REP1162b	NZ_CP064065.1	5205469	5205484	87.5	-9.50	6	4		
REP1600c	NZ_CP064065.1	5211566	5211583	72.2	-6.50	6	4	_c1	
REP1600b	NZ_CP064065.1	5211645	5211658	78.6	-4.50	5	4		
REP1600a	NZ_CP064065.1	5211833	5211859	70.4	-14.60	9	9		
REP1163a	NZ_CP064065.1	5211899	5211913	73.3	-6.10	6	3		
REP1163b	NZ_CP064065.1	5211932	5211949	83.3	-11.90	7	4		
REP1163c	NZ_CP064065.1	5212034	5212045	66.7	-3.60	4	4		
REP1163d	NZ_CP064065.1	5212151	5212175	96.0	-11.90	8	5	_c1_c1	
REP1164b	NZ_CP064065.1	5214817	5214834	77.8	-3.90	5	6	_c1	
REP1599d	NZ_CP064065.1	5216980	5216997	94.4	-10.80	6	6		
REP1599c	NZ_CP064065.1	5217033	5217056	66.7	-13.10	9	4	_c1	
REP1165a	NZ_CP064065.1	5217068	5217104	78.4	-36.00	16	5		
REP1165c	NZ_CP064065.1	5217273	5217286	64.3	-4.70	4	4		
REP1598b	NZ_CP064065.1	5221811	5221833	73.9	-11.90	9	3	_c1	
REP1598a	NZ_CP064065.1	5221997	5222027	61.3	-14.30	11	7	_c1	
REP1166a	NZ_CP064065.1	5222098	5222137	65.0	-36.80	18	4		
REP1166b	NZ_CP064065.1	5222185	5222212	71.4	-16.40	9	8	_c1	
REP1166c	NZ_CP064065.1	5222217	5222242	69.2	-13.30	9	8		
REP1166d	NZ_CP064065.1	5222442	5222453	83.3	-5.30	4	4		
REP1597d	NZ_CP064065.1	5223117	5223142	73.1	-15.60	9	8		
REP1597c	NZ_CP064065.1	5223141	5223157	82.4	-10.30	7	3		
REP1167a	NZ_CP064065.1	5223625	5223668	79.5	-27.20	15	4	_c1_c4	
REP1596d	NZ_CP064065.1	5224731	5224745	73.3	-0.10	4	5	_c1	
REP1596c	NZ_CP064065.1	5224785	5224806	86.4	-14.00	7	8		
REP1596b	NZ_CP064065.1	5224789	5224805	81.2	-6.60	5	5		
REP1596a	NZ_CP064065.1	5224892	5224906	86.7	-7.10	6	3		
REP1168a	NZ_CP064065.1	5225039	5225066	82.1	-19.10	10	8		
REP1168b	NZ_CP064065.1	5225180	5225194	86.7	-9.00	5	5		
REP1168d	NZ_CP064065.1	5225260	5225273	100.0	-7.30	5	4		
REP1595d	NZ_CP064065.1	5227800	5227817	72.2	-9.20	5	8		
REP1595c	NZ_CP064065.1	5228132	5228154	82.6	-9.40	6	4	_c2	
REP1595b	NZ_CP064065.1	5228199	5228212	50.0	-2.40	4	6		
REP1169b	NZ_CP064065.1	5228298	5228316	68.4	-10.80	7	3		
REP1169c	NZ_CP064065.1	5228447	5228458	91.7	-4.80	4	4		
REP1594	NZ_CP064065.1	5231820	5231859	72.5	-35.20	17	4	_c1	
REP1593d	NZ_CP064065.1	5238285	5238307	78.3	-12.80	8	5	_c1	
REP1593b	NZ_CP064065.1	5238488	5238499	83.3	-3.00	4	4		
REP1593a	NZ_CP064065.1	5238527	5238541	46.7	-2.60	5	3		
REP1171b	NZ_CP064065.1	5238710	5238722	76.9	-3.40	4	5		
REP1171c	NZ_CP064065.1	5238744	5238759	68.8	-8.30	6	4		
REP1171d	NZ_CP064065.1	5238777	5238837	80.3	-44.60	21	11	_c2_c2	
REP1592b	NZ_CP064065.1	5244530	5244542	84.6	-3.80	4	5		
REP1592a	NZ_CP064065.1	5244729	5244741	61.5	-4.30	4	5		
REP1172b	NZ_CP064065.1	5245293	5245315	91.3	-11.00	8	5	_c1	
REP1172d	NZ_CP064065.1	5245414	5245429	87.5	-9.80	6	4		
REP1173	NZ_CP064065.1	5249236	5249252	100.0	-13.30	7	3		
REP1174	NZ_CP064065.1	5249642	5249669	75.0	-25.40	12	4		
REP1591d	NZ_CP064065.1	5250299	5250312	85.7	-7.00	5	4		
REP1591b	NZ_CP064065.1	5250708	5250731	66.7	-10.00	8	8		
REP1176a	NZ_CP064065.1	5251484	5251503	65.0	-7.00	6	8		
REP1176b	NZ_CP064065.1	5251935	5251946	83.3	-5.80	4	4		
REP1176c	NZ_CP064065.1	5252131	5252144	78.6	-6.00	5	4		
REP1176d	NZ_CP064065.1	5252173	5252186	92.9	-8.80	5	4		
REP1590d	NZ_CP064065.1	5261043	5261057	86.7	-6.40	5	5		
REP1590b	NZ_CP064065.1	5261234	5261251	83.3	-10.10	6	6		
REP1177a	NZ_CP064065.1	5261301	5261340	75.0	-40.70	18	4		
REP1177c	NZ_CP064065.1	5261653	5261664	75.0	-5.00	4	4		
REP1177d	NZ_CP064065.1	5261887	5261899	53.8	-0.40	4	5		
REP1589b	NZ_CP064065.1	5262807	5262822	31.2	-3.20	6	4		
REP1589a	NZ_CP064065.1	5262918	5262969	63.5	-44.50	23	4	_c1	
REP1178b	NZ_CP064065.1	5266105	5266120	87.5	-12.10	6	4		
REP1179	NZ_CP064065.1	5268727	5268746	80.0	-8.10	7	4	_c1	
REP1181	NZ_CP064065.1	5273493	5273525	72.7	-19.90	12	3	_c3	
REP1182	NZ_CP064065.1	5275623	5275665	72.1	-40.60	19	5		
REP1183b	NZ_CP064065.1	5276185	5276212	67.9	-13.90	9	10		
REP1183d	NZ_CP064065.1	5276285	5276303	78.9	-10.30	6	7		
REP1184a	NZ_CP064065.1	5278601	5278628	75.0	-11.10	8	10	_c1	
REP1184b	NZ_CP064065.1	5278659	5278672	71.4	-6.80	5	4		
REP1588c	NZ_CP064065.1	5279508	5279539	84.4	-33.30	14	4		
REP1588b	NZ_CP064065.1	5279556	5279578	56.5	-11.40	8	7		
REP1588a	NZ_CP064065.1	5279727	5279749	56.5	-11.50	8	7		
REP1186b	NZ_CP064065.1	5280279	5280295	94.1	-12.50	7	3		
REP1186d	NZ_CP064065.1	5280695	5280723	82.8	-13.90	9	7	_c1_c1	
REP1587d	NZ_CP064065.1	5283452	5283463	83.3	-5.30	4	4		
REP1587b	NZ_CP064065.1	5283902	5283923	77.3	-15.00	9	4		
REP1187a	NZ_CP064065.1	5284276	5284315	70.0	-37.90	18	4		
REP1187b	NZ_CP064065.1	5284400	5284427	82.1	-20.50	10	8		
REP1187c	NZ_CP064065.1	5284487	5284514	67.9	-12.10	10	6	_c1	
REP1187d	NZ_CP064065.1	5284610	5284635	65.4	-14.40	9	8		
REP1188a	NZ_CP064065.1	5286248	5286261	71.4	-8.00	5	4		
REP1188b	NZ_CP064065.1	5286306	5286317	83.3	-4.40	4	4		
REP1189a	NZ_CP064065.1	5287549	5287562	85.7	-5.10	4	6		
REP1189c	NZ_CP064065.1	5287750	5287796	55.3	-21.00	16	9	_c2_c1	
REP1190a	NZ_CP064065.1	5288766	5288783	33.3	-5.60	7	4		
REP1586d	NZ_CP064065.1	5290769	5290780	41.7	-1.30	4	4		
REP1586b	NZ_CP064065.1	5291068	5291095	67.9	-11.80	9	6	_c1_c1	
REP1586a	NZ_CP064065.1	5291334	5291351	77.8	-10.60	6	6		
REP1192c	NZ_CP064065.1	5291628	5291646	89.5	-12.10	7	5		
REP1585	NZ_CP064065.1	5293820	5293856	89.2	-38.70	16	5		
REP1584	NZ_CP064065.1	5295118	5295138	71.4	-10.60	8	5		
REP1583d	NZ_CP064065.1	5299132	5299160	72.4	-10.00	9	7	_c1_c1	
REP1583c	NZ_CP064065.1	5299270	5299291	68.2	-13.60	7	8		
REP1193a	NZ_CP064065.1	5299327	5299366	77.5	-39.40	18	4		
REP1193c	NZ_CP064065.1	5299595	5299612	83.3	-10.30	7	4		
REP1193d	NZ_CP064065.1	5299638	5299654	82.4	-11.60	7	3		
REP1582	NZ_CP064065.1	5300719	5300743	96.0	-19.80	9	7		
REP1581d	NZ_CP064065.1	5302314	5302325	75.0	-2.70	4	4		
REP1581b	NZ_CP064065.1	5302372	5302385	78.6	-3.40	3	4		
REP1581a	NZ_CP064065.1	5302477	5302490	78.6	-5.40	5	4		
REP1580d	NZ_CP064065.1	5305931	5305948	83.3	-6.90	6	4	_c1	
REP1580c	NZ_CP064065.1	5306281	5306300	85.0	-12.20	7	6		
REP1580b	NZ_CP064065.1	5306377	5306392	81.2	-10.70	6	4		
REP1195a	NZ_CP064065.1	5306787	5306801	100.0	-10.00	6	3		
REP1195c	NZ_CP064065.1	5307231	5307247	64.7	-2.70	4	5	_c1	
REP1579a	NZ_CP064065.1	5308340	5308381	88.1	-43.10	18	4	_c1	
REP1578	NZ_CP064065.1	5310141	5310182	64.3	-22.70	17	4	_c1_c1	
REP1577c	NZ_CP064065.1	5312644	5312662	89.5	-12.90	7	5		
REP1577b	NZ_CP064065.1	5312652	5312663	83.3	-2.80	4	4		
REP1577a	NZ_CP064065.1	5312696	5312707	83.3	-2.10	2	4		
REP1196a	NZ_CP064065.1	5312835	5312851	76.5	-11.30	7	3		
REP1196b	NZ_CP064065.1	5312985	5313005	66.7	-10.30	7	7		
REP1196d	NZ_CP064065.1	5313200	5313211	58.3	-1.50	4	4		
REP1197	NZ_CP064065.1	5318120	5318134	60.0	-2.60	4	7		
REP1576c	NZ_CP064065.1	5318848	5318869	95.5	-16.60	8	6		
REP1576a	NZ_CP064065.1	5318969	5318984	87.5	-10.30	6	4		
REP1198b	NZ_CP064065.1	5319460	5319493	82.4	-14.00	12	6	_c1_c1	
REP1198c	NZ_CP064065.1	5319536	5319571	63.9	-15.90	12	8	_c1_c1	
REP1198d	NZ_CP064065.1	5319613	5319630	88.9	-8.30	6	6		
REP1574d	NZ_CP064065.1	5325092	5325115	50.0	-8.80	6	10		
REP1574c	NZ_CP064065.1	5325171	5325184	100.0	-9.70	5	4		
REP1574a	NZ_CP064065.1	5325460	5325471	83.3	-6.30	4	4		
REP1200c	NZ_CP064065.1	5325874	5325891	83.3	-12.90	7	4		
REP1201	NZ_CP064065.1	5328615	5328637	73.9	-12.00	7	9		
REP1573d	NZ_CP064065.1	5330445	5330459	66.7	-7.20	5	5		
REP1573c	NZ_CP064065.1	5330559	5330573	73.3	-6.80	5	5		
REP1573b	NZ_CP064065.1	5330665	5330683	84.2	-7.40	6	5	_c1	
REP1573a	NZ_CP064065.1	5330764	5330811	75.0	-49.60	22	4		
REP1202b	NZ_CP064065.1	5330943	5330955	61.5	-3.00	4	5		
REP1202d	NZ_CP064065.1	5331311	5331324	64.3	-5.10	5	4		
REP1203	NZ_CP064065.1	5334553	5334570	83.3	-10.90	6	6		
REP1572d	NZ_CP064065.1	5336168	5336181	78.6	-7.40	5	4		
REP1572c	NZ_CP064065.1	5336230	5336241	58.3	-4.00	4	4		
REP1572a	NZ_CP064065.1	5336528	5336547	85.0	-11.60	7	6		
REP1204c	NZ_CP064065.1	5337028	5337044	94.1	-12.50	7	3		
REP1571a	NZ_CP064065.1	5337200	5337213	71.4	-4.80	5	4		
REP1570a	NZ_CP064065.1	5342404	5342447	70.5	-31.40	18	4	_c1_c1	
REP1205c	NZ_CP064065.1	5342543	5342558	87.5	-10.50	6	4		
REP1569d	NZ_CP064065.1	5345085	5345098	85.7	-6.70	5	4		
REP1569c	NZ_CP064065.1	5345104	5345129	65.4	-21.90	11	4		
REP1569b	NZ_CP064065.1	5345244	5345260	62.5	-5.00	5	5		
REP1569a	NZ_CP064065.1	5345294	5345325	84.4	-16.60	10	8	_c1_c1	
REP1206d	NZ_CP064065.1	5345697	5345709	76.9	-5.80	5	3		
REP1568d	NZ_CP064065.1	5352109	5352126	83.3	-15.20	7	4		
REP1568b	NZ_CP064065.1	5352435	5352453	94.7	-6.90	5	7		
REP1207a	NZ_CP064065.1	5352537	5352569	78.8	-10.50	8	5	_c1_c2	
REP1207b	NZ_CP064065.1	5352754	5352773	75.0	-7.40	7	4	_c1	
REP1207c	NZ_CP064065.1	5352919	5352937	73.7	-6.20	5	9		
REP1207d	NZ_CP064065.1	5353021	5353034	64.3	-3.40	5	4		
REP1208b	NZ_CP064065.1	5356361	5356398	86.8	-29.90	14	8	_c1	
REP1209	NZ_CP064065.1	5358641	5358657	94.1	-12.50	7	3		
REP1210b	NZ_CP064065.1	5360585	5360615	83.9	-31.40	13	5		
REP1210c	NZ_CP064065.1	5360785	5360799	73.3	-4.70	4	7		
REP1567d	NZ_CP064065.1	5362467	5362492	73.1	-7.30	9	4	_c1_c1	
REP1567c	NZ_CP064065.1	5362534	5362547	71.4	-6.40	5	4		
REP1567b	NZ_CP064065.1	5362612	5362623	91.7	-6.30	4	4		
REP1567a	NZ_CP064065.1	5362741	5362763	69.6	-10.90	8	7		
REP1211a	NZ_CP064065.1	5362968	5362987	55.0	-9.40	7	6		
REP1211c	NZ_CP064065.1	5363076	5363105	53.3	-10.70	9	10	_c1	
REP1211d	NZ_CP064065.1	5363135	5363148	71.4	-7.50	5	4		
REP1566	NZ_CP064065.1	5364177	5364202	69.2	-14.80	9	6	_c1	
REP1565c	NZ_CP064065.1	5368992	5369009	72.2	-7.30	6	4	_c1	
REP1565b	NZ_CP064065.1	5369066	5369079	64.3	-5.10	5	4		
REP1212d	NZ_CP064065.1	5369601	5369629	75.9	-19.40	9	9		
REP1213b	NZ_CP064065.1	5372227	5372243	100.0	-6.50	5	3		
REP1213c	NZ_CP064065.1	5372227	5372251	100.0	-22.60	10	5		
REP1564d	NZ_CP064065.1	5372535	5372581	76.6	-23.60	17	5	_c1_c3	
REP1564c	NZ_CP064065.1	5372708	5372744	78.4	-18.50	10	15	_c1	
REP1564a	NZ_CP064065.1	5373036	5373051	62.5	-7.70	6	4		
REP1214a	NZ_CP064065.1	5373183	5373196	71.4	-3.90	4	6		
REP1214b	NZ_CP064065.1	5373308	5373324	76.5	-10.50	6	5		
REP1214c	NZ_CP064065.1	5373418	5373453	83.3	-24.30	13	6	_c1_c1	
REP1214d	NZ_CP064065.1	5373463	5373494	93.8	-25.10	11	8	_c1	
REP1563d	NZ_CP064065.1	5376140	5376163	79.2	-17.80	10	4		
REP1563b	NZ_CP064065.1	5376603	5376622	90.0	-5.70	3	4		
REP1563a	NZ_CP064065.1	5376614	5376628	100.0	-9.90	6	3		
REP1215a	NZ_CP064065.1	5376967	5376989	65.2	-7.70	7	9		
REP1215b	NZ_CP064065.1	5377028	5377040	76.9	-3.50	4	5		
REP1215d	NZ_CP064065.1	5377278	5377301	79.2	-14.40	8	4	_c2	
REP1562d	NZ_CP064065.1	5378015	5378026	100.0	-4.30	3	4		
REP1562c	NZ_CP064065.1	5378362	5378377	81.2	-8.50	5	6		
REP1562a	NZ_CP064065.1	5378632	5378645	100.0	-8.30	5	4		
REP1216a	NZ_CP064065.1	5378684	5378709	84.6	-11.00	8	6	_c1_c1	
REP1216b	NZ_CP064065.1	5378882	5378906	80.0	-13.90	10	3	_c1	
REP1216d	NZ_CP064065.1	5378989	5379009	61.9	-12.40	8	5		
REP1561c	NZ_CP064065.1	5382038	5382079	81.0	-24.20	13	6	_c5	
REP1561b	NZ_CP064065.1	5382156	5382176	76.2	-10.40	7	7		
REP1561a	NZ_CP064065.1	5382183	5382208	69.2	-11.50	9	4	_c1_c1	
REP1218b	NZ_CP064065.1	5382788	5382800	61.5	-3.20	4	5		
REP1218d	NZ_CP064065.1	5382964	5382982	78.9	-8.70	6	5	_c1	
REP1219b	NZ_CP064065.1	5386174	5386191	77.8	-8.20	5	8		
REP1219c	NZ_CP064065.1	5386275	5386325	78.4	-34.40	18	11	_c1_c1	
REP1560d	NZ_CP064065.1	5390069	5390087	73.7	-10.10	7	5		
REP1560a	NZ_CP064065.1	5390272	5390287	81.2	-9.30	6	4		
REP1220a	NZ_CP064065.1	5390534	5390567	64.7	-16.20	12	4	_c1_c2	
REP1220b	NZ_CP064065.1	5390637	5390657	85.7	-15.70	8	5		
REP1220c	NZ_CP064065.1	5390686	5390697	91.7	-4.60	4	4		
REP1220d	NZ_CP064065.1	5390784	5390797	71.4	-6.30	5	4		
REP1559	NZ_CP064065.1	5393842	5393852	100.0	-1.20	2	4		
REP1558d	NZ_CP064065.1	5398322	5398342	71.4	-11.80	7	7		
REP1558c	NZ_CP064065.1	5398422	5398438	76.5	-7.80	5	5		
REP1558b	NZ_CP064065.1	5398626	5398639	85.7	-1.60	3	8		
REP1558a	NZ_CP064065.1	5398658	5398682	60.0	-9.00	8	5	_c1_c1	
REP1221a	NZ_CP064065.1	5398753	5398770	83.3	-11.30	7	4		
REP1221c	NZ_CP064065.1	5399053	5399068	56.2	-1.90	4	8		
REP1557d	NZ_CP064065.1	5400728	5400739	91.7	-4.70	4	4		
REP1557c	NZ_CP064065.1	5400757	5400783	81.5	-16.30	10	5	_c1	
REP1557b	NZ_CP064065.1	5400801	5400818	70.6	-4.40	5	6		
REP1557a	NZ_CP064065.1	5400836	5400860	92.0	-24.80	11	3		
REP1222b	NZ_CP064065.1	5401006	5401029	62.5	-13.00	9	6		
REP1222d	NZ_CP064065.1	5401088	5401100	84.6	-4.00	4	5		
REP1224a	NZ_CP064065.1	5407092	5407127	75.0	-36.10	16	4		
REP1556d	NZ_CP064065.1	5407115	5407142	78.6	-15.20	9	8	_c1	
REP1224c	NZ_CP064065.1	5407364	5407384	71.4	-12.20	8	5		
REP1556b	NZ_CP064065.1	5407392	5407410	68.4	-10.60	7	5		
REP1556a	NZ_CP064065.1	5407655	5407701	55.3	-32.90	21	3	_c1	
REP1225b	NZ_CP064065.1	5407709	5407749	75.6	-36.80	17	5	_c1	
REP1225c	NZ_CP064065.1	5407785	5407800	81.2	-9.30	6	4		
REP1225d	NZ_CP064065.1	5407904	5407917	69.2	-2.90	4	4		
REP1555c	NZ_CP064065.1	5411173	5411194	72.7	-5.50	6	8	_c1	
REP1555b	NZ_CP064065.1	5411236	5411254	73.7	-13.50	8	3		
REP1226c	NZ_CP064065.1	5411724	5411744	81.0	-13.30	8	5		
REP1554d	NZ_CP064065.1	5413008	5413024	82.4	-11.20	7	3		
REP1554c	NZ_CP064065.1	5413078	5413092	46.7	-2.00	6	3		
REP1554a	NZ_CP064065.1	5413315	5413352	89.5	-36.70	15	8		
REP1227a	NZ_CP064065.1	5413419	5413441	69.6	-9.90	7	9		
REP1227b	NZ_CP064065.1	5413534	5413549	62.5	-8.00	6	4		
REP1227c	NZ_CP064065.1	5413653	5413666	78.6	-6.40	5	4		
REP1553d	NZ_CP064065.1	5419492	5419525	82.4	-12.90	10	6	_c1_c3	
REP1553c	NZ_CP064065.1	5419696	5419714	88.9	-4.40	4	7	_c1	
REP1553b	NZ_CP064065.1	5419741	5419767	85.2	-15.90	9	5	_c1_c1	
REP1228b	NZ_CP064065.1	5419928	5419943	68.8	-7.70	6	4		
REP1228c	NZ_CP064065.1	5420007	5420018	100.0	-4.90	4	4		
REP1228d	NZ_CP064065.1	5420050	5420099	72.0	-29.60	17	6	_c3_c2	
REP1552b	NZ_CP064065.1	5423802	5423818	70.6	-9.20	7	3		
REP1552a	NZ_CP064065.1	5423874	5423889	87.5	-9.20	6	4		
REP1229a	NZ_CP064065.1	5424038	5424049	91.7	-5.10	4	4		
REP1229b	NZ_CP064065.1	5424127	5424144	100.0	-10.80	6	6		
REP1229c	NZ_CP064065.1	5424268	5424286	63.2	-9.10	7	5		
REP1551	NZ_CP064065.1	5424598	5424629	78.1	-31.50	14	4		
REP1550	NZ_CP064065.1	5425336	5425351	62.5	-7.20	6	4		
REP1549	NZ_CP064065.1	5427010	5427026	76.5	-11.20	7	3		
REP1230	NZ_CP064065.1	5433815	5433826	91.7	-4.60	4	4		
REP1548c	NZ_CP064065.1	5434879	5434892	71.4	-5.20	4	6		
REP1548a	NZ_CP064065.1	5435044	5435058	86.7	-7.10	6	3		
REP1231b	NZ_CP064065.1	5435166	5435181	87.5	-8.70	5	4	_c1	
REP1231c	NZ_CP064065.1	5435254	5435286	81.2	-16.20	10	5	_c1_c2	
REP1547b	NZ_CP064065.1	5436969	5436980	83.3	-2.50	3	4		
REP1547a	NZ_CP064065.1	5437104	5437120	52.9	-8.20	6	5		
REP1232c	NZ_CP064065.1	5437509	5437526	77.8	-11.00	7	4		
REP1232d	NZ_CP064065.1	5437739	5437764	80.8	-10.50	8	6	_c2	
REP1544	NZ_CP064065.1	5441463	5441488	61.5	-18.20	10	4	_c1	
REP1233a	NZ_CP064065.1	5444963	5444974	50.0	-3.00	4	4		
REP1543c	NZ_CP064065.1	5451209	5451227	78.9	-10.50	7	5		
REP1543a	NZ_CP064065.1	5451446	5451463	83.3	-12.70	7	4		
REP1234b	NZ_CP064065.1	5451473	5451487	93.3	-8.40	5	5		
REP1542b	NZ_CP064065.1	5452506	5452528	65.2	-13.20	8	7		
REP1542a	NZ_CP064065.1	5452515	5452533	68.4	-11.70	7	5		
REP1541b	NZ_CP064065.1	5453568	5453581	78.6	-2.40	4	4	_c1	
REP1540d	NZ_CP064065.1	5456202	5456216	60.0	-3.30	5	5		
REP1540c	NZ_CP064065.1	5456501	5456513	69.2	-3.30	4	5		
REP1540b	NZ_CP064065.1	5456622	5456634	76.9	-3.80	4	5		
REP1540a	NZ_CP064065.1	5456671	5456689	77.8	-8.00	6	5		
REP1235b	NZ_CP064065.1	5457205	5457218	78.6	-5.50	5	4		
REP1235c	NZ_CP064065.1	5457352	5457365	85.7	-6.30	5	4		
REP1235d	NZ_CP064065.1	5457478	5457505	64.3	-13.10	10	6	_c1	
REP1539d	NZ_CP064065.1	5459842	5459861	75.0	-13.70	7	6		
REP1539c	NZ_CP064065.1	5460785	5460800	81.2	-9.20	6	4		
REP1539b	NZ_CP064065.1	5460808	5460827	75.0	-14.60	8	4		
REP1236a	NZ_CP064065.1	5461070	5461084	66.7	-4.00	4	7		
REP1236c	NZ_CP064065.1	5461186	5461199	78.6	-6.70	5	4		
REP1538d	NZ_CP064065.1	5473287	5473301	46.7	-4.30	5	3		
REP1538c	NZ_CP064065.1	5473822	5473837	81.2	-9.10	6	4		
REP1237a	NZ_CP064065.1	5474464	5474483	75.0	-16.30	8	4		
REP1237d	NZ_CP064065.1	5474542	5474558	58.8	-6.90	7	3		
REP1238a	NZ_CP064065.1	5478161	5478185	64.0	-13.90	8	9		
REP1238c	NZ_CP064065.1	5478184	5478208	68.0	-11.00	8	7	_c1	
REP1238d	NZ_CP064065.1	5478244	5478258	73.3	-4.20	4	7		
REP1239a	NZ_CP064065.1	5479797	5479810	92.9	-2.00	3	4		
REP1239b	NZ_CP064065.1	5480164	5480177	78.6	-9.00	5	4		
REP1239c	NZ_CP064065.1	5480210	5480230	76.2	-11.80	6	7		
REP1239d	NZ_CP064065.1	5480630	5480658	72.4	-17.50	12	3	_c1	
REP1536c	NZ_CP064065.1	5483242	5483262	57.1	-8.70	6	7		
REP1536b	NZ_CP064065.1	5483410	5483420	81.8	-1.60	3	5		
REP1536a	NZ_CP064065.1	5483627	5483638	91.7	-5.10	4	4		
REP1240a	NZ_CP064065.1	5483862	5483872	72.7	-2.80	2	4		
REP1240b	NZ_CP064065.1	5483908	5483922	40.0	-3.20	4	5		
REP1241a	NZ_CP064065.1	5488792	5488804	76.9	-4.60	5	3		
REP1241b	NZ_CP064065.1	5488844	5488856	76.9	-1.80	4	5		
REP1241c	NZ_CP064065.1	5488896	5488912	82.4	-11.10	7	3		
REP1241d	NZ_CP064065.1	5489065	5489076	75.0	-4.00	4	4		
REP1242a	NZ_CP064065.1	5493653	5493673	76.2	-16.70	8	5		
REP1535d	NZ_CP064065.1	5494879	5494896	61.1	-3.90	6	4	_c1	
REP1535c	NZ_CP064065.1	5494906	5494925	65.0	-13.10	8	4		
REP1535b	NZ_CP064065.1	5494998	5495019	68.2	-14.50	8	6		
REP1243b	NZ_CP064065.1	5495318	5495344	59.3	-12.90	11	3	_c1	
REP1243c	NZ_CP064065.1	5495522	5495539	61.1	-8.40	7	4		
REP1243d	NZ_CP064065.1	5495533	5495549	58.8	-6.70	7	3		
REP1244	NZ_CP064065.1	5499460	5499476	94.1	-13.40	7	3		
REP1534d	NZ_CP064065.1	5502743	5502758	81.2	-5.70	5	6		
REP1534c	NZ_CP064065.1	5502792	5502803	58.3	-2.60	4	4		
REP1245a	NZ_CP064065.1	5503022	5503065	70.5	-42.20	20	4		
REP1245b	NZ_CP064065.1	5503294	5503307	92.9	-2.00	4	4	_c1	
REP1245d	NZ_CP064065.1	5503837	5503864	64.3	-9.70	10	6	_c1	
REP1533c	NZ_CP064065.1	5504770	5504799	70.0	-11.40	11	4	_c1_c1	
REP1533a	NZ_CP064065.1	5504940	5504963	70.8	-12.10	8	8		
REP1246	NZ_CP064065.1	5505466	5505484	63.2	-11.00	7	5		
REP1532d	NZ_CP064065.1	5506741	5506753	84.6	-3.60	4	5		
REP1532b	NZ_CP064065.1	5506946	5506957	83.3	-5.30	4	4		
REP1532a	NZ_CP064065.1	5507019	5507045	81.5	-16.20	10	5	_c1	
REP1247a	NZ_CP064065.1	5507125	5507148	66.7	-13.30	8	8		
REP1247b	NZ_CP064065.1	5507163	5507181	63.2	-11.10	8	3		
REP1247c	NZ_CP064065.1	5507358	5507378	71.4	-15.00	8	5		
REP1247d	NZ_CP064065.1	5507449	5507460	66.7	-2.70	4	4		
REP1531d	NZ_CP064065.1	5508114	5508144	87.1	-28.70	13	5		
REP1531c	NZ_CP064065.1	5508166	5508201	77.8	-24.00	11	14		
REP1531b	NZ_CP064065.1	5508198	5508214	82.4	-11.80	7	3		
REP1531a	NZ_CP064065.1	5508246	5508263	72.2	-7.30	5	8		
REP1530c	NZ_CP064065.1	5510189	5510203	80.0	-0.80	4	5	_c1	
REP1530b	NZ_CP064065.1	5510273	5510293	85.7	-7.10	5	11		
REP1530a	NZ_CP064065.1	5510326	5510358	72.7	-29.50	15	3		
REP1248c	NZ_CP064065.1	5510430	5510446	70.6	-7.40	6	5		
REP1248d	NZ_CP064065.1	5510637	5510651	100.0	-10.00	6	3		
REP1529c	NZ_CP064065.1	5510637	5510677	87.8	-30.70	14	11	_c1	
REP1529b	NZ_CP064065.1	5510663	5510677	100.0	-10.00	6	3		
REP1529a	NZ_CP064065.1	5510671	5510695	80.0	-13.00	7	11		
REP1249a	NZ_CP064065.1	5511055	5511078	66.7	-13.90	8	8		
REP1249c	NZ_CP064065.1	5511261	5511276	75.0	-9.20	6	4		
REP1249d	NZ_CP064065.1	5511389	5511412	75.0	-17.80	9	6		
REP1250	NZ_CP064065.1	5517206	5517220	80.0	-9.80	6	3		
REP1528d	NZ_CP064065.1	5517461	5517503	72.1	-15.30	13	3	_c1_c1_c2_c1	
REP1528b	NZ_CP064065.1	5518012	5518023	91.7	-6.50	4	4		
REP1528a	NZ_CP064065.1	5518028	5518052	76.0	-12.50	9	5	_c1	
REP1251a	NZ_CP064065.1	5518156	5518181	80.8	-23.70	11	4		
REP1251b	NZ_CP064065.1	5518214	5518236	78.3	-15.70	8	7		
REP1252	NZ_CP064065.1	5520596	5520633	84.2	-40.80	16	6		
REP1527c	NZ_CP064065.1	5523328	5523338	100.0	-4.30	3	4		
REP1527b	NZ_CP064065.1	5523418	5523432	80.0	-8.80	5	5		
REP1527a	NZ_CP064065.1	5523513	5523541	79.3	-29.00	13	3		
REP1253b	NZ_CP064065.1	5523685	5523705	85.7	-16.60	8	5		
REP1253d	NZ_CP064065.1	5523862	5523881	55.0	-6.60	7	4	_c1	
REP1526	NZ_CP064065.1	5524215	5524245	54.8	-13.80	11	5	_c2	
REP1525d	NZ_CP064065.1	5527796	5527807	91.7	-4.00	4	4		
REP1525c	NZ_CP064065.1	5527931	5527952	81.8	-12.20	7	8		
REP1254a	NZ_CP064065.1	5528085	5528115	87.1	-16.90	8	15		
REP1254b	NZ_CP064065.1	5528223	5528244	72.7	-10.60	7	8		
REP1254c	NZ_CP064065.1	5528376	5528393	77.8	-4.10	4	7		
REP1524d	NZ_CP064065.1	5530575	5530586	75.0	-6.40	4	4		
REP1524c	NZ_CP064065.1	5530621	5530632	75.0	-4.70	4	4		
REP1255a	NZ_CP064065.1	5530663	5530706	68.2	-36.60	19	4	_c1	
REP1255c	NZ_CP064065.1	5530791	5530801	90.9	-3.40	4	3		
REP1256b	NZ_CP064065.1	5534558	5534569	75.0	-3.30	4	4		
REP1256c	NZ_CP064065.1	5534596	5534612	94.1	-13.30	7	3		
REP1523d	NZ_CP064065.1	5535246	5535264	63.2	-3.80	6	5	_c1	
REP1523b	NZ_CP064065.1	5535527	5535538	83.3	-6.10	4	4		
REP1257a	NZ_CP064065.1	5536064	5536114	60.8	-34.30	21	3	_c2_c1	
REP1257c	NZ_CP064065.1	5536211	5536230	85.0	-15.90	7	6		
REP1257d	NZ_CP064065.1	5536386	5536410	72.0	-12.30	8	9		
REP1522	NZ_CP064065.1	5536566	5536586	81.0	-15.30	9	3		
REP1521d	NZ_CP064065.1	5539265	5539279	80.0	-9.90	5	5		
REP1521b	NZ_CP064065.1	5539437	5539448	66.7	-3.20	4	4		
REP1521a	NZ_CP064065.1	5539505	5539536	62.5	-20.40	13	4	_c1	
REP1258a	NZ_CP064065.1	5539567	5539578	83.3	-5.90	4	4		
REP1258d	NZ_CP064065.1	5539742	5539765	75.0	-7.90	7	8	_c1	
REP1520c	NZ_CP064065.1	5542910	5542928	73.7	-10.00	7	5		
REP1520b	NZ_CP064065.1	5543193	5543207	100.0	-10.10	6	3		
REP1259a	NZ_CP064065.1	5543315	5543354	70.0	-42.30	17	4		
REP1259b	NZ_CP064065.1	5543401	5543418	88.9	-11.00	7	4		
REP1259c	NZ_CP064065.1	5543492	5543503	66.7	-2.60	4	4		
REP1259d	NZ_CP064065.1	5543593	5543610	66.7	-7.40	7	4		
REP1519d	NZ_CP064065.1	5546186	5546212	70.4	-15.30	9	5	_c2	
REP1519c	NZ_CP064065.1	5546364	5546384	66.7	-14.60	8	5		
REP1519b	NZ_CP064065.1	5546422	5546460	82.1	-41.30	18	3		
REP1260c	NZ_CP064065.1	5546723	5546734	66.7	-2.80	4	4		
REP1260d	NZ_CP064065.1	5546754	5546765	75.0	-2.60	4	4		
REP1518	NZ_CP064065.1	5547464	5547479	37.5	-3.30	6	4		
REP1517d	NZ_CP064065.1	5550180	5550195	93.8	-12.30	6	4		
REP1517c	NZ_CP064065.1	5550225	5550238	71.4	-1.80	3	4		
REP1517b	NZ_CP064065.1	5550274	5550298	72.0	-7.90	5	8		
REP1261b	NZ_CP064065.1	5551402	5551416	80.0	-5.60	5	5		
REP1261c	NZ_CP064065.1	5551545	5551555	72.7	-2.30	3	5		
REP1516d	NZ_CP064065.1	5553133	5553154	85.7	-7.80	5	10		
REP1516b	NZ_CP064065.1	5553663	5553680	72.2	-7.00	6	4	_c1	
REP1516a	NZ_CP064065.1	5553815	5553839	72.0	-11.10	7	11		
REP1262a	NZ_CP064065.1	5554224	5554242	68.4	-12.00	8	3		
REP1262b	NZ_CP064065.1	5554255	5554282	85.7	-16.60	9	10		
REP1515d	NZ_CP064065.1	5560083	5560104	72.7	-12.70	8	4	_c1	
REP1515a	NZ_CP064065.1	5560432	5560454	91.3	-16.20	10	3		
REP1263a	NZ_CP064065.1	5560579	5560602	87.5	-23.10	10	4		
REP1263c	NZ_CP064065.1	5560602	5560623	86.4	-17.50	8	6		
REP1263d	NZ_CP064065.1	5560689	5560704	93.8	-10.90	6	4		
REP1264a	NZ_CP064065.1	5564019	5564038	90.0	-13.60	7	6		
REP1514a	NZ_CP064065.1	5564111	5564131	80.0	-15.30	8	3		
REP1264d	NZ_CP064065.1	5564567	5564586	80.0	-12.80	8	4		
REP1513c	NZ_CP064065.1	5564718	5564734	70.6	-8.80	7	3		
REP1513b	NZ_CP064065.1	5565084	5565103	75.0	-5.70	6	6	_c1	
REP1512c	NZ_CP064065.1	5567930	5567950	42.9	-3.70	7	5	_c1	
REP1512b	NZ_CP064065.1	5567963	5567980	61.1	-10.70	7	4		
REP1512a	NZ_CP064065.1	5568360	5568386	76.9	-8.90	6	9		
REP1511a	NZ_CP064065.1	5569751	5569785	82.9	-30.50	15	3	_c1	
REP1510	NZ_CP064065.1	5570877	5570907	74.2	-26.80	14	3		
REP1509b	NZ_CP064065.1	5572113	5572129	88.2	-8.10	5	7		
REP1509a	NZ_CP064065.1	5572152	5572169	83.3	-5.90	4	7		
REP1265b	NZ_CP064065.1	5572470	5572487	83.3	-7.40	6	4	_c1	
REP1266	NZ_CP064065.1	5573678	5573707	80.0	-22.40	11	8		
REP1508c	NZ_CP064065.1	5574552	5574563	100.0	-3.50	3	4		
REP1508b	NZ_CP064065.1	5574615	5574635	95.2	-10.10	6	3	_c1	
REP1508a	NZ_CP064065.1	5574798	5574812	73.3	-4.00	5	5		
REP1267b	NZ_CP064065.1	5575500	5575516	88.2	-10.60	7	3		
REP1507b	NZ_CP064065.1	5578407	5578420	71.4	-6.50	5	4		
REP1268a	NZ_CP064065.1	5578868	5578892	80.0	-11.60	7	11		
REP1268b	NZ_CP064065.1	5578921	5578939	73.7	-12.90	7	3		
REP1268c	NZ_CP064065.1	5579008	5579019	91.7	-4.40	4	4		
REP1268d	NZ_CP064065.1	5579030	5579053	69.6	-10.80	8	4	_c1	
REP1269b	NZ_CP064065.1	5580293	5580319	88.9	-20.90	11	5		
REP1269c	NZ_CP064065.1	5580329	5580343	80.0	-6.30	5	5		
REP1506d	NZ_CP064065.1	5588607	5588624	66.7	-2.90	5	6	_c1	
REP1506c	NZ_CP064065.1	5588679	5588695	70.6	-3.20	4	9		
REP1506a	NZ_CP064065.1	5589226	5589254	65.5	-10.80	10	5	_c1_c1	
REP1270a	NZ_CP064065.1	5589745	5589756	100.0	-4.40	4	4		
REP1270b	NZ_CP064065.1	5589840	5589851	75.0	-5.00	4	4		
REP1270d	NZ_CP064065.1	5589944	5589967	70.8	-11.40	8	4	_c2	
REP1505c	NZ_CP064065.1	5594403	5594417	73.3	-3.30	4	7		
REP1271b	NZ_CP064065.1	5594656	5594673	77.8	-4.40	6	4	_c1	
REP1271c	NZ_CP064065.1	5594780	5594798	78.9	-11.90	7	5		
REP1271d	NZ_CP064065.1	5594888	5594898	72.7	-2.50	3	5		
REP1504	NZ_CP064065.1	5595471	5595489	73.7	-11.70	8	3		
REP1503c	NZ_CP064065.1	5597018	5597043	73.1	-11.10	9	4	_c2	
REP1503a	NZ_CP064065.1	5597335	5597368	79.4	-18.00	11	6	_c1_c1_c1	
REP1272b	NZ_CP064065.1	5597502	5597525	87.5	-16.20	9	4	_c1	
REP1272d	NZ_CP064065.1	5597866	5597885	85.0	-7.30	7	4	_c1	
REP1502c	NZ_CP064065.1	5608927	5608949	87.0	-6.50	6	5	_c3	
REP1273a	NZ_CP064065.1	5609384	5609410	77.8	-19.60	11	5		
REP1273b	NZ_CP064065.1	5609418	5609429	91.7	-5.90	4	4		
REP1273c	NZ_CP064065.1	5609604	5609632	58.6	-16.00	11	5	_c1	
REP1273d	NZ_CP064065.1	5609604	5609662	59.3	-34.60	23	5	_c1_c1_c1_c1	
REP1274	NZ_CP064065.1	5610214	5610241	60.7	-21.80	12	4		
REP1501d	NZ_CP064065.1	5611377	5611401	92.0	-16.50	8	9		
REP1501c	NZ_CP064065.1	5611493	5611516	87.5	-16.50	8	8		
REP1275c	NZ_CP064065.1	5611686	5611703	88.9	-7.50	5	8		
REP1275d	NZ_CP064065.1	5611806	5611819	85.7	-4.30	4	4	_c1	
REP1277	NZ_CP064065.1	5616158	5616180	56.5	-7.40	7	7	_c1	
REP1500d	NZ_CP064065.1	5617006	5617031	80.8	-10.70	8	4	_c2_c1	
REP1278b	NZ_CP064065.1	5617594	5617609	81.2	-10.00	6	4		
REP1278c	NZ_CP064065.1	5617746	5617768	60.9	-15.50	9	5		
REP1499d	NZ_CP064065.1	5620299	5620325	70.4	-15.80	9	9		
REP1499c	NZ_CP064065.1	5620412	5620428	82.4	-7.60	7	3		
REP1499b	NZ_CP064065.1	5620852	5620872	80.0	-8.30	7	3	_c1	
REP1279a	NZ_CP064065.1	5620977	5621013	78.4	-35.60	16	5		
REP1279c	NZ_CP064065.1	5621042	5621054	100.0	-4.00	4	5		
REP1279d	NZ_CP064065.1	5621072	5621085	92.9	-4.20	3	4		
REP1498d	NZ_CP064065.1	5624235	5624253	68.4	-4.00	6	5	_c1	
REP1498c	NZ_CP064065.1	5624275	5624286	66.7	-3.10	4	4		
REP1498b	NZ_CP064065.1	5624412	5624449	89.5	-34.50	16	4	_c1	
REP1280b	NZ_CP064065.1	5624462	5624512	56.9	-32.80	22	5	_c1	
REP1280c	NZ_CP064065.1	5624529	5624552	91.7	-14.60	9	4	_c1	
REP1281b	NZ_CP064065.1	5630816	5630838	56.5	-7.00	7	9		
REP1281d	NZ_CP064065.1	5630866	5630890	88.0	-18.10	9	5	_c1	
REP1282	NZ_CP064065.1	5632236	5632252	41.2	-7.00	7	3		
REP1283	NZ_CP064065.1	5632766	5632783	70.6	-4.60	5	4	_c1	
REP1495b	NZ_CP064065.1	5633086	5633112	55.6	-11.20	7	7	_c2	
REP1284a	NZ_CP064065.1	5633265	5633310	71.7	-38.80	19	6	_c1	
REP1284c	NZ_CP064065.1	5633361	5633376	81.2	-11.20	6	4		
REP1284d	NZ_CP064065.1	5633656	5633672	88.2	-8.10	5	7		
REP1494d	NZ_CP064065.1	5636293	5636312	90.0	-11.10	7	4	_c1	
REP1494c	NZ_CP064065.1	5636515	5636532	94.4	-14.00	7	4		
REP1494a	NZ_CP064065.1	5636561	5636572	83.3	-4.50	4	4		
REP1285a	NZ_CP064065.1	5636805	5636829	76.0	-10.10	8	5	_c2	
REP1285b	NZ_CP064065.1	5636868	5636898	80.6	-18.80	11	7	_c1	
REP1285c	NZ_CP064065.1	5636965	5636982	77.8	-8.30	7	4		
REP1285d	NZ_CP064065.1	5637413	5637432	80.0	-12.20	7	6		
REP1492b	NZ_CP064065.1	5637971	5637999	72.4	-12.80	9	5	_c1	
REP1286a	NZ_CP064065.1	5638323	5638335	92.3	-5.00	4	5		
REP1286c	NZ_CP064065.1	5638493	5638514	95.5	-13.10	7	8		
REP1286b	NZ_CP064065.1	5638494	5638511	94.1	-5.50	4	8		
REP1286d	NZ_CP064065.1	5638593	5638615	82.6	-13.90	7	9		
REP1491d	NZ_CP064065.1	5640324	5640340	76.5	-8.00	5	7		
REP1491c	NZ_CP064065.1	5640382	5640395	92.9	-12.20	5	4		
REP1491b	NZ_CP064065.1	5640450	5640460	63.6	0.70	3	5		
REP1491a	NZ_CP064065.1	5640508	5640519	75.0	-5.40	4	4		
REP1288b	NZ_CP064065.1	5640884	5640897	71.4	-6.60	5	4		
REP1489	NZ_CP064065.1	5642653	5642683	80.6	-31.60	13	5		
REP1488d	NZ_CP064065.1	5644912	5644923	75.0	-3.00	4	4		
REP1488b	NZ_CP064065.1	5644983	5645005	87.0	-14.60	7	9		
REP1488a	NZ_CP064065.1	5645032	5645058	63.0	-12.60	10	5	_c1	
REP1289b	NZ_CP064065.1	5645213	5645226	92.9	-9.80	5	4		
REP1289c	NZ_CP064065.1	5645266	5645278	69.2	-3.70	4	5		
REP1289d	NZ_CP064065.1	5645340	5645353	71.4	-4.20	5	4		
REP1487b	NZ_CP064065.1	5645557	5645572	87.5	-4.40	4	8		
REP1290b	NZ_CP064065.1	5646143	5646157	86.7	-5.20	5	5		
REP1290c	NZ_CP064065.1	5646241	5646257	76.5	-5.50	5	7		
REP1290d	NZ_CP064065.1	5646284	5646295	58.3	-4.10	4	4		
REP1291	NZ_CP064065.1	5648279	5648305	81.5	-25.50	12	3		
REP1292	NZ_CP064065.1	5651132	5651168	59.5	-26.10	14	5	_c1	
REP1486d	NZ_CP064065.1	5651417	5651442	84.6	-5.80	7	4	_c2_c2	
REP1486b	NZ_CP064065.1	5651596	5651608	84.6	-4.80	4	5		
REP1486a	NZ_CP064065.1	5651689	5651714	76.9	-15.00	9	8		
REP1293b	NZ_CP064065.1	5651886	5651909	52.2	-3.10	5	12		
REP1293d	NZ_CP064065.1	5652128	5652155	89.3	-22.20	11	4	_c1	
REP1294	NZ_CP064065.1	5654923	5654938	87.5	-8.40	5	6		
REP1485d	NZ_CP064065.1	5667807	5667823	76.5	-4.80	5	7		
REP1485c	NZ_CP064065.1	5667861	5667876	56.2	-6.10	6	4		
REP1485b	NZ_CP064065.1	5667991	5668008	83.3	-11.70	7	4		
REP1297a	NZ_CP064065.1	5668048	5668074	85.2	-15.90	10	5	_c1	
REP1298	NZ_CP064065.1	5677756	5677778	65.2	-16.50	9	5		
REP1299a	NZ_CP064065.1	5678010	5678031	72.7	-17.30	9	4		
REP1299b	NZ_CP064065.1	5678036	5678067	90.6	-30.30	12	8		
REP1484b	NZ_CP064065.1	5678758	5678786	82.8	-18.00	11	5	_c1	
REP1300b	NZ_CP064065.1	5679009	5679027	84.2	-7.40	6	5	_c1	
REP1483d	NZ_CP064065.1	5680272	5680286	86.7	-7.90	6	3		
REP1483c	NZ_CP064065.1	5680571	5680587	64.7	-9.10	7	3		
REP1483a	NZ_CP064065.1	5681418	5681429	83.3	-5.00	4	4		
REP1301a	NZ_CP064065.1	5681464	5681485	77.3	-8.90	7	8		
REP1302a	NZ_CP064065.1	5683401	5683418	66.7	-5.70	5	8		
REP1482d	NZ_CP064065.1	5685181	5685192	75.0	-3.70	4	4		
REP1482c	NZ_CP064065.1	5685238	5685250	69.2	-2.70	4	5		
REP1482b	NZ_CP064065.1	5685359	5685373	80.0	-8.30	5	5		
REP1303a	NZ_CP064065.1	5685453	5685500	70.8	-39.90	20	4	_c2	
REP1303b	NZ_CP064065.1	5685498	5685512	93.3	-10.10	6	3		
REP1303d	NZ_CP064065.1	5685644	5685658	93.3	-10.10	6	3		
REP1481b	NZ_CP064065.1	5687564	5687581	77.8	-2.70	5	6	_c1	
REP1304b	NZ_CP064065.1	5691598	5691647	72.0	-35.70	18	12	_c1	
REP1304d	NZ_CP064065.1	5691645	5691657	84.6	-6.80	5	3		
REP1305	NZ_CP064065.1	5692248	5692259	100.0	-5.20	4	4		
REP1480c	NZ_CP064065.1	5697294	5697313	95.0	-13.20	7	4	_c1	
REP1480b	NZ_CP064065.1	5697337	5697352	75.0	-9.50	6	4		
REP1306a	NZ_CP064065.1	5697666	5697695	96.7	-23.20	11	4	_c1_c1	
REP1306d	NZ_CP064065.1	5697950	5697965	75.0	-9.00	6	4		
REP1479c	NZ_CP064065.1	5700932	5700961	72.4	-19.90	12	4		
REP1308d	NZ_CP064065.1	5700983	5701000	88.2	-10.20	6	4		
REP1478b	NZ_CP064065.1	5702740	5702758	77.8	-5.20	4	5		
REP1478a	NZ_CP064065.1	5702863	5702878	75.0	-8.50	6	4		
REP1477d	NZ_CP064065.1	5704029	5704052	83.3	-11.40	7	10		
REP1477a	NZ_CP064065.1	5704165	5704192	71.4	-21.60	11	6		
REP1309a	NZ_CP064065.1	5704584	5704600	100.0	-12.50	7	3		
REP1309b	NZ_CP064065.1	5704599	5704614	81.2	-7.60	5	4	_c1	
REP1309d	NZ_CP064065.1	5704828	5704843	81.2	-11.40	6	4		
REP1310a	NZ_CP064065.1	5708930	5708940	80.0	0.10	2	5		
REP1310b	NZ_CP064065.1	5709097	5709114	77.8	-7.60	6	4	_c1	
REP1310c	NZ_CP064065.1	5709133	5709153	71.4	-13.00	8	5		
REP1476d	NZ_CP064065.1	5711173	5711190	72.2	-11.40	7	4		
REP1476c	NZ_CP064065.1	5711253	5711275	65.2	-9.70	7	9		
REP1476b	NZ_CP064065.1	5711271	5711287	70.6	-6.30	6	5		
REP1476a	NZ_CP064065.1	5711306	5711342	75.7	-23.70	15	3	_c1_c1	
REP1312a	NZ_CP064065.1	5711446	5711467	77.3	-10.20	7	6	_c1	
REP1312b	NZ_CP064065.1	5711489	5711499	63.6	-0.80	3	5		
REP1312c	NZ_CP064065.1	5711637	5711666	80.0	-11.00	9	8	_c1_c1	
REP1475d	NZ_CP064065.1	5715174	5715185	83.3	-1.90	3	6		
REP1313b	NZ_CP064065.1	5715614	5715634	66.7	-10.80	6	7		
REP1313c	NZ_CP064065.1	5715912	5715924	61.5	-2.80	4	5		
REP1472d	NZ_CP064065.1	5727855	5727866	83.3	-4.00	4	4		
REP1472a	NZ_CP064065.1	5728008	5728019	91.7	-6.40	4	4		
REP1314b	NZ_CP064065.1	5728390	5728405	56.2	-4.00	5	6		
REP1314c	NZ_CP064065.1	5728702	5728722	71.4	-6.80	8	3	_c1	
REP1315	NZ_CP064065.1	5733447	5733465	78.9	-11.90	7	5		
REP1316	NZ_CP064065.1	5734264	5734297	82.4	-31.40	15	4		
REP1471b	NZ_CP064065.1	5735057	5735073	82.4	-9.30	6	5		
REP1471a	NZ_CP064065.1	5735173	5735188	68.8	-7.90	6	4		
REP1317b	NZ_CP064065.1	5735356	5735372	94.1	-12.50	7	3		
REP1317c	NZ_CP064065.1	5735356	5735395	80.0	-26.80	14	10	_c1	
REP1317d	NZ_CP064065.1	5735408	5735428	81.0	-8.20	7	5	_c1	
REP1318	NZ_CP064065.1	5737309	5737322	57.1	-2.00	5	4		
REP1470d	NZ_CP064065.1	5738311	5738329	94.7	-8.60	6	5	_c1	
REP1470c	NZ_CP064065.1	5738346	5738362	88.2	-7.10	5	7		
REP1470a	NZ_CP064065.1	5738392	5738415	83.3	-12.20	8	6	_c1	
REP1319a	NZ_CP064065.1	5738581	5738604	69.6	-7.70	7	6	_c1	
REP1469d	NZ_CP064065.1	5740307	5740326	90.0	-9.60	5	5		
REP1320b	NZ_CP064065.1	5740948	5740961	78.6	-4.90	5	4		
REP1320c	NZ_CP064065.1	5741066	5741089	58.3	-11.70	9	4	_c1	
REP1468	NZ_CP064065.1	5742575	5742591	64.7	-7.10	7	3		
REP1467b	NZ_CP064065.1	5743245	5743260	100.0	-10.60	6	4		
REP1467a	NZ_CP064065.1	5743263	5743282	80.0	-11.40	7	6		
REP1466a	NZ_CP064065.1	5743818	5743855	65.8	-34.60	16	6		
REP1465c	NZ_CP064065.1	5748421	5748438	83.3	-12.20	7	4		
REP1465a	NZ_CP064065.1	5748763	5748785	65.2	-12.30	8	7		
REP1322b	NZ_CP064065.1	5749096	5749109	100.0	-8.80	5	4		
REP1322c	NZ_CP064065.1	5749125	5749143	78.9	-5.00	6	5	_c1	
REP1464b	NZ_CP064065.1	5749755	5749770	100.0	-13.00	6	4		
REP1464a	NZ_CP064065.1	5749821	5749832	100.0	-6.40	4	4		
REP1463d	NZ_CP064065.1	5752579	5752590	100.0	-5.10	4	4		
REP1463c	NZ_CP064065.1	5752701	5752716	75.0	-5.00	4	3		
REP1463b	NZ_CP064065.1	5752711	5752754	72.7	-18.20	13	10	_c3_c1	
REP1463a	NZ_CP064065.1	5752872	5752889	83.3	-13.50	7	4		
REP1323a	NZ_CP064065.1	5752954	5752977	66.7	-6.00	7	8	_c1	
REP1323b	NZ_CP064065.1	5753002	5753012	81.8	-3.20	3	5		
REP1324a	NZ_CP064065.1	5757790	5757822	90.9	-33.00	14	5		
REP1324b	NZ_CP064065.1	5757833	5757855	87.0	-10.20	8	5	_c1	
REP1462d	NZ_CP064065.1	5768348	5768386	66.7	-20.60	13	5	_c4	
REP1462c	NZ_CP064065.1	5768410	5768421	66.7	-4.00	4	4		
REP1462a	NZ_CP064065.1	5768438	5768451	71.4	-3.30	4	6		
REP1325a	NZ_CP064065.1	5768735	5768757	69.6	-9.40	8	5	_c1	
REP1325b	NZ_CP064065.1	5768891	5768907	76.5	-4.80	5	5	_c1	
REP1325d	NZ_CP064065.1	5769246	5769258	61.5	-3.10	4	5		
REP1461c	NZ_CP064065.1	5777048	5777068	90.0	-12.10	7	5		
REP1327c	NZ_CP064065.1	5777543	5777587	84.4	-38.00	19	3	_c1_c1	
REP1328	NZ_CP064065.1	5781040	5781073	67.6	-16.70	11	8	_c2	
REP1329	NZ_CP064065.1	5782594	5782611	94.4	-13.80	7	4		
REP1330	NZ_CP064065.1	5787994	5788012	94.7	-13.00	7	5		
REP1331a	NZ_CP064065.1	5789001	5789014	50.0	-4.60	5	4		
REP1331b	NZ_CP064065.1	5789054	5789072	78.9	-11.50	7	5		
REP1332b	NZ_CP064065.1	5794082	5794106	80.0	-12.70	8	9		
REP1332c	NZ_CP064065.1	5794149	5794164	87.5	-10.40	6	4		
REP1333a	NZ_CP064065.1	5797092	5797130	89.7	-44.70	17	5		
REP1334	NZ_CP064065.1	5798344	5798365	86.4	-14.30	8	6		
REP1460c	NZ_CP064065.1	5801590	5801609	80.0	-11.60	7	6		
REP1460a	NZ_CP064065.1	5801653	5801695	83.7	-39.70	18	5	_c1	
REP1335d	NZ_CP064065.1	5801820	5801838	89.5	-12.80	8	3		
REP1459c	NZ_CP064065.1	5802768	5802814	68.1	-41.60	21	5		
REP1459b	NZ_CP064065.1	5802896	5802911	37.5	-1.60	5	6		
REP1459a	NZ_CP064065.1	5803066	5803082	94.1	-9.80	7	3		
REP1458d	NZ_CP064065.1	5806529	5806543	73.3	-6.30	5	5		
REP1458c	NZ_CP064065.1	5806555	5806574	85.0	-12.30	8	4		
REP1458a	NZ_CP064065.1	5806626	5806643	88.9	-11.90	7	4		
REP1336c	NZ_CP064065.1	5807339	5807355	70.6	-8.20	7	3		
REP1336d	NZ_CP064065.1	5807365	5807393	79.3	-13.30	11	5	_c1	
REP1457	NZ_CP064065.1	5807914	5807964	60.8	-38.70	21	7	_c1	
REP1456d	NZ_CP064065.1	5813827	5813843	64.7	-7.80	7	3		
REP1456b	NZ_CP064065.1	5814056	5814082	85.2	-19.00	10	5	_c1	
REP1456a	NZ_CP064065.1	5814123	5814164	81.0	-46.40	19	4		
REP1455c	NZ_CP064065.1	5814948	5814963	75.0	-10.10	6	4		
REP1455a	NZ_CP064065.1	5815156	5815192	78.4	-32.50	15	5	_c1	
REP1338a	NZ_CP064065.1	5818924	5818959	77.8	-35.70	16	4		
REP1338c	NZ_CP064065.1	5819075	5819088	78.6	-5.10	5	4		
REP1338d	NZ_CP064065.1	5819198	5819216	78.9	-12.50	7	5		
REP1453d	NZ_CP064065.1	5821846	5821866	61.9	-13.70	9	3		
REP1453a	NZ_CP064065.1	5822656	5822691	77.8	-37.50	16	4		
REP1339	NZ_CP064065.1	5829552	5829567	68.8	-7.20	5	6		
REP1340	NZ_CP064065.1	5831469	5831480	83.3	-5.30	4	4		
REP1343a	NZ_CP064065.1	5834718	5834732	73.3	-5.90	6	3		
REP1343b	NZ_CP064065.1	5834748	5834759	75.0	-2.80	4	4		
REP1452d	NZ_CP064065.1	5835840	5835851	91.7	-4.70	4	4		
REP1452b	NZ_CP064065.1	5835860	5835881	77.3	-7.20	4	6		
REP1344b	NZ_CP064065.1	5835899	5835910	58.3	-3.60	4	4		
REP1344d	NZ_CP064065.1	5836077	5836089	84.6	-4.20	4	5		
REP1451d	NZ_CP064065.1	5837523	5837544	72.7	-10.50	7	8		
REP1451c	NZ_CP064065.1	5837958	5837986	75.9	-6.70	7	5	_c5	
REP1451b	NZ_CP064065.1	5837967	5837980	85.7	-3.90	3	5		
REP1345a	NZ_CP064065.1	5838001	5838017	94.1	-13.30	7	3		
REP1345b	NZ_CP064065.1	5838049	5838063	73.3	-8.20	6	3		
REP1345c	NZ_CP064065.1	5838112	5838135	75.0	-12.90	8	8		
REP1345d	NZ_CP064065.1	5838165	5838180	81.2	-8.00	6	4		
REP1450	NZ_CP064065.1	5839144	5839156	76.9	-5.60	4	5		
REP1449d	NZ_CP064065.1	5841927	5841943	88.2	-11.70	6	5		
REP1449a	NZ_CP064065.1	5842012	5842031	75.0	-3.60	5	8	_c1	
REP1347a	NZ_CP064065.1	5844285	5844309	92.0	-17.70	10	3	_c1	
REP1347c	NZ_CP064065.1	5844512	5844525	78.6	-8.40	5	4		
REP1347d	NZ_CP064065.1	5844593	5844609	82.4	-11.30	6	5		
REP1348	NZ_CP064065.1	5856878	5856896	94.7	-15.10	7	5		
REP1448d	NZ_CP064065.1	5859231	5859242	66.7	1.20	2	8		
REP1448c	NZ_CP064065.1	5859303	5859318	75.0	-8.10	5	6		
REP1349b	NZ_CP064065.1	5859526	5859538	76.9	-2.90	4	5		
REP1349d	NZ_CP064065.1	5860009	5860031	78.3	-12.00	7	7	_c1	
REP1446d	NZ_CP064065.1	5862942	5862956	86.7	-8.90	6	3		
REP1350b	NZ_CP064065.1	5862946	5862965	95.0	-16.80	8	4		
REP1350c	NZ_CP064065.1	5862949	5862973	96.0	-17.80	9	7		
REP1446a	NZ_CP064065.1	5862959	5862973	100.0	-8.40	5	5		
REP1351b	NZ_CP064065.1	5864510	5864533	70.8	-11.40	8	8		
REP1445c	NZ_CP064065.1	5865273	5865292	90.0	-11.80	7	4	_c1	
REP1445b	NZ_CP064065.1	5865452	5865467	75.0	-8.10	6	4		
REP1352a	NZ_CP064065.1	5865648	5865673	69.2	-9.20	9	4	_c1_c1	
REP1352b	NZ_CP064065.1	5865778	5865797	80.0	-12.60	7	6		
REP1352c	NZ_CP064065.1	5865882	5865903	81.8	-11.60	7	8		
REP1352d	NZ_CP064065.1	5866155	5866204	64.0	-28.80	17	6	_c2_c2_c1	
REP1444c	NZ_CP064065.1	5874013	5874024	91.7	-5.30	4	4		
REP1444a	NZ_CP064065.1	5874336	5874353	88.9	-13.90	7	4		
REP1353a	NZ_CP064065.1	5874495	5874512	66.7	-5.00	6	4	_c1	
REP1353b	NZ_CP064065.1	5874663	5874679	81.2	-2.90	4	7		
REP1353c	NZ_CP064065.1	5874721	5874740	75.0	-13.20	8	4		
REP1354a	NZ_CP064065.1	5877574	5877589	93.8	-9.20	5	6		
REP1443d	NZ_CP064065.1	5882227	5882248	63.6	-7.40	7	4	_c1	
REP1443b	NZ_CP064065.1	5882495	5882509	80.0	-7.80	5	5		
REP1443a	NZ_CP064065.1	5882518	5882551	76.5	-34.70	15	4		
REP1355b	NZ_CP064065.1	5882632	5882678	80.9	-21.50	15	5	_c1_c4_c1	
REP1355d	NZ_CP064065.1	5882713	5882729	82.4	-11.20	7	3		
REP1442d	NZ_CP064065.1	5886906	5886923	83.3	-9.00	5	4		
REP1442c	NZ_CP064065.1	5887108	5887120	84.6	-4.80	4	5		
REP1442b	NZ_CP064065.1	5887139	5887163	76.0	-14.70	9	7		
REP1356a	NZ_CP064065.1	5887436	5887455	85.0	-13.00	8	4		
REP1356b	NZ_CP064065.1	5887764	5887778	86.7	-6.20	5	5		
REP1356c	NZ_CP064065.1	5887848	5887865	83.3	-12.60	7	4		
REP1441b	NZ_CP064065.1	5889132	5889147	81.2	-8.70	6	4		
REP1440d	NZ_CP064065.1	5897832	5897847	56.2	-9.10	6	4		
REP1440b	NZ_CP064065.1	5897999	5898031	66.7	-20.10	13	5	_c1	
REP1440a	NZ_CP064065.1	5898464	5898480	70.6	-9.00	5	5		
REP1357a	NZ_CP064065.1	5898538	5898564	74.1	-15.70	10	5	_c1	
REP1357d	NZ_CP064065.1	5899099	5899119	85.7	-12.60	7	7		
REP1439	NZ_CP064065.1	5900179	5900192	92.9	-6.90	5	4		
REP1438b	NZ_CP064065.1	5904358	5904374	70.6	-2.00	6	3	_c1	
REP1438a	NZ_CP064065.1	5904585	5904606	45.5	-9.30	7	8		
REP1358c	NZ_CP064065.1	5905051	5905072	71.4	-7.60	5	6	_c1	
REP1359a	NZ_CP064065.1	5923442	5923455	78.6	-5.00	5	4		
REP1359b	NZ_CP064065.1	5923513	5923544	71.9	-16.80	10	4	_c2_c2	
REP1359c	NZ_CP064065.1	5923913	5923930	83.3	-7.20	5	6	_c1	
REP1437d	NZ_CP064065.1	5924351	5924365	80.0	-5.00	4	7		
REP1436c	NZ_CP064065.1	5925541	5925551	100.0	-3.40	4	3		
REP1436b	NZ_CP064065.1	5925604	5925620	58.8	-8.00	7	3		
REP1436a	NZ_CP064065.1	5926465	5926477	69.2	-4.30	5	3		
REP1360a	NZ_CP064065.1	5926897	5926938	61.9	-26.40	16	4	_c1_c2	
REP1360b	NZ_CP064065.1	5927009	5927037	72.4	-15.10	11	5	_c1	
REP1360c	NZ_CP064065.1	5927175	5927192	77.8	-9.40	6	6		
REP1360d	NZ_CP064065.1	5927216	5927260	71.1	-29.80	17	7	_c1_c1	
REP1435	NZ_CP064065.1	5927457	5927470	71.4	-8.80	5	4		
REP1361a	NZ_CP064065.1	5929876	5929894	63.2	-6.90	6	7		
REP1361b	NZ_CP064065.1	5930110	5930121	91.7	-6.40	4	4		
REP1434b	NZ_CP064065.1	5930287	5930297	72.7	-1.70	3	5		
REP1434a	NZ_CP064065.1	5930343	5930357	73.3	0.80	3	9		
REP1362	NZ_CP064065.1	5949859	5949878	75.0	-10.20	7	4	_c1	
REP1433d	NZ_CP064065.1	5950084	5950097	50.0	-2.70	5	4		
REP1363b	NZ_CP064065.1	5950460	5950479	60.0	-11.50	8	4		
REP1363c	NZ_CP064065.1	5950617	5950654	84.2	-29.40	15	4	_c1_c1	
REP1363d	NZ_CP064065.1	5950668	5950692	56.0	-11.60	8	9		
REP1432c	NZ_CP064065.1	5952102	5952118	62.5	-6.30	5	5		
REP1432b	NZ_CP064065.1	5952447	5952460	57.1	-0.10	4	4	_c1	
REP1432a	NZ_CP064065.1	5952516	5952528	61.5	-2.90	4	5		
REP1364c	NZ_CP064065.1	5953197	5953230	70.6	-20.20	12	6	_c1_c1	
REP1431d	NZ_CP064065.1	5960214	5960233	70.0	-11.00	7	6		
REP1431b	NZ_CP064065.1	5960747	5960782	66.7	-22.50	13	6	_c2	
REP1366a	NZ_CP064065.1	5961136	5961162	59.3	-20.00	12	3		
REP1366b	NZ_CP064065.1	5961188	5961206	57.9	-9.50	7	5		
REP1366c	NZ_CP064065.1	5961389	5961418	56.7	-10.00	11	4	_c1_c1	
REP1367b	NZ_CP064065.1	5962551	5962577	74.1	-8.30	9	5	_c1_c1	
REP1430a	NZ_CP064065.1	5962586	5962601	93.3	-4.30	3	4		
REP1367c	NZ_CP064065.1	5962632	5962642	63.6	-1.70	2	5		
REP1367d	NZ_CP064065.1	5962785	5962798	78.6	-5.90	5	4		
REP1368	NZ_CP064065.1	5965769	5965782	71.4	-6.40	4	6		
REP1369	NZ_CP064065.1	5966914	5966955	85.7	-39.30	16	10		
REP1370	NZ_CP064065.1	5971790	5971808	63.2	-8.20	7	5		
REP1429b	NZ_CP064065.1	5977576	5977604	82.8	-16.70	9	7	_c2	
REP1429a	NZ_CP064065.1	5977660	5977673	92.9	-8.80	5	4		
REP1371b	NZ_CP064065.1	5978021	5978032	58.3	-2.80	4	4		
REP1371c	NZ_CP064065.1	5978378	5978395	72.2	-9.20	7	4		
REP1428	NZ_CP064065.1	5984021	5984035	53.3	-0.30	4	7		
REP1372a	NZ_CP064065.1	5986887	5986906	90.0	-7.30	5	10		
REP1372b	NZ_CP064065.1	5986959	5986970	83.3	-5.70	4	4		
REP1427d	NZ_CP064065.1	5989273	5989305	72.7	-15.20	9	9	_c2	
REP1427b	NZ_CP064065.1	5989321	5989337	88.2	-11.30	6	5		
REP1427a	NZ_CP064065.1	5989442	5989458	82.4	-5.40	5	7		
REP1373a	NZ_CP064065.1	5989763	5989777	73.3	-5.20	5	5		
REP1426d	NZ_CP064065.1	5993643	5993658	75.0	-3.30	5	6		
REP1426c	NZ_CP064065.1	5993904	5993935	71.9	-16.50	13	6		
REP1426b	NZ_CP064065.1	5994377	5994392	87.5	-12.00	6	4		
REP1374a	NZ_CP064065.1	5994603	5994621	73.7	-5.90	6	5	_c1	
REP1374b	NZ_CP064065.1	5994674	5994685	75.0	-4.20	4	4		
REP1374c	NZ_CP064065.1	5994688	5994702	100.0	-10.00	6	3		
REP1374d	NZ_CP064065.1	5994726	5994741	68.8	-9.40	6	4		
REP1425d	NZ_CP064065.1	5999668	5999704	73.0	-15.50	12	9	_c1_c1	
REP1425b	NZ_CP064065.1	5999748	5999771	87.0	-11.70	6	6		
REP1376a	NZ_CP064065.1	5999905	5999939	88.6	-38.20	16	3		
REP1376b	NZ_CP064065.1	6000109	6000120	75.0	-2.80	4	4		
REP1376d	NZ_CP064065.1	6000529	6000543	86.7	-7.60	6	3		
REP1424c	NZ_CP064065.1	6002546	6002561	75.0	-10.00	6	4		
REP1424b	NZ_CP064065.1	6002739	6002759	90.5	-17.60	9	3		
REP1424a	NZ_CP064065.1	6002785	6002808	87.5	-11.80	6	3		
REP1377b	NZ_CP064065.1	6003119	6003133	80.0	-5.30	5	5		
REP1377c	NZ_CP064065.1	6003421	6003439	68.4	-10.90	6	5		
REP1422d	NZ_CP064065.1	6007808	6007824	64.7	-7.10	7	3		
REP1422b	NZ_CP064065.1	6008175	6008195	66.7	-10.10	7	7		
REP1378a	NZ_CP064065.1	6008281	6008317	89.2	-39.80	17	3		
REP1378b	NZ_CP064065.1	6008332	6008361	82.8	-20.10	11	4	_c1	
REP1378d	NZ_CP064065.1	6008383	6008408	69.2	-6.90	8	4	_c3	
REP1421d	NZ_CP064065.1	6014438	6014455	55.6	-9.10	7	4		
REP1421c	NZ_CP064065.1	6014538	6014553	56.2	-8.30	6	4		
REP1379c	NZ_CP064065.1	6015303	6015318	81.2	-4.70	5	4	_c1	
REP1379d	NZ_CP064065.1	6015343	6015358	81.2	-8.40	6	4		
REP1419d	NZ_CP064065.1	6018778	6018791	71.4	-3.20	4	6		
REP1419b	NZ_CP064065.1	6018926	6018938	69.2	-4.50	4	5		
REP1380b	NZ_CP064065.1	6019216	6019229	100.0	-8.10	5	4		
REP1380c	NZ_CP064065.1	6019366	6019381	62.5	-8.10	5	4		
REP1380d	NZ_CP064065.1	6019427	6019441	66.7	-4.50	5	5		
REP1381	NZ_CP064065.1	6024177	6024227	56.9	-28.10	19	7	_c2_c1	
REP1418d	NZ_CP064065.1	6024641	6024658	94.4	-6.40	6	4	_c1	
REP1418c	NZ_CP064065.1	6024754	6024768	80.0	-7.10	6	3		
REP1418b	NZ_CP064065.1	6024823	6024845	78.3	-13.70	8	7		
REP1418a	NZ_CP064065.1	6025103	6025166	76.6	-50.50	27	4	_c1_c1_c1	
REP1417d	NZ_CP064065.1	6031484	6031509	88.5	-22.40	10	6		
REP1417b	NZ_CP064065.1	6031545	6031580	80.6	-24.70	14	4	_c1_c1	
REP1417a	NZ_CP064065.1	6031568	6031603	77.8	-24.00	13	4	_c2_c1	
REP1383b	NZ_CP064065.1	6031614	6031649	80.6	-23.10	13	4	_c2_c1	
REP1383d	NZ_CP064065.1	6031899	6031937	64.1	-17.40	13	7	_c3	
REP1415d	NZ_CP064065.1	6032824	6032843	60.0	-2.70	5	8	_c1	
REP1415c	NZ_CP064065.1	6032866	6032887	81.8	-15.00	8	6		
REP1415a	NZ_CP064065.1	6033042	6033062	76.2	-8.50	6	9		
REP1384a	NZ_CP064065.1	6033111	6033129	57.9	-8.70	7	5		
REP1384c	NZ_CP064065.1	6033254	6033271	83.3	-7.10	5	8		
REP1385a	NZ_CP064065.1	6039525	6039560	83.3	-36.70	16	4		
REP1385b	NZ_CP064065.1	6039589	6039607	89.5	-11.30	7	5		
REP1414d	NZ_CP064065.1	6040023	6040036	78.6	-7.40	5	4		
REP1414b	NZ_CP064065.1	6040147	6040161	73.3	-5.80	6	3		
REP1386a	NZ_CP064065.1	6040301	6040338	81.6	-22.00	13	6	_c1_c1_c1	
REP1386b	NZ_CP064065.1	6040403	6040417	86.7	-8.40	5	3		
REP1386c	NZ_CP064065.1	6040506	6040518	91.7	-2.90	3	5		
REP1413b	NZ_CP064065.1	6045437	6045460	70.8	-11.20	8	4	_c1	
REP1387a	NZ_CP064065.1	6045499	6045529	74.2	-27.60	14	3		
REP1387b	NZ_CP064065.1	6045566	6045580	93.3	-9.00	5	5		
REP1387d	NZ_CP064065.1	6046054	6046112	78.0	-34.50	22	7	_c2_c1_c1	
REP1412d	NZ_CP064065.1	6049142	6049169	71.4	-10.10	9	4	_c3	
REP1412c	NZ_CP064065.1	6049201	6049217	76.5	-5.00	5	7		
REP1412b	NZ_CP064065.1	6049223	6049246	87.5	-15.70	8	8		
REP1388c	NZ_CP064065.1	6049793	6049809	76.5	-9.10	7	3		
REP1409d	NZ_CP064065.1	6056066	6056088	81.8	-10.90	7	5	_c1	
REP1389b	NZ_CP064065.1	6056546	6056567	61.9	-11.50	8	4		
REP1389d	NZ_CP064065.1	6056643	6056656	78.6	-4.80	5	4		
REP1390	NZ_CP064065.1	6060667	6060714	72.9	-41.60	20	4	_c2	
REP1408b	NZ_CP064065.1	6066178	6066197	70.0	-2.20	5	8	_c1	
REP1391a	NZ_CP064065.1	6066273	6066305	81.8	-31.70	14	5		
REP1391b	NZ_CP064065.1	6066555	6066589	68.6	-18.30	11	5	_c2_c2	
REP1391c	NZ_CP064065.1	6066905	6066926	90.9	-14.40	7	8		
REP1407c	NZ_CP064065.1	6067500	6067515	81.2	-2.10	5	4	_c1	
REP1407b	NZ_CP064065.1	6067538	6067549	100.0	-6.40	4	4		
REP1407a	NZ_CP064065.1	6067541	6067558	94.4	-14.60	7	4		
REP1392c	NZ_CP064065.1	6067759	6067771	69.2	-4.70	5	3		
REP1406	NZ_CP064065.1	6068724	6068763	62.5	-21.50	16	4	_c1_c1	
REP1393b	NZ_CP064065.1	6071819	6071839	60.0	-9.00	6	5		
REP1394a	NZ_CP064065.1	6077269	6077305	78.4	-37.40	17	3		
REP1394b	NZ_CP064065.1	6077292	6077311	80.0	-11.00	7	4	_c1	
REP1394c	NZ_CP064065.1	6077517	6077550	61.8	-19.20	13	6	_c1	
REP1405d	NZ_CP064065.1	6079900	6079911	75.0	-4.80	4	4		
REP1395a	NZ_CP064065.1	6080049	6080081	84.8	-34.80	15	3		
REP1396b	NZ_CP064065.1	6088363	6088385	95.7	-22.30	10	3		
REP1396c	NZ_CP064065.1	6088493	6088511	52.6	-8.50	8	3		
REP1397	NZ_CP064065.1	6090692	6090730	71.8	-34.20	16	5	_c1	
REP1398c	NZ_CP064065.1	6091109	6091133	80.0	-14.60	10	3	_c1	
REP1404d	NZ_CP064065.1	6091995	6092011	88.2	-11.10	6	5		
REP1404a	NZ_CP064065.1	6092218	6092255	84.2	-33.20	15	6	_c1	
REP1399a	NZ_CP064065.1	6092386	6092403	77.8	-5.60	6	4	_c1	
REP1400b	NZ_CP064065.1	6096287	6096306	70.0	-5.90	7	4	_c1	
REP1403b	NZ_CP064065.1	6104003	6104018	81.2	-8.30	6	4		
REP1403a	NZ_CP064065.1	6104068	6104089	77.3	-12.10	8	4	_c1	
REP1401b	NZ_CP064065.1	6104397	6104412	68.8	-8.40	6	4		
REP1401c	NZ_CP064065.1	6104416	6104440	76.0	-13.30	9	5	_c1	
REP1401d	NZ_CP064065.1	6104621	6104641	76.2	-8.90	7	7		
