h_name	stem_len	dist	3_5_end
REP1a	6	2	stop codon
REP1a	6	103	stop codon
REP1b	15	2	stop codon
REP1b	15	78	stop codon
REP1d	15	27	stop codon
REP1d	15	53	stop codon
REP2824d	15	52	stop codon
REP2824d	15	28	stop codon
REP2824b	15	77	stop codon
REP2824b	15	3	stop codon
REP2824a	6	102	stop codon
REP2824a	6	3	stop codon
REP2823b	10	41	start codon
REP2823b	10	40	stop codon
REP2823a	7	75	start codon
REP2823a	7	13	stop codon
REP2	12	23	stop codon
REP2	12	46	start codon
REP3b	7	78	stop codon
REP3b	7	0	start codon
REP4a	16	14	stop codon
REP4a	16	6	stop codon
REP4b	13	35	stop codon
REP4b	13	-17	stop codon
REP6	11	74	stop codon
REP6	11	15	start codon
REP2818	4	74	start codon
REP2818	4	42	stop codon
REP9b	6	68	start codon
REP9b	6	79	start codon
REP2816a	22	35	stop codon
REP2816a	22	19	stop codon
REP2815a	7	77	start codon
REP2815a	7	90	stop codon
REP11a	19	19	stop codon
REP11a	19	-38	stop codon
REP12	8	37	start codon
REP12	8	13	start codon
REP13a	19	10	stop codon
REP13a	19	121	start codon
REP15a	7	21	stop codon
REP15a	7	506	start codon
REP15b	14	90	stop codon
REP15b	14	427	start codon
REP15c	6	157	stop codon
REP15c	6	376	start codon
REP15d	8	488	stop codon
REP15d	8	38	start codon
REP16a	10	3	stop codon
REP16a	10	246	start codon
REP16c	13	79	stop codon
REP16c	13	162	start codon
REP2810c	17	105	stop codon
REP2810c	17	166	stop codon
REP17c	5	182	stop codon
REP17c	5	110	stop codon
REP2810a	2	286	stop codon
REP2810a	2	11	stop codon
REP2806a	21	33	stop codon
REP2806a	21	14	stop codon
REP2805	4	85	start codon
REP2805	4	41	stop codon
REP22	5	30	stop codon
REP22	5	75	start codon
REP2804a	4	34	stop codon
REP2804a	4	26	stop codon
REP2803d	7	20	start codon
REP2803d	7	421	stop codon
REP2803c	15	201	start codon
REP2803c	15	223	stop codon
REP2803b	5	229	start codon
REP2803b	5	217	stop codon
REP2803a	9	265	start codon
REP2803a	9	173	stop codon
REP24a	10	87	stop codon
REP24a	10	203	stop codon
REP2800a	6	127	stop codon
REP2800a	6	186	stop codon
REP24c	14	152	stop codon
REP24c	14	136	stop codon
REP26b	5	31	stop codon
REP26b	5	37	start codon
REP27	17	34	stop codon
REP27	17	36	start codon
REP29a	24	14	stop codon
REP29a	24	12	stop codon
REP2795	8	20	start codon
REP2795	8	12	stop codon
REP2794b	7	62	start codon
REP2794b	7	83	stop codon
REP32a	6	41	stop codon
REP32a	6	319	start codon
REP32b	7	95	stop codon
REP32b	7	263	start codon
REP32c	6	193	stop codon
REP32c	6	168	start codon
REP32d	8	304	stop codon
REP32d	8	47	start codon
REP33a	17	12	stop codon
REP33a	17	128	start codon
REP33b	19	94	stop codon
REP33b	19	46	start codon
REP34c	7	166	stop codon
REP34c	7	43	start codon
REP35a	12	14	stop codon
REP35a	12	176	stop codon
REP35b	24	152	stop codon
REP35b	24	11	stop codon
REP2792b	7	40	start codon
REP2792b	7	109	stop codon
REP2792a	8	105	start codon
REP2792a	8	42	stop codon
REP38a	11	20	stop codon
REP38a	11	122	stop codon
REP2789b	5	102	stop codon
REP2789b	5	50	stop codon
REP2789a	7	145	stop codon
REP2789a	7	1	stop codon
REP2788a	24	63	start codon
REP2788a	24	19	stop codon
REP2787	8	38	start codon
REP2787	8	0	stop codon
REP2786c	8	186	stop codon
REP2786c	8	74	start codon
REP2786a	12	12	stop codon
REP2786a	12	1	stop codon
REP42	7	1	stop codon
REP42	7	115	start codon
REP44a	9	21	stop codon
REP44a	9	343	start codon
REP44b	5	52	stop codon
REP44b	5	320	start codon
REP44c	5	184	stop codon
REP44c	5	187	start codon
REP44d	5	285	stop codon
REP44d	5	85	start codon
REP45a	10	7	stop codon
REP45a	10	171	start codon
REP45b	5	72	stop codon
REP45b	5	120	start codon
REP46a	19	49	stop codon
REP46a	19	107	start codon
REP46b	6	103	stop codon
REP46b	6	82	start codon
REP50	7	19	stop codon
REP50	7	22	start codon
REP51	7	18	stop codon
REP51	7	82	start codon
REP53a	5	22	stop codon
REP53a	5	135	start codon
REP53b	9	38	stop codon
REP53b	9	109	start codon
REP54a	6	160	stop codon
REP54a	6	689	start codon
REP54c	8	281	stop codon
REP54c	8	563	start codon
REP2780a	5	413	stop codon
REP2780a	5	22	stop codon
REP2779	4	120	start codon
REP2779	4	82	stop codon
REP56a	13	26	stop codon
REP56a	13	414	start codon
REP56d	6	262	stop codon
REP56d	6	194	start codon
REP59a	13	8	stop codon
REP59a	13	109	start codon
REP59b	2	69	stop codon
REP59b	2	67	start codon
REP59c	8	108	stop codon
REP59c	8	16	start codon
REP60a	17	27	stop codon
REP60a	17	43	start codon
REP60b	6	71	stop codon
REP60b	6	21	start codon
REP61a	26	20	stop codon
REP61a	26	140	start codon
REP61b	4	70	stop codon
REP61b	4	136	start codon
REP62a	7	108	stop codon
REP62a	7	165	start codon
REP62b	8	172	stop codon
REP62b	8	96	start codon
REP62c	10	256	stop codon
REP62c	10	7	start codon
REP65a	9	29	stop codon
REP65a	9	139	start codon
REP66a	8	11	stop codon
REP66a	8	61	stop codon
REP2777a	15	37	stop codon
REP2777a	15	18	stop codon
REP69a	5	8	stop codon
REP69a	5	194	start codon
REP72a	16	12	stop codon
REP72a	16	115	start codon
REP2772c	4	31	start codon
REP2772c	4	63	stop codon
REP2772b	5	85	start codon
REP2772b	5	7	stop codon
REP74a	16	19	stop codon
REP74a	16	20	stop codon
REP74b	5	77	start codon
REP74b	5	48	start codon
REP75b	8	29	stop codon
REP75b	8	3	stop codon
REP2769c	6	6	stop codon
REP2769c	6	46	stop codon
REP77b	12	26	stop codon
REP77b	12	9	stop codon
REP78a	5	35	stop codon
REP78a	5	87	start codon
REP78b	5	52	stop codon
REP78b	5	66	start codon
REP78c	8	75	stop codon
REP78c	8	37	start codon
REP79b	5	54	stop codon
REP79b	5	74	start codon
REP81	14	7	stop codon
REP81	14	15	start codon
REP82d	5	-11	start codon
REP82d	5	-6	stop codon
REP83	11	104	stop codon
REP83	11	16	start codon
REP84a	16	27	stop codon
REP84a	16	38	start codon
REP84b	7	68	stop codon
REP84b	7	20	start codon
REP85	6	8	stop codon
REP85	6	13	start codon
REP86a	19	1	stop codon
REP86a	19	13	stop codon
REP87	6	12	stop codon
REP87	6	18	start codon
REP88a	17	44	stop codon
REP88a	17	278	start codon
REP88c	9	152	stop codon
REP88c	9	193	start codon
REP89a	15	19	stop codon
REP89a	15	233	start codon
REP89b	5	111	stop codon
REP89b	5	160	start codon
REP89c	10	261	stop codon
REP89c	10	-1	start codon
REP91	5	35	stop codon
REP91	5	787	start codon
REP2765c	4	146	stop codon
REP2765c	4	0	start codon
REP95a	5	56	stop codon
REP95a	5	140	start codon
REP96a	7	22	stop codon
REP96a	7	-19	stop codon
REP98	9	127	stop codon
REP98	9	45	start codon
REP2762b	5	180	start codon
REP2762b	5	22	start codon
REP2762a	12	-21	stop codon
REP2762a	12	7	stop codon
REP102a	9	39	stop codon
REP102a	9	51	stop codon
REP2760a	4	54	stop codon
REP2760a	4	51	stop codon
REP2757a	11	26	stop codon
REP2757a	11	21	stop codon
REP105	7	12	stop codon
REP105	7	73	start codon
REP107	4	17	stop codon
REP107	4	42	start codon
REP108	3	51	stop codon
REP108	3	18	start codon
REP109a	12	40	stop codon
REP109a	12	27	stop codon
REP2754a	6	5	stop codon
REP2754a	6	22	stop codon
REP112a	8	13	stop codon
REP112a	8	15	stop codon
REP2752a	7	16	stop codon
REP2752a	7	2	stop codon
REP114	7	33	stop codon
REP114	7	94	start codon
REP2750a	7	-11	stop codon
REP2750a	7	12	stop codon
REP115a	7	9	stop codon
REP115a	7	-10	stop codon
REP2749	17	8	start codon
REP2749	17	6	stop codon
REP2747c	12	44	start codon
REP2747c	12	108	stop codon
REP2747b	9	149	start codon
REP2747b	9	6	stop codon
REP2747a	6	165	start codon
REP2747a	6	2	stop codon
REP2745a	16	59	stop codon
REP2745a	16	38	stop codon
REP2743c	19	-48	stop codon
REP2743c	19	6	stop codon
REP2742d	12	306	start codon
REP2742d	12	33	start codon
REP125	19	45	stop codon
REP125	19	24	start codon
REP2737	16	78	start codon
REP2737	16	20	stop codon
REP2736a	5	196	start codon
REP2736a	5	166	stop codon
REP2734	6	10	start codon
REP2734	6	94	stop codon
REP2733	10	47	start codon
REP2733	10	0	stop codon
REP2729a	12	5	stop codon
REP2729a	12	12	stop codon
REP133a	17	13	stop codon
REP133a	17	1231	start codon
REP133b	4	149	stop codon
REP133b	4	1118	start codon
REP133c	7	170	stop codon
REP133c	7	1095	start codon
REP133d	4	367	stop codon
REP133d	4	900	start codon
REP134a	7	34	stop codon
REP134a	7	115	start codon
REP136a	7	86	stop codon
REP136a	7	114	start codon
REP136b	13	142	stop codon
REP136b	13	47	start codon
REP137	18	27	stop codon
REP137	18	51	start codon
REP138a	10	12	stop codon
REP138a	10	78	start codon
REP138c	7	75	stop codon
REP138c	7	18	start codon
REP139	7	19	stop codon
REP139	7	29	start codon
REP140a	18	14	stop codon
REP140a	18	44	start codon
REP140b	5	67	stop codon
REP140b	5	21	start codon
REP141c	8	59	stop codon
REP141c	8	35	start codon
REP142a	7	2	stop codon
REP142a	7	108	start codon
REP144	5	110	stop codon
REP144	5	23	start codon
REP2726a	15	3	stop codon
REP2726a	15	36	stop codon
REP147b	9	44	stop codon
REP147b	9	6	stop codon
REP148a	16	98	stop codon
REP148a	16	474	start codon
REP148b	7	179	stop codon
REP148b	7	418	start codon
REP148c	12	184	stop codon
REP148c	12	399	start codon
REP149b	6	99	stop codon
REP149b	6	24	stop codon
REP2722a	13	10	stop codon
REP2722a	13	19	stop codon
REP2720	3	16	start codon
REP2720	3	274	stop codon
REP2719a	15	14	stop codon
REP2719a	15	59	stop codon
REP2717d	6	70	start codon
REP2717d	6	69	start codon
REP2717a	9	40	stop codon
REP2717a	9	61	stop codon
REP157	8	34	stop codon
REP157	8	56	start codon
REP2713	10	18	start codon
REP2713	10	66	stop codon
REP2712c	5	13	stop codon
REP2712c	5	454	stop codon
REP2712a	12	324	stop codon
REP2712a	12	124	stop codon
REP2711	9	18	start codon
REP2711	9	37	stop codon
REP160	13	20	stop codon
REP160	13	85	start codon
REP2710a	4	12	stop codon
REP2710a	4	14	stop codon
REP161b	4	17	stop codon
REP161b	4	14	stop codon
REP162a	4	53	stop codon
REP162a	4	157	start codon
REP162b	12	110	stop codon
REP162b	12	79	start codon
REP162c	5	170	stop codon
REP162c	5	40	start codon
REP163b	15	33	stop codon
REP163b	15	10	start codon
REP165c	10	15	start codon
REP165c	10	118	start codon
REP165d	12	21	start codon
REP165d	12	102	start codon
REP166a	15	18	stop codon
REP166a	15	365	start codon
REP166b	5	152	stop codon
REP166b	5	251	start codon
REP166c	4	174	stop codon
REP166c	4	231	start codon
REP166d	9	283	stop codon
REP166d	9	109	start codon
REP2708a	9	15	stop codon
REP2708a	9	5	stop codon
REP2706	6	96	start codon
REP2706	6	56	stop codon
REP168	19	12	stop codon
REP168	19	137	start codon
REP169	14	26	stop codon
REP169	14	365	start codon
REP171b	7	80	stop codon
REP171b	7	143	start codon
REP172d	3	170	start codon
REP172d	3	47	start codon
REP174	13	7	stop codon
REP174	13	139	start codon
REP175	16	6	stop codon
REP175	16	23	start codon
REP176a	7	6	stop codon
REP176a	7	15	stop codon
REP2702a	6	81	start codon
REP2702a	6	47	stop codon
REP179a	24	9	stop codon
REP179a	24	20	stop codon
REP2698	7	22	start codon
REP2698	7	14	stop codon
REP180	8	39	stop codon
REP180	8	28	start codon
REP2697c	5	9	stop codon
REP2697c	5	39	stop codon
REP181c	14	37	stop codon
REP181c	14	-5	stop codon
REP2696d	4	53	stop codon
REP2696d	4	85	start codon
REP182a	7	55	stop codon
REP182a	7	80	start codon
REP2695	14	26	start codon
REP2695	14	37	stop codon
REP184a	7	24	stop codon
REP184a	7	303	start codon
REP184b	7	224	stop codon
REP184b	7	101	start codon
REP2694a	6	21	stop codon
REP2694a	6	49	stop codon
REP2691d	6	124	start codon
REP2691d	6	145	stop codon
REP2691c	6	187	start codon
REP2691c	6	80	stop codon
REP188a	19	18	stop codon
REP188a	19	526	start codon
REP188b	7	81	stop codon
REP188b	7	482	start codon
REP188d	7	257	stop codon
REP188d	7	313	start codon
REP189a	14	46	stop codon
REP189a	14	33	stop codon
REP2690a	9	89	stop codon
REP2690a	9	1	stop codon
REP2689	7	18	start codon
REP2689	7	7	stop codon
REP192	4	75	stop codon
REP192	4	26	start codon
REP2686a	5	148	start codon
REP2686a	5	22	stop codon
REP194	14	22	stop codon
REP194	14	172	start codon
REP2682a	10	50	start codon
REP2682a	10	13	stop codon
REP199b	19	6	stop codon
REP199b	19	27	start codon
REP199c	14	21	stop codon
REP199c	14	18	start codon
REP200a	5	23	stop codon
REP200a	5	101	start codon
REP202	13	13	stop codon
REP202	13	44	start codon
REP208a	6	116	stop codon
REP208a	6	33	stop codon
REP2672a	4	149	stop codon
REP2672a	4	0	stop codon
REP2671b	6	-7	stop codon
REP2671b	6	52	stop codon
REP209a	15	13	stop codon
REP209a	15	12	stop codon
REP209d	13	16	start codon
REP209d	13	125	stop codon
REP2669b	13	24	start codon
REP2669b	13	54	stop codon
REP2668	7	12	start codon
REP2668	7	25	stop codon
REP2667b	17	188	start codon
REP2667b	17	21	stop codon
REP2665b	7	25	stop codon
REP2665b	7	177	stop codon
REP2665a	4	140	stop codon
REP2665a	4	72	stop codon
REP212d	5	239	stop codon
REP212d	5	891	start codon
REP2664a	5	3	stop codon
REP2664a	5	70	stop codon
REP214b	5	68	stop codon
REP214b	5	6	stop codon
REP2663c	7	41	start codon
REP2663c	7	154	stop codon
REP2663a	16	111	start codon
REP2663a	16	68	stop codon
REP215	11	28	stop codon
REP215	11	11	start codon
REP216a	6	154	stop codon
REP216a	6	120	start codon
REP216b	7	195	stop codon
REP216b	7	77	start codon
REP216c	7	265	stop codon
REP216c	7	8	start codon
REP217	8	31	stop codon
REP217	8	55	start codon
REP218a	10	12	stop codon
REP218a	10	274	start codon
REP218b	15	93	stop codon
REP218b	15	178	start codon
REP218c	7	258	stop codon
REP218c	7	35	start codon
REP219	16	9	stop codon
REP219	16	66	start codon
REP2662a	13	109	stop codon
REP2662a	13	6	stop codon
REP2661	6	75	start codon
REP2661	6	248	stop codon
REP2660	7	161	start codon
REP2660	7	76	stop codon
REP2659	4	33	start codon
REP2659	4	66	stop codon
REP2658	2	81	start codon
REP2658	2	82	stop codon
REP221a	5	122	start codon
REP221a	5	10	stop codon
REP2656d	5	135	start codon
REP2656d	5	267	stop codon
REP2656c	5	156	start codon
REP2656c	5	247	stop codon
REP2656b	15	221	start codon
REP2656b	15	163	stop codon
REP2656a	8	290	start codon
REP2656a	8	108	stop codon
REP2654	6	20	start codon
REP2654	6	17	stop codon
REP225a	7	40	stop codon
REP225a	7	177	start codon
REP226c	7	236	stop codon
REP226c	7	48	start codon
REP227a	4	113	stop codon
REP227a	4	115	start codon
REP227b	4	154	stop codon
REP227b	4	74	start codon
REP229a	7	21	stop codon
REP229a	7	324	stop codon
REP229b	6	42	stop codon
REP229b	6	306	stop codon
REP229c	5	143	stop codon
REP229c	5	206	stop codon
REP2648a	5	202	stop codon
REP2648a	5	149	stop codon
REP2647d	12	-22	stop codon
REP2647d	12	311	stop codon
REP2647c	7	35	stop codon
REP2647c	7	263	stop codon
REP2647b	6	195	stop codon
REP2647b	6	114	stop codon
REP230c	5	255	stop codon
REP230c	5	56	stop codon
REP2646d	4	120	start codon
REP2646d	4	197	stop codon
REP2646a	6	310	start codon
REP2646a	6	4	stop codon
REP2645a	7	463	start codon
REP2645a	7	-1	stop codon
REP2644	4	28	start codon
REP2644	4	71	stop codon
REP2641	8	107	start codon
REP2641	8	41	stop codon
REP234a	4	113	stop codon
REP234a	4	44	stop codon
REP236	9	92	stop codon
REP236	9	23	start codon
REP237a	19	10	stop codon
REP237a	19	11	stop codon
REP2636a	7	0	stop codon
REP2636a	7	15	stop codon
REP239a	5	214	stop codon
REP239a	5	132	start codon
REP240a	7	41	stop codon
REP240a	7	8	stop codon
REP2634b	8	29	start codon
REP2634b	8	102	stop codon
REP2634a	4	40	start codon
REP2634a	4	102	stop codon
REP2632b	5	23	start codon
REP2632b	5	139	stop codon
REP2632a	5	120	start codon
REP2632a	5	44	stop codon
REP2631d	5	85	start codon
REP2631d	5	311	stop codon
REP2631c	7	95	start codon
REP2631c	7	297	stop codon
REP2631a	17	354	start codon
REP2631a	17	16	stop codon
REP2630	7	44	start codon
REP2630	7	18	stop codon
REP2629c	14	-24	stop codon
REP2629c	14	126	stop codon
REP2628c	4	4	stop codon
REP2628c	4	101	stop codon
REP2628b	6	12	stop codon
REP2628b	6	85	stop codon
REP2628a	16	70	stop codon
REP2628a	16	11	stop codon
REP244c	7	112	stop codon
REP244c	7	-16	stop codon
REP245a	11	15	stop codon
REP245a	11	74	stop codon
REP2627c	19	21	stop codon
REP2627c	19	51	stop codon
REP2626a	17	98	stop codon
REP2626a	17	10	stop codon
REP2625c	9	28	start codon
REP2625c	9	177	stop codon
REP2625b	9	68	start codon
REP2625b	9	140	stop codon
REP2625a	15	182	start codon
REP2625a	15	10	stop codon
REP2624	4	4	start codon
REP2624	4	105	stop codon
REP248	6	15	stop codon
REP248	6	50	start codon
REP2620	5	6	start codon
REP2620	5	65	stop codon
REP250a	14	22	stop codon
REP250a	14	19	stop codon
REP252b	7	11	stop codon
REP252b	7	53	start codon
REP2617c	8	14	start codon
REP2617c	8	129	stop codon
REP2617a	13	73	start codon
REP2617a	13	60	stop codon
REP2616a	2	38	stop codon
REP2616a	2	34	stop codon
REP2614	5	33	start codon
REP2614	5	201	stop codon
REP2612	9	24	start codon
REP2612	9	10	stop codon
REP2611b	16	18	stop codon
REP2611b	16	54	stop codon
REP2611a	4	89	stop codon
REP2611a	4	7	stop codon
REP256c	5	90	stop codon
REP256c	5	5	stop codon
REP2610	7	43	start codon
REP2610	7	2	stop codon
REP2609	4	20	start codon
REP2609	4	213	stop codon
REP2608	6	73	start codon
REP2608	6	42	stop codon
REP2607b	11	26	stop codon
REP2607b	11	27	stop codon
REP257c	4	62	stop codon
REP257c	4	4	stop codon
REP2606d	7	379	start codon
REP2606d	7	332	stop codon
REP2605a	5	90	start codon
REP2605a	5	31	stop codon
REP2603b	6	71	start codon
REP2603b	6	4	stop codon
REP2603a	9	72	start codon
REP2603a	9	0	stop codon
REP259c	7	38	start codon
REP259c	7	794	stop codon
REP2601c	5	637	start codon
REP2601c	5	201	stop codon
REP2601b	8	794	start codon
REP2601b	8	34	stop codon
REP2601a	5	808	start codon
REP2601a	5	21	stop codon
REP262a	8	24	stop codon
REP262a	8	84	stop codon
REP2598a	10	91	stop codon
REP2598a	10	13	stop codon
REP2596	3	71	start codon
REP2596	3	17	stop codon
REP2595	11	25	start codon
REP2595	11	20	stop codon
REP264b	15	19	stop codon
REP264b	15	12	stop codon
REP2593b	6	167	start codon
REP2593b	6	107	stop codon
REP2593a	4	230	start codon
REP2593a	4	46	stop codon
REP2592	16	43	start codon
REP2592	16	33	stop codon
REP2591c	5	127	start codon
REP2591c	5	60	stop codon
REP2591b	4	137	start codon
REP2591b	4	44	stop codon
REP2590	7	76	start codon
REP2590	7	80	stop codon
REP2589	6	211	start codon
REP2589	6	30	stop codon
REP2588d	6	263	start codon
REP2588d	6	152	stop codon
REP2588a	17	374	start codon
REP2588a	17	27	stop codon
REP2587	9	180	start codon
REP2587	9	15	stop codon
REP266d	4	170	start codon
REP266d	4	100	start codon
REP267a	9	37	stop codon
REP267a	9	-13	stop codon
REP2583	7	70	start codon
REP2583	7	14	stop codon
REP2582	7	27	start codon
REP2582	7	86	stop codon
REP2581	6	10	start codon
REP2581	6	8	stop codon
REP2580	15	134	start codon
REP2580	15	33	stop codon
REP2579a	5	0	stop codon
REP2579a	5	11	stop codon
REP269a	20	22	stop codon
REP269a	20	767	stop codon
REP269b	4	51	stop codon
REP269b	4	768	stop codon
REP269c	8	104	stop codon
REP269c	8	706	stop codon
REP2578d	5	368	stop codon
REP2578d	5	450	stop codon
REP2578c	5	393	stop codon
REP2578c	5	425	stop codon
REP2578b	8	591	stop codon
REP2578b	8	215	stop codon
REP2578a	19	767	stop codon
REP2578a	19	24	stop codon
REP270a	13	21	stop codon
REP270a	13	4	stop codon
REP2575	19	53	start codon
REP2575	19	33	stop codon
REP2574b	8	52	start codon
REP2574b	8	69	start codon
REP272	6	9	stop codon
REP272	6	2	start codon
REP273a	7	1	stop codon
REP273a	7	27	stop codon
REP2573a	7	28	stop codon
REP2573a	7	0	stop codon
REP274a	13	9	stop codon
REP274a	13	219	start codon
REP274b	6	33	stop codon
REP274b	6	209	start codon
REP274c	11	97	stop codon
REP274c	11	131	start codon
REP275	14	36	stop codon
REP275	14	40	start codon
REP276	10	14	stop codon
REP276	10	26	start codon
REP277	11	11	stop codon
REP277	11	17	start codon
REP278a	17	15	stop codon
REP278a	17	23	stop codon
REP2571c	21	23	stop codon
REP2571c	21	69	stop codon
REP279b	9	82	stop codon
REP279b	9	22	stop codon
REP2571a	3	87	stop codon
REP2571a	3	30	stop codon
REP280a	6	26	stop codon
REP280a	6	70	stop codon
REP2570a	18	63	stop codon
REP2570a	18	9	stop codon
REP2569a	12	-33	stop codon
REP2569a	12	76	stop codon
REP283a	13	16	stop codon
REP283a	13	47	start codon
REP2565a	6	63	stop codon
REP2565a	6	-1	stop codon
REP2563c	3	285	stop codon
REP2563c	3	224	stop codon
REP2563a	6	408	stop codon
REP2563a	6	99	stop codon
REP288a	6	51	stop codon
REP288a	6	475	start codon
REP288b	5	219	stop codon
REP288b	5	311	start codon
REP288c	5	325	stop codon
REP288c	5	204	start codon
REP288d	2	421	stop codon
REP288d	2	110	start codon
REP2562a	13	20	stop codon
REP2562a	13	5	stop codon
REP2561b	10	78	start codon
REP2561b	10	208	stop codon
REP290	13	37	stop codon
REP290	13	61	start codon
REP291	7	5	stop codon
REP291	7	92	start codon
REP292	15	25	stop codon
REP292	15	42	start codon
REP2560a	26	4	stop codon
REP2560a	26	3	stop codon
REP2559b	13	155	stop codon
REP2559b	13	135	stop codon
REP2559a	8	174	stop codon
REP2559a	8	130	stop codon
REP294c	5	305	stop codon
REP294c	5	3	stop codon
REP2558a	16	8	stop codon
REP2558a	16	7	stop codon
REP2557c	5	118	stop codon
REP2557c	5	288	stop codon
REP2557a	4	343	stop codon
REP2557a	4	65	stop codon
REP297b	6	123	stop codon
REP297b	6	190	start codon
REP298a	5	262	stop codon
REP298a	5	494	start codon
REP2556d	21	504	stop codon
REP2556d	21	223	start codon
REP298d	4	633	stop codon
REP298d	4	128	start codon
REP2556b	6	712	stop codon
REP2556b	6	40	start codon
REP2555b	13	4	stop codon
REP2555b	13	23	stop codon
REP300b	17	15	stop codon
REP300b	17	12	stop codon
REP2551	5	10	start codon
REP2551	5	77	stop codon
REP2550	6	36	start codon
REP2550	6	11	stop codon
REP2548b	4	42	stop codon
REP2548b	4	26	stop codon
REP2547b	8	103	start codon
REP2547b	8	23	start codon
REP306a	8	86	stop codon
REP306a	8	-17	stop codon
REP307	5	17	stop codon
REP307	5	42	start codon
REP2543d	4	71	start codon
REP2543d	4	107	start codon
REP2543a	16	22	stop codon
REP2543a	16	4	stop codon
REP2542	7	21	start codon
REP2542	7	51	stop codon
REP312	5	8	stop codon
REP312	5	26	start codon
REP313a	15	7	stop codon
REP313a	15	54	stop codon
REP2540a	5	150	start codon
REP2540a	5	3	stop codon
REP2539d	6	3	stop codon
REP2539d	6	31	start codon
REP315a	17	13	stop codon
REP315a	17	416	stop codon
REP315b	13	429	stop codon
REP315b	13	7	stop codon
REP2538a	16	3	stop codon
REP2538a	16	8	stop codon
REP2537	11	30	start codon
REP2537	11	22	stop codon
REP2536d	6	185	start codon
REP2536d	6	252	stop codon
REP2536c	4	222	start codon
REP2536c	4	219	stop codon
REP2536b	23	314	start codon
REP2536b	23	62	stop codon
REP2535	15	26	start codon
REP2535	15	16	stop codon
REP2534a	18	5	stop codon
REP2534a	18	6	stop codon
REP319a	13	6	stop codon
REP319a	13	28	stop codon
REP2529	14	90	start codon
REP2529	14	15	stop codon
REP322a	11	6	stop codon
REP322a	11	-16	stop codon
REP2527a	6	5	stop codon
REP2527a	6	4	stop codon
REP2526c	6	191	start codon
REP2526c	6	82	stop codon
REP2526b	6	224	start codon
REP2526b	6	49	stop codon
REP2524	7	19	start codon
REP2524	7	34	stop codon
REP2523b	4	94	start codon
REP2523b	4	69	stop codon
REP2523a	15	117	start codon
REP2523a	15	24	stop codon
REP2522a	23	25	stop codon
REP2522a	23	20	stop codon
REP327a	6	11	stop codon
REP327a	6	61	stop codon
REP327b	16	11	stop codon
REP327b	16	35	stop codon
REP2519b	16	37	stop codon
REP2519b	16	9	stop codon
REP2519a	6	63	stop codon
REP2519a	6	9	stop codon
REP328	7	20	stop codon
REP328	7	134	start codon
REP329a	7	19	stop codon
REP329a	7	-10	stop codon
REP330	12	8	stop codon
REP330	12	18	start codon
REP2514d	5	39	start codon
REP2514d	5	691	stop codon
REP2514c	17	484	start codon
REP2514c	17	216	stop codon
REP2514b	6	561	start codon
REP2514b	6	166	stop codon
REP2514a	13	704	start codon
REP2514a	13	6	stop codon
REP2513	11	18	start codon
REP2513	11	14	stop codon
REP2512	8	47	start codon
REP2512	8	11	stop codon
REP2511d	16	28	start codon
REP2511d	16	475	stop codon
REP2511b	12	410	start codon
REP2511b	12	95	stop codon
REP2511a	12	492	start codon
REP2511a	12	13	stop codon
REP333	6	49	stop codon
REP333	6	35	start codon
REP334b	6	68	stop codon
REP334b	6	-1	stop codon
REP335a	18	8	stop codon
REP335a	18	335	stop codon
REP2508c	8	177	stop codon
REP2508c	8	186	stop codon
REP2508b	5	205	stop codon
REP2508b	5	163	stop codon
REP2508a	16	334	stop codon
REP2508a	16	15	stop codon
REP2505c	7	110	start codon
REP2505c	7	256	stop codon
REP2505a	6	355	start codon
REP2505a	6	12	stop codon
REP2500a	20	-49	stop codon
REP2500a	20	0	stop codon
REP2497a	5	85	start codon
REP2497a	5	6	stop codon
REP2496b	7	7	stop codon
REP2496b	7	80	stop codon
REP344b	11	61	stop codon
REP344b	11	18	stop codon
REP2494b	18	23	stop codon
REP2494b	18	100	stop codon
REP2494a	4	50	stop codon
REP2494a	4	100	stop codon
REP2493	11	26	start codon
REP2493	11	45	start codon
REP2492d	7	8	start codon
REP2492d	7	130	start codon
REP349a	15	30	stop codon
REP349a	15	14	stop codon
REP2490	15	26	start codon
REP2490	15	41	stop codon
REP2488b	12	44	start codon
REP2488b	12	88	stop codon
REP2487c	8	19	start codon
REP2487c	8	214	stop codon
REP2487b	7	51	start codon
REP2487b	7	188	stop codon
REP2487a	11	138	start codon
REP2487a	11	88	stop codon
REP2486	10	15	start codon
REP2486	10	16	stop codon
REP2485	7	123	start codon
REP2485	7	67	stop codon
REP2484	9	26	start codon
REP2484	9	23	stop codon
REP351a	8	336	start codon
REP351a	8	43	start codon
REP2480	14	58	start codon
REP2480	14	45	stop codon
REP2479d	5	128	start codon
REP2479d	5	77	start codon
REP2479c	3	145	start codon
REP2479c	3	71	start codon
REP355	14	22	stop codon
REP355	14	98	start codon
REP358	20	13	stop codon
REP358	20	25	start codon
REP2476b	6	7	stop codon
REP2476b	6	16	stop codon
REP2474a	9	-1	stop codon
REP2474a	9	78	stop codon
REP2473b	4	8	stop codon
REP2473b	4	74	stop codon
REP2471d	4	83	start codon
REP2471d	4	281	stop codon
REP2471c	8	169	start codon
REP2471c	8	189	stop codon
REP2471b	5	200	start codon
REP2471b	5	161	stop codon
REP2471a	8	275	start codon
REP2471a	8	80	stop codon
REP2469	12	45	start codon
REP2469	12	28	stop codon
REP366a	19	11	stop codon
REP366a	19	15	stop codon
REP366b	3	43	stop codon
REP366b	3	12	stop codon
REP2467a	6	150	start codon
REP2467a	6	210	stop codon
REP367c	4	52	start codon
REP367c	4	186	start codon
REP367d	5	183	start codon
REP367d	5	53	start codon
REP369a	22	17	stop codon
REP369a	22	4	stop codon
REP2463	6	43	start codon
REP2463	6	28	stop codon
REP2462c	8	71	start codon
REP2462c	8	28	start codon
REP2461d	8	28	start codon
REP2461d	8	34	stop codon
REP2461c	16	30	start codon
REP2461c	16	13	stop codon
REP2461b	17	45	start codon
REP2461b	17	3	stop codon
REP2461a	7	66	start codon
REP2461a	7	0	stop codon
REP2460a	15	37	start codon
REP2460a	15	14	stop codon
REP371a	10	11	stop codon
REP371a	10	1	stop codon
REP2456	4	80	start codon
REP2456	4	174	stop codon
REP2454a	20	15	stop codon
REP2454a	20	2	stop codon
REP376a	19	22	stop codon
REP376a	19	24	stop codon
REP2452a	6	26	stop codon
REP2452a	6	50	stop codon
REP377a	16	58	stop codon
REP377a	16	-12	stop codon
REP378a	15	15	stop codon
REP378a	15	7	stop codon
REP2450	28	124	start codon
REP2450	28	15	stop codon
REP2449	11	27	start codon
REP2449	11	20	stop codon
REP2448d	6	339	start codon
REP2448d	6	12	start codon
REP2448a	26	12	stop codon
REP2448a	26	0	stop codon
REP379b	6	60	stop codon
REP379b	6	-8	stop codon
REP2447	5	55	start codon
REP2447	5	50	stop codon
REP2446c	11	-13	stop codon
REP2446c	11	93	stop codon
REP380a	17	22	stop codon
REP380a	17	47	stop codon
REP2443	6	18	start codon
REP2443	6	20	stop codon
REP2441a	7	90	start codon
REP2441a	7	10	stop codon
REP2440b	11	52	start codon
REP2440b	11	81	stop codon
REP2439a	13	170	start codon
REP2439a	13	18	stop codon
REP2438	11	40	start codon
REP2438	11	12	stop codon
REP386a	11	217	stop codon
REP386a	11	32	stop codon
REP2434d	7	29	start codon
REP2434d	7	44	stop codon
REP2434a	6	73	start codon
REP2434a	6	4	stop codon
REP2433b	7	16	start codon
REP2433b	7	65	stop codon
REP2433a	16	48	start codon
REP2433a	16	13	stop codon
REP2432	10	69	start codon
REP2432	10	146	stop codon
REP387b	12	49	stop codon
REP387b	12	7	stop codon
REP2429b	14	84	start codon
REP2429b	14	128	stop codon
REP2429a	11	127	start codon
REP2429a	11	94	stop codon
REP2428	13	144	start codon
REP2428	13	5	stop codon
REP2427a	7	178	start codon
REP2427a	7	9	stop codon
REP2426	4	113	start codon
REP2426	4	304	stop codon
REP388	7	81	stop codon
REP388	7	20	start codon
REP2425a	20	17	stop codon
REP2425a	20	15	stop codon
REP2425b	3	26	stop codon
REP2425b	3	37	stop codon
REP2424	9	176	start codon
REP2424	9	25	stop codon
REP2423d	7	298	start codon
REP2423d	7	297	stop codon
REP2423b	7	407	start codon
REP2423b	7	182	stop codon
REP2422a	16	64	stop codon
REP2422a	16	12	stop codon
REP2421	13	54	start codon
REP2421	13	57	stop codon
REP2420	7	44	start codon
REP2420	7	229	stop codon
REP2419	9	50	start codon
REP2419	9	7	stop codon
REP2418c	15	89	start codon
REP2418c	15	18	stop codon
REP2417a	12	10	stop codon
REP2417a	12	12	stop codon
REP391c	13	119	start codon
REP391c	13	6	stop codon
REP2415b	5	47	start codon
REP2415b	5	107	stop codon
REP2415a	14	128	start codon
REP2415a	14	7	stop codon
REP392b	10	5	stop codon
REP392b	10	-16	stop codon
REP2413c	9	26	start codon
REP2413c	9	68	stop codon
REP2413a	7	89	start codon
REP2413a	7	10	stop codon
REP2412a	16	112	start codon
REP2412a	16	10	stop codon
REP2410d	9	25	start codon
REP2410d	9	438	stop codon
REP2410c	6	89	start codon
REP2410c	6	384	stop codon
REP394	4	7	stop codon
REP394	4	136	start codon
REP395	7	106	stop codon
REP395	7	95	start codon
REP396a	6	2	stop codon
REP396a	6	76	stop codon
REP396b	8	66	stop codon
REP396b	8	12	stop codon
REP2408	10	44	start codon
REP2408	10	26	stop codon
REP398	9	32	stop codon
REP398	9	12	start codon
REP2406a	3	31	stop codon
REP2406a	3	112	stop codon
REP399a	4	45	stop codon
REP399a	4	91	stop codon
REP2405d	18	91	stop codon
REP2405d	18	334	stop codon
REP2405c	2	336	stop codon
REP2405c	2	119	stop codon
REP400c	3	421	stop codon
REP400c	3	34	stop codon
REP400d	7	447	stop codon
REP400d	7	0	stop codon
REP2404a	20	13	stop codon
REP2404a	20	1	stop codon
REP402a	23	23	stop codon
REP402a	23	12	stop codon
REP403a	8	25	stop codon
REP403a	8	17	stop codon
REP404a	15	157	stop codon
REP404a	15	79	stop codon
REP2400d	8	90	start codon
REP2400d	8	216	start codon
REP2399b	10	65	start codon
REP2399b	10	97	stop codon
REP405c	4	100	start codon
REP405c	4	76	stop codon
REP2398	7	44	start codon
REP2398	7	31	stop codon
REP406a	20	6	stop codon
REP406a	20	23	stop codon
REP406b	4	69	stop codon
REP406b	4	-7	stop codon
REP407a	14	6	stop codon
REP407a	14	102	start codon
REP407b	13	39	stop codon
REP407b	13	69	start codon
REP2395c	5	41	stop codon
REP2395c	5	75	stop codon
REP409b	7	57	stop codon
REP409b	7	55	stop codon
REP2395a	15	79	stop codon
REP2395a	15	18	stop codon
REP2392a	6	16	stop codon
REP2392a	6	18	stop codon
REP411a	4	44	stop codon
REP411a	4	-7	stop codon
REP2391	5	35	start codon
REP2391	5	9	stop codon
REP2390d	4	96	start codon
REP2390d	4	153	stop codon
REP2390b	5	186	start codon
REP2390b	5	60	stop codon
REP2390a	8	203	start codon
REP2390a	8	39	stop codon
REP2388	15	80	start codon
REP2388	15	50	stop codon
REP2387	18	61	start codon
REP2387	18	7	stop codon
REP2386b	3	25	start codon
REP2386b	3	306	stop codon
REP2386a	7	229	start codon
REP2386a	7	95	stop codon
REP2385	7	36	start codon
REP2385	7	41	stop codon
REP2384d	5	121	start codon
REP2384d	5	181	stop codon
REP2384c	7	185	start codon
REP2384c	7	115	stop codon
REP2384b	19	233	start codon
REP2384b	19	44	stop codon
REP2384a	7	286	start codon
REP2384a	7	16	stop codon
REP2383b	5	36	start codon
REP2383b	5	56	stop codon
REP2383a	6	55	start codon
REP2383a	6	35	stop codon
REP2382a	17	302	start codon
REP2382a	17	48	stop codon
REP2381	6	120	start codon
REP2381	6	145	stop codon
REP2378	6	52	start codon
REP2378	6	35	stop codon
REP414a	7	15	stop codon
REP414a	7	-11	stop codon
REP415a	17	5	stop codon
REP415a	17	7	stop codon
REP415b	6	36	stop codon
REP415b	6	-1	stop codon
REP416c	4	96	stop codon
REP416c	4	9	start codon
REP417a	19	1	stop codon
REP417a	19	5	stop codon
REP417b	6	45	stop codon
REP417b	6	-9	stop codon
REP2374	13	37	start codon
REP2374	13	16	stop codon
REP418	6	18	stop codon
REP418	6	51	start codon
REP2370	7	8	start codon
REP2370	7	47	stop codon
REP2367b	7	9	start codon
REP2367b	7	52	stop codon
REP2367a	9	31	start codon
REP2367a	9	23	stop codon
REP2365d	4	25	start codon
REP2365d	4	186	stop codon
REP2365c	5	83	start codon
REP2365c	5	125	stop codon
REP2364	6	188	start codon
REP2364	6	0	stop codon
REP2363	7	25	start codon
REP2363	7	75	stop codon
REP2360b	6	146	start codon
REP2360b	6	56	stop codon
REP2360a	13	178	start codon
REP2360a	13	5	stop codon
REP427a	15	8	stop codon
REP427a	15	34	stop codon
REP2357b	6	58	start codon
REP2357b	6	301	stop codon
REP2357a	6	101	start codon
REP2357a	6	262	stop codon
REP2355a	3	26	stop codon
REP2355a	3	44	stop codon
REP430	11	10	stop codon
REP430	11	27	start codon
REP435b	4	73	stop codon
REP435b	4	29	start codon
REP436a	6	119	stop codon
REP436a	6	159	start codon
REP436b	8	251	stop codon
REP436b	8	21	start codon
REP436c	11	262	stop codon
REP436c	11	4	start codon
REP437a	7	21	stop codon
REP437a	7	-17	stop codon
REP2349	14	19	start codon
REP2349	14	25	stop codon
REP2348	6	20	start codon
REP2348	6	21	stop codon
REP2345a	16	19	stop codon
REP2345a	16	6	stop codon
REP441a	17	32	stop codon
REP441a	17	60	stop codon
REP441b	7	84	stop codon
REP441b	7	26	stop codon
REP2344a	7	111	stop codon
REP2344a	7	2	stop codon
REP443b	11	21	start codon
REP443b	11	61	stop codon
REP2340a	5	7	stop codon
REP2340a	5	22	stop codon
REP446d	8	5	start codon
REP446d	8	40	stop codon
REP2338	17	27	start codon
REP2338	17	19	stop codon
REP447a	15	24	stop codon
REP447a	15	197	start codon
REP447b	10	64	stop codon
REP447b	10	169	start codon
REP448a	25	6	stop codon
REP448a	25	-8	stop codon
REP2334	16	109	start codon
REP2334	16	13	stop codon
REP2333c	7	44	start codon
REP2333c	7	53	start codon
REP2332b	13	60	start codon
REP2332b	13	57	stop codon
REP2332a	13	85	start codon
REP2332a	13	24	stop codon
REP2331b	3	1225	start codon
REP2331b	3	51	stop codon
REP2330	9	94	start codon
REP2330	9	8	stop codon
REP451a	13	35	stop codon
REP451a	13	48	start codon
REP2328a	19	26	stop codon
REP2328a	19	11	stop codon
REP453a	16	22	stop codon
REP453a	16	1121	stop codon
REP453b	18	441	stop codon
REP453b	18	699	stop codon
REP453c	6	598	stop codon
REP453c	6	569	stop codon
REP453d	6	692	stop codon
REP453d	6	474	stop codon
REP2327d	7	1058	stop codon
REP2327d	7	99	stop codon
REP2327a	14	1129	stop codon
REP2327a	14	18	stop codon
REP2326c	8	37	start codon
REP2326c	8	189	stop codon
REP2326b	8	140	start codon
REP2326b	8	85	stop codon
REP2326a	12	185	start codon
REP2326a	12	29	stop codon
REP2325a	19	43	start codon
REP2325a	19	17	stop codon
REP2323b	5	76	start codon
REP2323b	5	75	stop codon
REP455	9	25	stop codon
REP455	9	27	start codon
REP456a	10	7	stop codon
REP456a	10	-22	stop codon
REP2320	6	23	start codon
REP2320	6	39	stop codon
REP460a	14	5	stop codon
REP460a	14	40	stop codon
REP462a	3	42	stop codon
REP462a	3	46	stop codon
REP2314	18	22	start codon
REP2314	18	13	stop codon
REP463a	6	7	stop codon
REP463a	6	57	stop codon
REP2313b	22	15	stop codon
REP2313b	22	8	stop codon
REP463c	5	65	stop codon
REP463c	5	1	stop codon
REP2312	8	52	start codon
REP2312	8	1	stop codon
REP2310	11	65	start codon
REP2310	11	17	stop codon
REP464d	16	138	stop codon
REP464d	16	24	stop codon
REP2307b	6	67	start codon
REP2307b	6	272	stop codon
REP2307a	9	110	start codon
REP2307a	9	220	stop codon
REP2306d	7	35	start codon
REP2306d	7	260	stop codon
REP2306c	7	117	start codon
REP2306c	7	178	stop codon
REP2306a	7	244	start codon
REP2306a	7	49	stop codon
REP2304a	23	20	stop codon
REP2304a	23	24	stop codon
REP2302a	21	12	stop codon
REP2302a	21	11	stop codon
REP467b	6	57	stop codon
REP467b	6	-1	stop codon
REP470a	10	59	stop codon
REP470a	10	336	start codon
REP470b	12	253	stop codon
REP470b	12	142	start codon
REP470c	8	297	stop codon
REP470c	8	107	start codon
REP470d	6	319	stop codon
REP470d	6	84	start codon
REP472b	6	59	stop codon
REP472b	6	15	start codon
REP2297c	19	0	stop codon
REP2297c	19	89	stop codon
REP2297a	5	61	stop codon
REP2297a	5	54	stop codon
REP473c	9	61	stop codon
REP473c	9	39	stop codon
REP475a	6	31	stop codon
REP475a	6	7	stop codon
REP2292	7	27	start codon
REP2292	7	20	stop codon
REP2291a	20	5	stop codon
REP2291a	20	22	stop codon
REP2288	7	63	start codon
REP2288	7	29	stop codon
REP2287	23	24	start codon
REP2287	23	2	stop codon
REP480	5	27	stop codon
REP480	5	211	start codon
REP482a	7	90	stop codon
REP482a	7	1404	start codon
REP482b	6	372	stop codon
REP482b	6	1121	start codon
REP482c	6	429	stop codon
REP482c	6	1064	start codon
REP482d	6	486	stop codon
REP482d	6	1007	start codon
REP483a	10	24	stop codon
REP483a	10	74	start codon
REP484a	7	99	stop codon
REP484a	7	401	start codon
REP485	7	127	stop codon
REP485	7	2	start codon
REP486a	6	6	stop codon
REP486a	6	2507	start codon
REP486b	9	80	stop codon
REP486b	9	2427	start codon
REP486c	7	156	stop codon
REP486c	7	2351	start codon
REP2284c	8	62	start codon
REP2284c	8	150	stop codon
REP2284b	4	77	start codon
REP2284b	4	143	stop codon
REP2283c	5	179	start codon
REP2283c	5	356	stop codon
REP488c	5	198	stop codon
REP488c	5	169	start codon
REP489	14	27	stop codon
REP489	14	58	start codon
REP2280	21	114	start codon
REP2280	21	21	stop codon
REP2279	11	23	start codon
REP2279	11	26	stop codon
REP492a	8	21	stop codon
REP492a	8	93	stop codon
REP492b	5	48	stop codon
REP492b	5	72	stop codon
REP492c	10	79	stop codon
REP492c	10	29	stop codon
REP494a	4	111	stop codon
REP494a	4	161	start codon
REP494b	8	198	stop codon
REP494b	8	73	start codon
REP495a	16	29	stop codon
REP495a	16	130	start codon
REP495b	4	157	stop codon
REP495b	4	28	start codon
REP2276a	18	3	stop codon
REP2276a	18	16	stop codon
REP497a	15	17	stop codon
REP497a	15	158	start codon
REP498a	8	3	stop codon
REP498a	8	-15	stop codon
REP500a	24	53	stop codon
REP500a	24	40	stop codon
REP2272b	8	-12	stop codon
REP2272b	8	66	stop codon
REP2271	15	68	start codon
REP2271	15	18	stop codon
REP502b	7	70	stop codon
REP502b	7	42	start codon
REP503a	14	130	stop codon
REP503a	14	219	stop codon
REP503b	18	328	stop codon
REP503b	18	16	stop codon
REP503c	13	364	stop codon
REP503c	13	-17	stop codon
REP504a	13	7	stop codon
REP504a	13	178	start codon
REP504b	7	137	stop codon
REP504b	7	55	start codon
REP2268b	4	52	start codon
REP2268b	4	132	stop codon
REP2268a	14	145	start codon
REP2268a	14	19	stop codon
REP506c	4	270	stop codon
REP506c	4	35	start codon
REP2267a	7	7	stop codon
REP2267a	7	13	stop codon
REP507b	5	36	stop codon
REP507b	5	-15	stop codon
REP2264a	3	415	stop codon
REP2264a	3	176	stop codon
REP2260	5	21	start codon
REP2260	5	56	stop codon
REP2259	10	77	start codon
REP2259	10	15	stop codon
REP2258d	5	204	start codon
REP2258d	5	277	stop codon
REP2258b	12	445	start codon
REP2258b	12	13	stop codon
REP2257	5	136	start codon
REP2257	5	107	stop codon
REP2256b	8	108	start codon
REP2256b	8	94	stop codon
REP2256a	9	117	start codon
REP2256a	9	77	stop codon
REP2255d	7	314	stop codon
REP2255d	7	365	stop codon
REP2255c	7	390	stop codon
REP2255c	7	293	stop codon
REP2255b	7	475	stop codon
REP2255b	7	208	stop codon
REP2255a	5	681	stop codon
REP2255a	5	1	stop codon
REP2254a	4	20	stop codon
REP2254a	4	300	stop codon
REP2253a	12	8	stop codon
REP2253a	12	58	stop codon
REP514b	4	100	stop codon
REP514b	4	-13	stop codon
REP2252	13	3	start codon
REP2252	13	267	stop codon
REP2251a	14	61	start codon
REP2251a	14	11	stop codon
REP517a	6	99	stop codon
REP517a	6	10	stop codon
REP2247b	20	8	stop codon
REP2247b	20	8	stop codon
REP520b	6	33	stop codon
REP520b	6	27	stop codon
REP2244	12	29	start codon
REP2244	12	16	stop codon
REP522a	6	78	stop codon
REP522a	6	784	start codon
REP2243d	10	344	stop codon
REP2243d	10	518	start codon
REP523a	10	109	stop codon
REP523a	10	-9	stop codon
REP2242d	5	366	start codon
REP2242d	5	298	stop codon
REP2242b	7	406	start codon
REP2242b	7	252	stop codon
REP2242a	7	654	start codon
REP2242a	7	1	stop codon
REP2241c	7	1	start codon
REP2241c	7	91	stop codon
REP2241b	6	69	start codon
REP2241b	6	28	stop codon
REP524b	4	214	stop codon
REP524b	4	649	stop codon
REP524d	4	488	stop codon
REP524d	4	376	stop codon
REP2240a	4	797	stop codon
REP2240a	4	67	stop codon
REP2239	6	133	start codon
REP2239	6	108	stop codon
REP2238	12	67	start codon
REP2238	12	19	stop codon
REP2237b	5	498	start codon
REP2237b	5	413	stop codon
REP2236d	6	37	start codon
REP2236d	6	249	stop codon
REP2236c	4	115	start codon
REP2236c	4	172	stop codon
REP2236b	10	179	start codon
REP2236b	10	98	stop codon
REP2236a	7	222	start codon
REP2236a	7	62	stop codon
REP2235	7	22	start codon
REP2235	7	0	stop codon
REP2234a	18	12	stop codon
REP2234a	18	2	stop codon
REP526a	10	74	stop codon
REP526a	10	1479	stop codon
REP526b	4	142	stop codon
REP526b	4	1421	stop codon
REP526c	6	407	stop codon
REP526c	6	1149	stop codon
REP526d	9	451	stop codon
REP526d	9	1101	stop codon
REP2233d	7	679	stop codon
REP2233d	7	880	stop codon
REP2233c	5	712	stop codon
REP2233c	5	848	stop codon
REP2233b	6	841	stop codon
REP2233b	6	717	stop codon
REP2232b	7	29	start codon
REP2232b	7	263	stop codon
REP2231d	4	510	start codon
REP2231d	4	71	start codon
REP2231c	8	536	start codon
REP2231c	8	31	start codon
REP528	5	28	stop codon
REP528	5	28	start codon
REP2228	29	74	start codon
REP2228	29	19	stop codon
REP2227	7	126	start codon
REP2227	7	5	stop codon
REP2226d	14	17	start codon
REP2226d	14	54	stop codon
REP2226c	14	44	start codon
REP2226c	14	29	stop codon
REP2226b	6	70	start codon
REP2226b	6	29	stop codon
REP2226a	7	78	start codon
REP2226a	7	11	stop codon
REP530	7	78	stop codon
REP530	7	25	start codon
REP2223b	4	71	start codon
REP2223b	4	211	stop codon
REP2223a	10	131	start codon
REP2223a	10	132	stop codon
REP2221d	4	92	start codon
REP2221d	4	262	stop codon
REP2221b	6	247	start codon
REP2221b	6	102	stop codon
REP2220c	4	74	start codon
REP2220c	4	137	stop codon
REP2220b	8	156	start codon
REP2220b	8	47	stop codon
REP535a	6	20	stop codon
REP535a	6	1	stop codon
REP535b	8	29	stop codon
REP535b	8	-15	stop codon
REP2217	7	41	start codon
REP2217	7	87	stop codon
REP541	7	193	stop codon
REP541	7	123	start codon
REP2211a	20	43	stop codon
REP2211a	20	137	stop codon
REP543	10	1	stop codon
REP543	10	116	start codon
REP544b	7	81	stop codon
REP544b	7	68	start codon
REP546a	10	12	stop codon
REP546a	10	120	stop codon
REP546b	21	89	stop codon
REP546b	21	19	stop codon
REP547a	6	189	stop codon
REP547a	6	91	start codon
REP2208a	16	108	stop codon
REP2208a	16	10	stop codon
REP2207a	7	161	start codon
REP2207a	7	82	stop codon
REP2206b	10	4	stop codon
REP2206b	10	72	stop codon
REP550a	17	81	stop codon
REP550a	17	154	start codon
REP550b	13	123	stop codon
REP550b	13	127	start codon
REP550d	6	139	stop codon
REP550d	6	126	start codon
REP551	11	26	stop codon
REP551	11	22	start codon
REP553	17	7	stop codon
REP553	17	122	start codon
REP554	7	50	stop codon
REP554	7	0	start codon
REP555	4	39	stop codon
REP555	4	55	start codon
REP2204a	20	13	stop codon
REP2204a	20	5	stop codon
REP2203a	17	3	stop codon
REP2203a	17	852	stop codon
REP2202	4	79	start codon
REP2202	4	5	stop codon
REP2197d	18	11	stop codon
REP2197d	18	214	stop codon
REP559b	4	80	stop codon
REP559b	4	173	stop codon
REP2197b	5	130	stop codon
REP2197b	5	121	stop codon
REP2196a	19	136	stop codon
REP2196a	19	17	stop codon
REP2195	6	98	start codon
REP2195	6	7	stop codon
REP561b	4	132	stop codon
REP561b	4	129	start codon
REP562	9	150	stop codon
REP562	9	62	start codon
REP563a	5	116	stop codon
REP563a	5	285	stop codon
REP2194d	5	132	stop codon
REP2194d	5	270	stop codon
REP563b	6	154	stop codon
REP563b	6	246	stop codon
REP563c	6	171	stop codon
REP563c	6	230	stop codon
REP2194b	3	215	stop codon
REP2194b	3	188	stop codon
REP2193c	7	151	start codon
REP2193c	7	86	stop codon
REP2193b	5	178	start codon
REP2193b	5	62	stop codon
REP2193a	6	187	start codon
REP2193a	6	53	stop codon
REP564c	4	40	start codon
REP564c	4	120	start codon
REP2191a	9	55	stop codon
REP2191a	9	3	stop codon
REP2190d	4	862	start codon
REP2190d	4	149	stop codon
REP2190b	9	907	start codon
REP2190b	9	90	stop codon
REP2190a	15	935	start codon
REP2190a	15	40	stop codon
REP2189a	10	23	stop codon
REP2189a	10	20	stop codon
REP567a	6	4	stop codon
REP567a	6	175	start codon
REP2186	10	39	start codon
REP2186	10	28	stop codon
REP2184a	19	271	start codon
REP2184a	19	41	stop codon
REP571	9	2	stop codon
REP571	9	86	start codon
REP2181	19	41	start codon
REP2181	19	9	stop codon
REP2180	6	59	start codon
REP2180	6	14	stop codon
REP574a	8	75	stop codon
REP574a	8	67	start codon
REP574b	7	83	stop codon
REP574b	7	60	start codon
REP2177d	6	63	start codon
REP2177d	6	168	stop codon
REP2177c	7	125	start codon
REP2177c	7	104	stop codon
REP2177b	9	144	start codon
REP2177b	9	77	stop codon
REP2177a	7	194	start codon
REP2177a	7	32	stop codon
REP2175c	8	40	stop codon
REP2175c	8	183	stop codon
REP2175b	8	53	stop codon
REP2175b	8	170	stop codon
REP2174d	9	18	start codon
REP2174d	9	202	stop codon
REP2174b	18	121	start codon
REP2174b	18	76	stop codon
REP2174c	8	121	start codon
REP2174c	8	101	stop codon
REP2174a	5	179	start codon
REP2174a	5	51	stop codon
REP581	7	105	stop codon
REP581	7	22	start codon
REP583a	19	8	stop codon
REP583a	19	50	stop codon
REP583b	8	55	stop codon
REP583b	8	21	stop codon
REP585	3	45	stop codon
REP585	3	14	start codon
REP2168a	21	11	stop codon
REP2168a	21	27	stop codon
REP586b	6	64	stop codon
REP586b	6	6	stop codon
REP587a	23	29	stop codon
REP587a	23	69	start codon
REP587b	4	76	stop codon
REP587b	4	59	start codon
REP588a	20	15	stop codon
REP588a	20	12	stop codon
REP2165b	7	9	start codon
REP2165b	7	92	stop codon
REP2165a	8	90	start codon
REP2165a	8	4	stop codon
REP2164c	5	43	start codon
REP2164c	5	102	stop codon
REP2164b	5	72	start codon
REP2164b	5	73	stop codon
REP2164a	5	101	start codon
REP2164a	5	44	stop codon
REP2163d	7	93	start codon
REP2163d	7	68	stop codon
REP590	6	7	stop codon
REP590	6	49	start codon
REP591a	5	57	stop codon
REP591a	5	41	start codon
REP591b	6	74	stop codon
REP591b	6	24	start codon
REP592	14	22	stop codon
REP592	14	27	start codon
REP593a	7	11	stop codon
REP593a	7	50	start codon
REP2159b	7	24	start codon
REP2159b	7	62	stop codon
REP2159a	4	75	start codon
REP2159a	4	18	stop codon
REP2158	16	52	start codon
REP2158	16	-1	stop codon
REP597b	7	18	start codon
REP597b	7	152	stop codon
REP2156b	5	45	start codon
REP2156b	5	122	stop codon
REP598a	7	81	stop codon
REP598a	7	525	stop codon
REP598b	9	141	stop codon
REP598b	9	458	stop codon
REP598c	4	425	stop codon
REP598c	4	190	stop codon
REP598d	10	479	stop codon
REP598d	10	120	stop codon
REP2155a	6	519	stop codon
REP2155a	6	84	stop codon
REP2154c	5	28	start codon
REP2154c	5	218	stop codon
REP2153c	8	249	start codon
REP2153c	8	169	stop codon
REP2153b	7	276	start codon
REP2153b	7	149	stop codon
REP2152	8	16	start codon
REP2152	8	171	stop codon
REP599a	4	11	stop codon
REP599a	4	400	start codon
REP599b	6	126	stop codon
REP599b	6	274	start codon
REP600	14	29	stop codon
REP600	14	171	start codon
REP2151a	5	98	stop codon
REP2151a	5	28	stop codon
REP601b	4	109	stop codon
REP601b	4	17	stop codon
REP2150	6	49	start codon
REP2150	6	20	stop codon
REP602a	4	27	stop codon
REP602a	4	-12	stop codon
REP604a	6	14	stop codon
REP604a	6	58	stop codon
REP604b	24	25	stop codon
REP604b	24	12	stop codon
REP604d	10	55	stop codon
REP604d	10	8	stop codon
REP2146c	12	-34	stop codon
REP2146c	12	175	stop codon
REP2146b	13	0	stop codon
REP2146b	13	146	stop codon
REP2146a	4	116	stop codon
REP2146a	4	54	stop codon
REP2145c	7	393	start codon
REP2145c	7	156	stop codon
REP2145b	7	409	start codon
REP2145b	7	137	stop codon
REP2144b	7	22	start codon
REP2144b	7	104	stop codon
REP2144a	5	92	start codon
REP2144a	5	38	stop codon
REP607	16	51	stop codon
REP607	16	92	start codon
REP2142a	5	81	stop codon
REP2142a	5	24	stop codon
REP608b	5	116	stop codon
REP608b	5	-9	stop codon
REP609a	11	5	stop codon
REP609a	11	-25	stop codon
REP610a	7	2	stop codon
REP610a	7	83	start codon
REP610b	10	14	stop codon
REP610b	10	60	start codon
REP2137b	5	72	start codon
REP2137b	5	175	stop codon
REP2137a	15	216	start codon
REP2137a	15	4	stop codon
REP2136	10	28	start codon
REP2136	10	25	stop codon
REP614b	4	5	start codon
REP614b	4	84	start codon
REP614c	3	36	start codon
REP614c	3	55	start codon
REP617	6	8	stop codon
REP617	6	48	start codon
REP2128	7	25	start codon
REP2128	7	43	stop codon
REP619	7	3	stop codon
REP619	7	36	start codon
REP620b	15	105	stop codon
REP620b	15	177	start codon
REP621	5	84	stop codon
REP621	5	81	start codon
REP622b	10	52	stop codon
REP622b	10	159	start codon
REP622c	7	129	stop codon
REP622c	7	89	start codon
REP623	11	42	stop codon
REP623	11	174	start codon
REP624a	5	30	stop codon
REP624a	5	21	stop codon
REP625a	20	52	stop codon
REP625a	20	12	stop codon
REP2125b	7	26	start codon
REP2125b	7	93	stop codon
REP2124	7	92	start codon
REP2124	7	31	stop codon
REP2123	7	97	start codon
REP2123	7	12	stop codon
REP626a	12	10	stop codon
REP626a	12	-19	stop codon
REP627a	24	58	stop codon
REP627a	24	14	stop codon
REP2120d	4	359	stop codon
REP2120d	4	200	stop codon
REP2120c	7	387	stop codon
REP2120c	7	167	stop codon
REP2120b	7	426	stop codon
REP2120b	7	119	stop codon
REP628d	3	448	stop codon
REP628d	3	112	stop codon
REP629a	17	33	stop codon
REP629a	17	34	stop codon
REP629b	12	75	stop codon
REP629b	12	-2	stop codon
REP630a	8	9	stop codon
REP630a	8	233	stop codon
REP630b	6	214	stop codon
REP630b	6	30	stop codon
REP2116c	5	31	start codon
REP2116c	5	186	stop codon
REP2116b	5	175	start codon
REP2116b	5	33	stop codon
REP632	14	4	stop codon
REP632	14	37	start codon
REP633a	8	7	stop codon
REP633a	8	128	start codon
REP633b	5	73	stop codon
REP633b	5	73	start codon
REP634a	16	11	stop codon
REP634a	16	63	stop codon
REP635b	4	41	stop codon
REP635b	4	1	stop codon
REP2113	6	66	start codon
REP2113	6	32	stop codon
REP2111	6	14	start codon
REP2111	6	15	stop codon
REP2110c	3	243	stop codon
REP2110c	3	439	stop codon
REP2110b	7	318	stop codon
REP2110b	7	354	stop codon
REP637d	7	322	stop codon
REP637d	7	355	stop codon
REP2110a	5	436	stop codon
REP2110a	5	244	stop codon
REP2109d	7	220	start codon
REP2109d	7	370	stop codon
REP2109b	3	378	start codon
REP2109b	3	226	stop codon
REP2108	7	51	start codon
REP2108	7	6	stop codon
REP2107	8	72	start codon
REP2107	8	11	stop codon
REP2106c	4	371	start codon
REP2106c	4	93	start codon
REP638a	4	71	stop codon
REP638a	4	148	stop codon
REP2105	10	102	start codon
REP2105	10	172	stop codon
REP639a	16	48	stop codon
REP639a	16	185	stop codon
REP2104c	4	162	stop codon
REP2104c	4	94	stop codon
REP2104b	14	165	stop codon
REP2104b	14	73	stop codon
REP2104a	13	235	stop codon
REP2104a	13	5	stop codon
REP640	8	47	stop codon
REP640	8	67	start codon
REP2103b	13	45	stop codon
REP2103b	13	28	stop codon
REP643	7	26	stop codon
REP643	7	26	start codon
REP644a	19	14	stop codon
REP644a	19	368	stop codon
REP644b	6	138	stop codon
REP644b	6	264	stop codon
REP2101d	4	189	stop codon
REP2101d	4	222	stop codon
REP644d	4	238	stop codon
REP644d	4	173	stop codon
REP2101b	4	322	stop codon
REP2101b	4	86	stop codon
REP2101a	20	350	stop codon
REP2101a	20	28	stop codon
REP2100	12	62	start codon
REP2100	12	6	stop codon
REP2099	9	97	start codon
REP2099	9	73	stop codon
REP645	7	38	stop codon
REP645	7	32	start codon
REP2095a	13	30	stop codon
REP2095a	13	22	stop codon
REP2094b	8	423	start codon
REP2094b	8	241	stop codon
REP2094a	8	584	start codon
REP2094a	8	79	stop codon
REP2093	15	39	start codon
REP2093	15	35	stop codon
REP2091d	9	83	stop codon
REP2091d	9	229	stop codon
REP2091c	6	161	stop codon
REP2091c	6	589	stop codon
REP649c	26	235	stop codon
REP649c	26	47	stop codon
REP651a	17	27	stop codon
REP651a	17	29	stop codon
REP2088	6	138	start codon
REP2088	6	160	stop codon
REP2087c	6	38	start codon
REP2087c	6	274	start codon
REP652b	5	112	stop codon
REP652b	5	22	stop codon
REP2086d	7	39	stop codon
REP2086d	7	390	stop codon
REP653b	7	247	stop codon
REP653b	7	183	stop codon
REP653d	7	337	stop codon
REP653d	7	92	stop codon
REP654b	9	74	stop codon
REP654b	9	-15	stop codon
REP655a	4	96	stop codon
REP655a	4	64	start codon
REP656	5	90	stop codon
REP656	5	173	start codon
REP2084a	14	17	stop codon
REP2084a	14	19	stop codon
REP2083a	4	89	stop codon
REP2083a	4	23	stop codon
REP660	6	19	stop codon
REP660	6	73	start codon
REP2082d	3	5	stop codon
REP2082d	3	443	stop codon
REP2082c	14	180	stop codon
REP2082c	14	235	stop codon
REP2082b	8	238	stop codon
REP2082b	8	200	stop codon
REP2082a	6	257	stop codon
REP2082a	6	183	stop codon
REP2081c	4	101	start codon
REP2081c	4	413	stop codon
REP2081b	6	237	start codon
REP2081b	6	274	stop codon
REP2081a	6	300	start codon
REP2081a	6	209	stop codon
REP2079c	6	47	start codon
REP2079c	6	66	stop codon
REP2079b	8	64	start codon
REP2079b	8	44	stop codon
REP2079a	16	83	start codon
REP2079a	16	10	stop codon
REP663a	24	5	stop codon
REP663a	24	14	stop codon
REP2077	21	23	start codon
REP2077	21	11	stop codon
REP665	7	110	stop codon
REP665	7	239	start codon
REP666c	8	264	stop codon
REP666c	8	52	start codon
REP667a	8	1	stop codon
REP667a	8	15	stop codon
REP2074b	7	25	start codon
REP2074b	7	34	stop codon
REP2073b	4	19	start codon
REP2073b	4	169	stop codon
REP2071a	15	116	start codon
REP2071a	15	10	stop codon
REP2070a	4	95	start codon
REP2070a	4	141	stop codon
REP2068	15	38	start codon
REP2068	15	17	stop codon
REP2067b	5	194	start codon
REP2067b	5	64	stop codon
REP2067a	14	228	start codon
REP2067a	14	13	stop codon
REP673b	7	436	stop codon
REP673b	7	21	start codon
REP674a	13	72	stop codon
REP674a	13	75	start codon
REP676	9	87	stop codon
REP676	9	62	start codon
REP678c	8	73	stop codon
REP678c	8	240	stop codon
REP2063d	12	448	start codon
REP2063d	12	393	stop codon
REP2063b	10	682	start codon
REP2063b	10	157	stop codon
REP2062	6	295	start codon
REP2062	6	18	stop codon
REP2059b	6	130	start codon
REP2059b	6	41	stop codon
REP2059a	6	155	start codon
REP2059a	6	16	stop codon
REP2057a	8	-11	stop codon
REP2057a	8	20	stop codon
REP681a	7	7	stop codon
REP681a	7	1	stop codon
REP682a	17	59	stop codon
REP682a	17	62	start codon
REP682b	7	124	stop codon
REP682b	7	18	start codon
REP2056a	8	-21	stop codon
REP2056a	8	11	stop codon
REP684	5	166	stop codon
REP684	5	30	start codon
REP2054b	7	33	start codon
REP2054b	7	98	stop codon
REP2054a	12	85	start codon
REP2054a	12	29	stop codon
REP686a	4	103	stop codon
REP686a	4	182	start codon
REP686b	8	192	stop codon
REP686b	8	81	start codon
REP687a	5	127	stop codon
REP687a	5	767	start codon
REP687b	7	492	stop codon
REP687b	7	399	start codon
REP687c	4	550	stop codon
REP687c	4	347	start codon
REP687d	4	820	stop codon
REP687d	4	77	start codon
REP689a	20	25	stop codon
REP689a	20	6	stop codon
REP2052b	9	30	start codon
REP2052b	9	58	stop codon
REP692a	14	92	stop codon
REP692a	14	149	start codon
REP692c	4	180	stop codon
REP692c	4	81	start codon
REP2048	2	41	start codon
REP2048	2	50	stop codon
REP2047a	21	9	stop codon
REP2047a	21	17	stop codon
REP695a	18	7	stop codon
REP695a	18	8	stop codon
REP695b	6	48	stop codon
REP695b	6	-9	stop codon
REP2045	6	22	start codon
REP2045	6	2	stop codon
REP2043d	20	63	start codon
REP2043d	20	156	stop codon
REP2043a	4	130	start codon
REP2043a	4	121	stop codon
REP2041b	6	48	start codon
REP2041b	6	109	stop codon
REP2041a	19	117	start codon
REP2041a	19	15	stop codon
REP2040a	4	35	stop codon
REP2040a	4	28	stop codon
REP697a	6	38	stop codon
REP697a	6	21	stop codon
REP2039	17	59	start codon
REP2039	17	30	stop codon
REP699	14	10	stop codon
REP699	14	26	start codon
REP2037a	19	19	stop codon
REP2037a	19	11	stop codon
REP701	22	7	stop codon
REP701	22	155	start codon
REP2036a	15	0	stop codon
REP2036a	15	18	stop codon
REP703b	6	42	start codon
REP703b	6	142	start codon
REP703c	3	160	start codon
REP703c	3	25	start codon
REP704a	7	19	stop codon
REP704a	7	46	start codon
REP704b	9	39	stop codon
REP704b	9	19	start codon
REP706a	19	5	stop codon
REP706a	19	37	stop codon
REP706b	7	63	stop codon
REP706b	7	3	stop codon
REP2031	6	42	start codon
REP2031	6	8	stop codon
REP2029	3	36	start codon
REP2029	3	3	stop codon
REP2028a	18	18	stop codon
REP2028a	18	6	stop codon
REP2027b	9	-15	stop codon
REP2027b	9	82	stop codon
REP2027a	20	28	stop codon
REP2027a	20	15	stop codon
REP710a	7	18	stop codon
REP710a	7	153	start codon
REP710b	6	29	stop codon
REP710b	6	140	start codon
REP710d	11	68	stop codon
REP710d	11	88	start codon
REP711a	7	8	stop codon
REP711a	7	252	start codon
REP711b	15	37	stop codon
REP711b	15	206	start codon
REP711d	5	172	stop codon
REP711d	5	95	start codon
REP712a	6	34	stop codon
REP712a	6	58	start codon
REP712b	15	43	stop codon
REP712b	15	30	start codon
REP713c	8	43	start codon
REP713c	8	300	start codon
REP714a	15	14	stop codon
REP714a	15	200	stop codon
REP714d	27	192	stop codon
REP714d	27	-2	stop codon
REP715	17	12	stop codon
REP715	17	246	start codon
REP2023a	24	142	start codon
REP2023a	24	30	stop codon
REP2022b	5	100	start codon
REP2022b	5	144	stop codon
REP2022a	2	161	start codon
REP2022a	2	83	stop codon
REP2021a	16	54	start codon
REP2021a	16	38	stop codon
REP717a	17	14	stop codon
REP717a	17	77	stop codon
REP717b	22	69	stop codon
REP717b	22	12	stop codon
REP2018b	7	30	start codon
REP2018b	7	10	stop codon
REP2018a	8	43	start codon
REP2018a	8	3	stop codon
REP2016a	13	-18	stop codon
REP2016a	13	10	stop codon
REP2014a	13	7	stop codon
REP2014a	13	41	stop codon
REP722d	6	43	start codon
REP722d	6	69	stop codon
REP2011	6	18	start codon
REP2011	6	56	stop codon
REP2009d	6	15	start codon
REP2009d	6	107	stop codon
REP2009c	10	52	start codon
REP2009c	10	59	stop codon
REP2009b	11	90	start codon
REP2009b	11	21	stop codon
REP2009a	10	107	start codon
REP2009a	10	5	stop codon
REP725a	10	10	stop codon
REP725a	10	98	start codon
REP726b	5	75	stop codon
REP726b	5	64	start codon
REP2005	17	27	start codon
REP2005	17	12	stop codon
REP2004	6	106	start codon
REP2004	6	6	stop codon
REP2003a	20	4	stop codon
REP2003a	20	11	stop codon
REP730b	6	49	stop codon
REP730b	6	-1	stop codon
REP2002c	13	16	stop codon
REP2002c	13	162	stop codon
REP2002b	6	63	stop codon
REP2002b	6	129	stop codon
REP731c	12	175	stop codon
REP731c	12	5	stop codon
REP2000a	18	30	stop codon
REP2000a	18	857	stop codon
REP1999	10	33	start codon
REP1999	10	11	stop codon
REP733b	8	29	stop codon
REP733b	8	101	stop codon
REP1998c	4	67	stop codon
REP1998c	4	72	stop codon
REP1997	15	26	start codon
REP1997	15	29	stop codon
REP734a	12	39	stop codon
REP734a	12	127	start codon
REP736	8	70	stop codon
REP736	8	166	start codon
REP737a	9	26	stop codon
REP737a	9	178	start codon
REP737b	9	112	stop codon
REP737b	9	91	start codon
REP738	11	61	stop codon
REP738	11	118	start codon
REP741a	15	8	stop codon
REP741a	15	135	start codon
REP741c	7	93	stop codon
REP741c	7	75	start codon
REP743b	6	76	stop codon
REP743b	6	105	start codon
REP1993a	3	124	stop codon
REP1993a	3	86	stop codon
REP1992b	7	13	start codon
REP1992b	7	41	stop codon
REP1992a	10	25	start codon
REP1992a	10	30	stop codon
REP1991	10	46	start codon
REP1991	10	16	stop codon
REP745a	5	321	stop codon
REP745a	5	105	start codon
REP745c	6	411	stop codon
REP745c	6	13	start codon
REP1990a	10	-11	stop codon
REP1990a	10	10	stop codon
REP1989b	22	27	stop codon
REP1989b	22	30	stop codon
REP750	19	7	stop codon
REP750	19	31	start codon
REP1986a	7	20	stop codon
REP1986a	7	9	stop codon
REP751d	7	87	start codon
REP751d	7	136	start codon
REP752a	5	38	stop codon
REP752a	5	12	stop codon
REP755	16	32	stop codon
REP755	16	330	start codon
REP1981c	4	71	start codon
REP1981c	4	99	stop codon
REP1981a	18	133	start codon
REP1981a	18	8	stop codon
REP1980b	20	33	start codon
REP1980b	20	22	stop codon
REP1980a	9	55	start codon
REP1980a	9	18	stop codon
REP1979a	7	139	stop codon
REP1979a	7	64	stop codon
REP758	6	65	stop codon
REP758	6	24	start codon
REP759	14	43	stop codon
REP759	14	279	start codon
REP1978d	19	119	stop codon
REP1978d	19	207	stop codon
REP1978a	18	304	stop codon
REP1978a	18	23	stop codon
REP761c	3	69	start codon
REP761c	3	31	stop codon
REP762	5	112	stop codon
REP762	5	66	start codon
REP763a	17	17	stop codon
REP763a	17	374	start codon
REP1974d	7	92	start codon
REP1974d	7	74	start codon
REP1974b	4	-9	stop codon
REP1974b	4	266	stop codon
REP765b	3	238	stop codon
REP765b	3	22	stop codon
REP1973d	4	100	start codon
REP1973d	4	284	stop codon
REP1973b	2	310	start codon
REP1973b	2	73	stop codon
REP1973a	16	325	start codon
REP1973a	16	37	stop codon
REP766	6	59	stop codon
REP766	6	163	start codon
REP1972d	5	-4	stop codon
REP1972d	5	215	stop codon
REP767a	6	102	stop codon
REP767a	6	107	stop codon
REP1972a	7	150	stop codon
REP1972a	7	60	stop codon
REP1971d	7	411	start codon
REP1971d	7	353	stop codon
REP1971c	6	654	start codon
REP1971c	6	119	stop codon
REP1971a	6	709	start codon
REP1971a	6	62	stop codon
REP1970b	6	1202	start codon
REP1970b	6	166	stop codon
REP769a	20	30	stop codon
REP769a	20	201	start codon
REP769c	5	141	stop codon
REP769c	5	127	start codon
REP770	14	57	stop codon
REP770	14	69	start codon
REP771a	6	168	stop codon
REP771a	6	160	start codon
REP771c	15	285	stop codon
REP771c	15	26	start codon
REP772	16	4	stop codon
REP772	16	202	start codon
REP773a	14	13	stop codon
REP773a	14	125	start codon
REP773b	6	80	stop codon
REP773b	6	77	start codon
REP1967a	4	36	start codon
REP1967a	4	182	stop codon
REP1965	8	41	start codon
REP1965	8	34	stop codon
REP775	9	44	stop codon
REP775	9	55	start codon
REP776a	3	23	stop codon
REP776a	3	136	start codon
REP776b	4	74	stop codon
REP776b	4	82	start codon
REP780a	15	104	stop codon
REP780a	15	379	stop codon
REP1961d	4	156	start codon
REP1961d	4	305	stop codon
REP1961c	3	343	start codon
REP1961c	3	116	stop codon
REP1961b	6	402	start codon
REP1961b	6	54	stop codon
REP1961a	17	426	start codon
REP1961a	17	10	stop codon
REP781a	7	6	stop codon
REP781a	7	77	stop codon
REP781b	12	23	stop codon
REP781b	12	46	stop codon
REP781c	14	26	stop codon
REP781c	14	33	stop codon
REP1959c	3	9	start codon
REP1959c	3	314	stop codon
REP1959b	7	166	start codon
REP1959b	7	149	stop codon
REP1959a	11	279	start codon
REP1959a	11	29	stop codon
REP782b	7	52	stop codon
REP782b	7	52	start codon
REP1958a	24	22	stop codon
REP1958a	24	20	stop codon
REP1957d	11	15	start codon
REP1957d	11	43	start codon
REP1955	9	100	start codon
REP1955	9	45	stop codon
REP1954	4	84	start codon
REP1954	4	51	stop codon
REP786	6	7	stop codon
REP786	6	5	stop codon
REP1950c	6	-1	stop codon
REP1950c	6	48	stop codon
REP1950b	20	12	stop codon
REP1950b	20	13	stop codon
REP1950a	7	51	stop codon
REP1950a	7	5	stop codon
REP790a	23	23	stop codon
REP790a	23	102	start codon
REP790b	6	99	stop codon
REP790b	6	78	start codon
REP1948	6	36	start codon
REP1948	6	37	stop codon
REP1947	16	115	start codon
REP1947	16	9	stop codon
REP1946c	4	41	start codon
REP1946c	4	119	stop codon
REP1946a	4	143	start codon
REP1946a	4	17	stop codon
REP1945a	14	117	start codon
REP1945a	14	3	stop codon
REP793a	9	14	stop codon
REP793a	9	73	stop codon
REP1940	14	41	start codon
REP1940	14	5	stop codon
REP1939	15	38	start codon
REP1939	15	8	stop codon
REP795a	14	8	stop codon
REP795a	14	3	stop codon
REP796a	11	23	stop codon
REP796a	11	607	start codon
REP796b	6	149	stop codon
REP796b	6	491	start codon
REP796c	4	203	stop codon
REP796c	4	441	start codon
REP797a	16	64	stop codon
REP797a	16	151	start codon
REP1937a	6	107	stop codon
REP1937a	6	52	stop codon
REP798a	4	121	stop codon
REP798a	4	44	stop codon
REP799a	6	144	stop codon
REP799a	6	590	stop codon
REP1935d	4	221	stop codon
REP1935d	4	515	stop codon
REP799b	8	228	stop codon
REP799b	8	501	stop codon
REP799c	10	480	stop codon
REP799c	10	237	stop codon
REP1935a	10	580	stop codon
REP1935a	10	144	stop codon
REP800d	6	5	start codon
REP800d	6	64	stop codon
REP1933	6	165	start codon
REP1933	6	241	stop codon
REP1930b	17	6	start codon
REP1930b	17	83	stop codon
REP1930a	5	72	start codon
REP1930a	5	41	stop codon
REP805	8	18	stop codon
REP805	8	56	start codon
REP808	5	39	stop codon
REP808	5	20	start codon
REP1925b	9	-19	stop codon
REP1925b	9	62	stop codon
REP1924	17	179	start codon
REP1924	17	43	stop codon
REP810	15	6	stop codon
REP810	15	28	start codon
REP812c	7	103	start codon
REP812c	7	125	start codon
REP813	15	24	stop codon
REP813	15	70	start codon
REP1920c	6	754	start codon
REP1920c	6	64	stop codon
REP1920b	7	770	start codon
REP1920b	7	50	stop codon
REP1919	13	31	start codon
REP1919	13	51	stop codon
REP815a	11	21	stop codon
REP815a	11	489	start codon
REP815b	3	110	stop codon
REP815b	3	415	start codon
REP815c	4	191	stop codon
REP815c	4	333	start codon
REP816	5	51	stop codon
REP816	5	23	start codon
REP817b	10	36	stop codon
REP817b	10	103	start codon
REP817c	7	60	stop codon
REP817c	7	87	start codon
REP818a	7	157	stop codon
REP818a	7	161	start codon
REP818b	4	197	stop codon
REP818b	4	130	start codon
REP821b	7	224	stop codon
REP821b	7	181	stop codon
REP1918b	7	314	stop codon
REP1918b	7	98	stop codon
REP1918a	15	384	stop codon
REP1918a	15	12	stop codon
REP1917	13	1	start codon
REP1917	13	21	stop codon
REP822	13	12	stop codon
REP822	13	107	start codon
REP1914a	5	19	stop codon
REP1914a	5	59	stop codon
REP1911a	9	-17	stop codon
REP1911a	9	26	stop codon
REP1910	11	94	start codon
REP1910	11	42	stop codon
REP1909d	7	297	start codon
REP1909d	7	192	start codon
REP1908b	4	121	start codon
REP1908b	4	188	stop codon
REP830b	5	86	stop codon
REP830b	5	220	start codon
REP830c	7	248	stop codon
REP830c	7	55	start codon
REP831a	18	23	stop codon
REP831a	18	44	start codon
REP831b	8	58	stop codon
REP831b	8	22	start codon
REP1907a	7	61	stop codon
REP1907a	7	-1	stop codon
REP1904b	5	38	start codon
REP1904b	5	97	stop codon
REP834c	6	92	start codon
REP834c	6	42	stop codon
REP834d	14	92	start codon
REP834d	14	20	stop codon
REP1903	4	150	start codon
REP1903	4	41	stop codon
REP1902	5	69	start codon
REP1902	5	42	stop codon
REP1901b	4	20	start codon
REP1901b	4	61	stop codon
REP1901a	9	52	start codon
REP1901a	9	15	stop codon
REP1899b	7	203	start codon
REP1899b	7	276	stop codon
REP1898	19	176	start codon
REP1898	19	120	stop codon
REP1896d	4	416	start codon
REP1896d	4	166	start codon
REP1895d	3	214	start codon
REP1895d	3	409	stop codon
REP1895c	7	342	start codon
REP1895c	7	269	stop codon
REP1895b	5	470	start codon
REP1895b	5	150	stop codon
REP1895a	15	559	start codon
REP1895a	15	31	stop codon
REP837	14	26	stop codon
REP837	14	164	start codon
REP1893	17	99	start codon
REP1893	17	12	stop codon
REP1892a	8	207	start codon
REP1892a	8	3	stop codon
REP1891d	10	153	start codon
REP1891d	10	388	stop codon
REP1891c	5	342	start codon
REP1891c	5	210	stop codon
REP1891b	18	444	start codon
REP1891b	18	84	stop codon
REP1891a	8	548	start codon
REP1891a	8	-1	stop codon
REP1887c	12	35	start codon
REP1887c	12	179	stop codon
REP1887a	8	187	start codon
REP1887a	8	34	stop codon
REP1886d	7	25	start codon
REP1886d	7	53	start codon
REP842b	7	62	stop codon
REP842b	7	-8	stop codon
REP842c	3	73	start codon
REP842c	3	47	stop codon
REP1884b	6	21	start codon
REP1884b	6	163	stop codon
REP1884a	4	166	start codon
REP1884a	4	18	stop codon
REP1881b	9	74	start codon
REP1881b	9	125	stop codon
REP1881a	6	207	start codon
REP1881a	6	0	stop codon
REP845a	17	13	stop codon
REP845a	17	514	start codon
REP845b	7	109	stop codon
REP845b	7	434	start codon
REP845c	7	198	stop codon
REP845c	7	344	start codon
REP845d	6	242	stop codon
REP845d	6	308	start codon
REP846b	2	80	stop codon
REP846b	2	424	start codon
REP846c	6	113	stop codon
REP846c	6	391	start codon
REP846d	6	243	stop codon
REP846d	6	260	start codon
REP1879b	10	83	start codon
REP1879b	10	59	stop codon
REP1879a	5	147	start codon
REP1879a	5	19	stop codon
REP1878b	4	301	start codon
REP1878b	4	193	stop codon
REP1878a	5	428	start codon
REP1878a	5	64	stop codon
REP848b	6	116	stop codon
REP848b	6	617	start codon
REP850	4	113	stop codon
REP850	4	137	start codon
REP1877d	6	212	stop codon
REP1877d	6	96	start codon
REP1877c	4	222	stop codon
REP1877c	4	90	start codon
REP851b	7	241	stop codon
REP851b	7	66	start codon
REP853a	4	23	stop codon
REP853a	4	541	stop codon
REP853c	5	346	stop codon
REP853c	5	216	stop codon
REP1876b	13	378	stop codon
REP1876b	13	157	stop codon
REP1876a	7	550	stop codon
REP1876a	7	2	stop codon
REP1875c	6	10	stop codon
REP1875c	6	129	stop codon
REP854a	10	21	stop codon
REP854a	10	106	stop codon
REP854b	12	132	stop codon
REP854b	12	-5	stop codon
REP1874a	8	-15	stop codon
REP1874a	8	5	stop codon
REP1873	7	37	start codon
REP1873	7	24	stop codon
REP1871	2	116	start codon
REP1871	2	21	stop codon
REP858a	7	46	stop codon
REP858a	7	12	start codon
REP858b	5	54	stop codon
REP858b	5	8	start codon
REP1869	5	171	start codon
REP1869	5	93	stop codon
REP1867	3	119	start codon
REP1867	3	37	stop codon
REP1865	22	12	start codon
REP1865	22	11	stop codon
REP862	3	19	stop codon
REP862	3	80	start codon
REP1864a	10	15	stop codon
REP1864a	10	3	stop codon
REP1863c	11	11	start codon
REP1863c	11	218	stop codon
REP1862b	8	78	start codon
REP1862b	8	74	stop codon
REP1862a	17	132	start codon
REP1862a	17	13	stop codon
REP1860b	7	20	stop codon
REP1860b	7	68	stop codon
REP1859	9	31	start codon
REP1859	9	101	stop codon
REP866b	18	162	stop codon
REP866b	18	19	stop codon
REP1857	6	25	start codon
REP1857	6	34	stop codon
REP867a	11	31	stop codon
REP867a	11	89	start codon
REP870	13	15	stop codon
REP870	13	34	start codon
REP873b	8	25	start codon
REP873b	8	298	stop codon
REP1851c	8	234	start codon
REP1851c	8	86	stop codon
REP1851a	6	278	start codon
REP1851a	6	54	stop codon
REP876	8	5	stop codon
REP876	8	98	start codon
REP1847b	7	9	start codon
REP1847b	7	162	stop codon
REP1847a	4	137	start codon
REP1847a	4	48	stop codon
REP878b	14	39	start codon
REP878b	14	53	start codon
REP878c	8	58	start codon
REP878c	8	51	start codon
REP880a	7	21	stop codon
REP880a	7	99	start codon
REP882a	6	98	stop codon
REP882a	6	62	start codon
REP1842c	8	-9	stop codon
REP1842c	8	290	stop codon
REP1842b	5	55	stop codon
REP1842b	5	236	stop codon
REP883b	7	165	stop codon
REP883b	7	120	stop codon
REP884	13	57	stop codon
REP884	13	81	start codon
REP885a	9	8	stop codon
REP885a	9	291	stop codon
REP1841d	5	28	stop codon
REP1841d	5	278	stop codon
REP885c	4	116	stop codon
REP885c	4	192	stop codon
REP885d	4	180	stop codon
REP885d	4	128	stop codon
REP1840b	3	185	start codon
REP1840b	3	545	stop codon
REP886a	10	92	stop codon
REP886a	10	239	start codon
REP886b	9	140	stop codon
REP886b	9	196	start codon
REP887	5	72	stop codon
REP887	5	160	start codon
REP888a	15	8	stop codon
REP888a	15	222	stop codon
REP1839a	4	189	stop codon
REP1839a	4	61	stop codon
REP1838a	19	26	stop codon
REP1838a	19	27	stop codon
REP1837a	19	-31	stop codon
REP1837a	19	19	stop codon
REP891	7	9	stop codon
REP891	7	59	start codon
REP893a	12	26	stop codon
REP893a	12	16	stop codon
REP1834b	8	122	start codon
REP1834b	8	132	stop codon
REP1834a	3	193	start codon
REP1834a	3	83	stop codon
REP1832a	8	-11	stop codon
REP1832a	8	596	start codon
REP895	19	2	stop codon
REP895	19	28	start codon
REP896	17	19	stop codon
REP896	17	2	start codon
REP897	18	34	stop codon
REP897	18	139	start codon
REP899	4	50	stop codon
REP899	4	107	start codon
REP1830	19	70	start codon
REP1830	19	45	stop codon
REP1829b	7	17	start codon
REP1829b	7	86	stop codon
REP903a	5	19	stop codon
REP903a	5	41	stop codon
REP1825d	12	89	start codon
REP1825d	12	42	start codon
REP1823b	5	56	start codon
REP1823b	5	73	stop codon
REP1823a	23	80	start codon
REP1823a	23	14	stop codon
REP908a	8	174	stop codon
REP908a	8	95	stop codon
REP908b	5	218	stop codon
REP908b	5	59	stop codon
REP1822a	14	224	stop codon
REP1822a	14	31	stop codon
REP909a	15	106	stop codon
REP909a	15	132	start codon
REP909c	4	169	stop codon
REP909c	4	93	start codon
REP912a	7	122	stop codon
REP912a	7	256	stop codon
REP912b	5	292	stop codon
REP912b	5	88	stop codon
REP1819b	4	299	stop codon
REP1819b	4	85	stop codon
REP912c	13	323	stop codon
REP912c	13	41	stop codon
REP1818a	10	27	stop codon
REP1818a	10	31	stop codon
REP1816b	16	139	stop codon
REP1816b	16	31	stop codon
REP915b	3	175	stop codon
REP915b	3	18	stop codon
REP915c	4	202	stop codon
REP915c	4	-10	stop codon
REP916	7	147	stop codon
REP916	7	25	start codon
REP917	12	14	stop codon
REP917	12	39	start codon
REP1814d	3	1144	start codon
REP1814d	3	122	stop codon
REP1814a	9	1236	start codon
REP1814a	9	21	stop codon
REP1811c	18	-30	stop codon
REP1811c	18	2	stop codon
REP1811a	7	-8	stop codon
REP1811a	7	1	stop codon
REP921a	4	122	stop codon
REP921a	4	58	stop codon
REP922a	10	126	stop codon
REP922a	10	143	start codon
REP923a	6	21	stop codon
REP923a	6	31	stop codon
REP923b	9	23	stop codon
REP923b	9	17	stop codon
REP1809a	6	47	stop codon
REP1809a	6	6	stop codon
REP1808	14	53	start codon
REP1808	14	8	stop codon
REP1804	10	17	start codon
REP1804	10	801	start codon
REP926a	18	45	start codon
REP926a	18	354	start codon
REP926b	6	137	start codon
REP926b	6	285	start codon
REP927a	5	111	stop codon
REP927a	5	65	stop codon
REP927c	5	15	start codon
REP927c	5	379	start codon
REP1801d	7	355	start codon
REP1801d	7	33	start codon
REP1800a	8	60	start codon
REP1800a	8	38	stop codon
REP929	9	3	stop codon
REP929	9	191	start codon
REP930a	8	73	stop codon
REP930a	8	112	start codon
REP930b	7	145	stop codon
REP930b	7	39	start codon
REP933b	5	445	stop codon
REP933b	5	340	start codon
REP933c	5	583	stop codon
REP933c	5	198	start codon
REP933d	7	657	stop codon
REP933d	7	123	start codon
REP934a	12	18	stop codon
REP934a	12	689	start codon
REP934b	4	338	stop codon
REP934b	4	390	start codon
REP934c	4	564	stop codon
REP934c	4	163	start codon
REP935c	12	292	stop codon
REP935c	12	675	stop codon
REP935b	2	293	stop codon
REP935b	2	699	stop codon
REP935d	4	323	stop codon
REP935d	4	666	stop codon
REP1798d	7	627	stop codon
REP1798d	7	358	stop codon
REP1798b	7	771	stop codon
REP1798b	7	208	stop codon
REP1798a	2	939	stop codon
REP1798a	2	52	stop codon
REP1796d	10	185	start codon
REP1796d	10	228	stop codon
REP1796c	9	235	start codon
REP1796c	9	189	stop codon
REP1796a	10	378	start codon
REP1796a	10	45	stop codon
REP1792a	6	181	start codon
REP1792a	6	26	stop codon
REP1791c	9	64	start codon
REP1791c	9	204	start codon
REP938	6	54	stop codon
REP938	6	27	start codon
REP940a	11	9	stop codon
REP940a	11	171	start codon
REP1789c	8	27	stop codon
REP1789c	8	229	stop codon
REP1789a	12	201	stop codon
REP1789a	12	39	stop codon
REP941d	9	233	stop codon
REP941d	9	18	stop codon
REP1787c	6	47	start codon
REP1787c	6	123	stop codon
REP1787a	6	129	start codon
REP1787a	6	39	stop codon
REP943a	27	22	stop codon
REP943a	27	132	start codon
REP943b	7	141	stop codon
REP943b	7	57	start codon
REP944	16	60	stop codon
REP944	16	28	start codon
REP1785a	18	-18	stop codon
REP1785a	18	13	stop codon
REP947a	14	5	stop codon
REP947a	14	18	stop codon
REP1782a	20	39	stop codon
REP1782a	20	20	stop codon
REP948b	4	107	stop codon
REP948b	4	-9	stop codon
REP949a	7	21	stop codon
REP949a	7	235	start codon
REP949b	4	46	stop codon
REP949b	4	214	start codon
REP950a	6	20	stop codon
REP950a	6	-9	stop codon
REP951	9	17	stop codon
REP951	9	92	start codon
REP1780a	13	5	stop codon
REP1780a	13	9	stop codon
REP1779	10	25	start codon
REP1779	10	163	stop codon
REP953b	6	32	stop codon
REP953b	6	884	start codon
REP953c	5	145	stop codon
REP953c	5	774	start codon
REP954	16	18	stop codon
REP954	16	111	start codon
REP955a	7	28	stop codon
REP955a	7	123	start codon
REP955b	14	56	stop codon
REP955b	14	87	start codon
REP1778b	8	-16	stop codon
REP1778b	8	81	stop codon
REP956a	18	17	stop codon
REP956a	18	25	stop codon
REP1777	16	93	start codon
REP1777	16	19	stop codon
REP957	6	8	stop codon
REP957	6	40	start codon
REP1776b	7	7	stop codon
REP1776b	7	70	stop codon
REP1776a	15	36	stop codon
REP1776a	15	19	stop codon
REP1775a	18	47	stop codon
REP1775a	18	15	stop codon
REP1773b	7	-15	stop codon
REP1773b	7	89	stop codon
REP961a	20	29	stop codon
REP961a	20	30	stop codon
REP963a	5	97	stop codon
REP963a	5	277	start codon
REP963b	8	143	stop codon
REP963b	8	224	start codon
REP964	13	7	stop codon
REP964	13	28	start codon
REP965a	4	56	stop codon
REP965a	4	431	start codon
REP965b	4	90	stop codon
REP965b	4	398	start codon
REP966a	6	145	stop codon
REP966a	6	695	start codon
REP966b	7	240	stop codon
REP966b	7	597	start codon
REP966c	8	241	stop codon
REP966c	8	594	start codon
REP966d	5	371	stop codon
REP966d	5	470	start codon
REP967a	7	25	stop codon
REP967a	7	210	stop codon
REP1772b	13	190	stop codon
REP1772b	13	37	stop codon
REP968a	5	8	start codon
REP968a	5	472	stop codon
REP1770b	5	154	start codon
REP1770b	5	319	stop codon
REP1770a	20	396	start codon
REP1770a	20	51	stop codon
REP1769a	2	425	start codon
REP1769a	2	124	stop codon
REP1766	13	49	start codon
REP1766	13	125	stop codon
REP1764	5	49	start codon
REP1764	5	36	stop codon
REP972a	7	48	stop codon
REP972a	7	186	start codon
REP972b	11	52	stop codon
REP972b	11	172	start codon
REP973	11	9	stop codon
REP973	11	98	start codon
REP1762c	7	37	start codon
REP1762c	7	48	start codon
REP975b	7	64	stop codon
REP975b	7	0	stop codon
REP1760	15	26	start codon
REP1760	15	10	stop codon
REP1759	9	66	start codon
REP1759	9	26	stop codon
REP1758b	6	4	stop codon
REP1758b	6	170	stop codon
REP977a	9	152	stop codon
REP977a	9	12	stop codon
REP978d	4	86	stop codon
REP978d	4	298	start codon
REP979a	4	40	stop codon
REP979a	4	37	stop codon
REP979c	6	23	start codon
REP979c	6	86	stop codon
REP979d	3	111	start codon
REP979d	3	2	stop codon
REP980	4	12	stop codon
REP980	4	207	start codon
REP982a	7	55	stop codon
REP982a	7	59	start codon
REP1753a	23	14	stop codon
REP1753a	23	16	stop codon
REP985	5	44	stop codon
REP985	5	14	start codon
REP986a	15	41	stop codon
REP986a	15	32	start codon
REP986b	7	68	stop codon
REP986b	7	27	start codon
REP1751d	4	115	start codon
REP1751d	4	116	start codon
REP988a	6	47	stop codon
REP988a	6	52	stop codon
REP1750d	7	110	start codon
REP1750d	7	207	start codon
REP988d	3	228	start codon
REP988d	3	100	start codon
REP1749d	7	15	start codon
REP1749d	7	231	stop codon
REP1749c	5	47	start codon
REP1749c	5	205	stop codon
REP1749a	15	220	start codon
REP1749a	15	13	stop codon
REP990a	10	15	stop codon
REP990a	10	-25	stop codon
REP992	4	64	stop codon
REP992	4	68	start codon
REP1744a	5	5	stop codon
REP1744a	5	2	stop codon
REP996b	7	16	start codon
REP996b	7	292	stop codon
REP1743d	11	132	start codon
REP1743d	11	162	stop codon
REP1743c	15	146	start codon
REP1743c	15	145	stop codon
REP1742b	7	2	stop codon
REP1742b	7	20	stop codon
REP997a	7	14	stop codon
REP997a	7	11	stop codon
REP998a	11	15	stop codon
REP998a	11	-16	stop codon
REP1740a	17	12	stop codon
REP1740a	17	14	stop codon
REP1739	7	173	start codon
REP1739	7	7	stop codon
REP1001b	6	58	stop codon
REP1001b	6	-1	stop codon
REP1736a	18	58	stop codon
REP1736a	18	312	stop codon
REP1003	9	5	stop codon
REP1003	9	15	start codon
REP1005a	7	33	stop codon
REP1005a	7	79	start codon
REP1005b	16	57	stop codon
REP1005b	16	36	start codon
REP1006	8	81	stop codon
REP1006	8	29	start codon
REP1007b	3	19	start codon
REP1007b	3	62	start codon
REP1007c	7	52	start codon
REP1007c	7	22	start codon
REP1008a	5	114	stop codon
REP1008a	5	294	start codon
REP1008b	20	144	stop codon
REP1008b	20	236	start codon
REP1008d	5	195	stop codon
REP1008d	5	215	start codon
REP1010a	6	55	stop codon
REP1010a	6	208	stop codon
REP1732b	15	110	start codon
REP1732b	15	89	stop codon
REP1729	4	33	start codon
REP1729	4	16	stop codon
REP1012d	4	53	start codon
REP1012d	4	0	stop codon
REP1728a	17	6	stop codon
REP1728a	17	10	stop codon
REP1015	7	36	stop codon
REP1015	7	76	start codon
REP1017a	18	27	stop codon
REP1017a	18	205	start codon
REP1018a	4	109	stop codon
REP1018a	4	133	start codon
REP1018b	7	148	stop codon
REP1018b	7	92	start codon
REP1018c	7	162	stop codon
REP1018c	7	77	start codon
REP1018d	10	202	stop codon
REP1018d	10	28	start codon
REP1726a	20	14	stop codon
REP1726a	20	12	stop codon
REP1725a	4	-6	stop codon
REP1725a	4	4	stop codon
REP1719b	18	34	start codon
REP1719b	18	18	stop codon
REP1030	5	37	stop codon
REP1030	5	15	start codon
REP1031	7	33	stop codon
REP1031	7	28	start codon
REP1032b	4	39	stop codon
REP1032b	4	59	stop codon
REP1033b	4	58	stop codon
REP1033b	4	212	start codon
REP1034c	6	22	start codon
REP1034c	6	169	stop codon
REP1712c	7	118	start codon
REP1712c	7	62	stop codon
REP1711	4	85	start codon
REP1711	4	6	stop codon
REP1035a	6	65	stop codon
REP1035a	6	105	stop codon
REP1708a	6	97	stop codon
REP1708a	6	58	stop codon
REP1707	5	35	start codon
REP1707	5	26	stop codon
REP1706a	18	-35	stop codon
REP1706a	18	29	stop codon
REP1705	10	17	start codon
REP1705	10	18	stop codon
REP1039a	18	9	stop codon
REP1039a	18	-40	stop codon
REP1703	10	1	start codon
REP1703	10	129	stop codon
REP1040c	8	199	stop codon
REP1040c	8	149	start codon
REP1040d	3	245	stop codon
REP1040d	3	105	start codon
REP1701	9	273	start codon
REP1701	9	561	stop codon
REP1700b	6	137	start codon
REP1700b	6	71	start codon
REP1699a	7	3	stop codon
REP1699a	7	6	stop codon
REP1697	19	35	start codon
REP1697	19	9	stop codon
REP1696b	6	4	stop codon
REP1696b	6	48	stop codon
REP1696a	22	15	stop codon
REP1696a	22	2	stop codon
REP1695	10	27	start codon
REP1695	10	7	stop codon
REP1048b	12	91	stop codon
REP1048b	12	219	start codon
REP1048c	6	214	stop codon
REP1048c	6	115	start codon
REP1048d	8	235	stop codon
REP1048d	8	88	start codon
REP1049	8	65	stop codon
REP1049	8	9	start codon
REP1689a	6	33	stop codon
REP1689a	6	19	stop codon
REP1053a	8	24	stop codon
REP1053a	8	20	stop codon
REP1687	8	16	start codon
REP1687	8	22	stop codon
REP1054a	8	45	stop codon
REP1054a	8	54	start codon
REP1054b	8	76	stop codon
REP1054b	8	25	start codon
REP1055a	8	64	stop codon
REP1055a	8	396	start codon
REP1055b	6	337	stop codon
REP1055b	6	133	start codon
REP1055c	4	373	stop codon
REP1055c	4	98	start codon
REP1055d	9	441	stop codon
REP1055d	9	22	start codon
REP1685b	4	56	stop codon
REP1685b	4	92	stop codon
REP1685a	16	103	stop codon
REP1685a	16	19	stop codon
REP1057d	8	149	stop codon
REP1057d	8	-7	stop codon
REP1684	5	96	start codon
REP1684	5	3	stop codon
REP1058	8	48	stop codon
REP1058	8	30	start codon
REP1059a	4	63	stop codon
REP1059a	4	227	start codon
REP1059c	6	161	stop codon
REP1059c	6	129	start codon
REP1060	11	7	stop codon
REP1060	11	35	start codon
REP1683a	6	1	stop codon
REP1683a	6	13	stop codon
REP1063	8	93	stop codon
REP1063	8	81	start codon
REP1064b	6	178	stop codon
REP1064b	6	831	start codon
REP1064d	7	252	stop codon
REP1064d	7	752	start codon
REP1681a	13	197	stop codon
REP1681a	13	43	stop codon
REP1066b	13	27	stop codon
REP1066b	13	59	start codon
REP1680b	6	18	stop codon
REP1680b	6	200	stop codon
REP1067a	6	64	stop codon
REP1067a	6	158	stop codon
REP1680a	6	80	stop codon
REP1680a	6	132	stop codon
REP1679c	3	62	start codon
REP1679c	3	187	stop codon
REP1679b	14	140	start codon
REP1679b	14	84	stop codon
REP1679a	18	186	start codon
REP1679a	18	35	stop codon
REP1677b	4	13	stop codon
REP1677b	4	37	stop codon
REP1070a	19	24	stop codon
REP1070a	19	-37	stop codon
REP1071	6	70	stop codon
REP1071	6	86	start codon
REP1072a	13	6	stop codon
REP1072a	13	97	stop codon
REP1073a	7	339	stop codon
REP1073a	7	-11	stop codon
REP1673	6	86	start codon
REP1673	6	12	stop codon
REP1671	7	29	start codon
REP1671	7	13	stop codon
REP1076a	13	1	stop codon
REP1076a	13	-10	stop codon
REP1076d	8	81	start codon
REP1076d	8	128	start codon
REP1665c	6	25	start codon
REP1665c	6	114	stop codon
REP1081a	7	29	stop codon
REP1081a	7	114	stop codon
REP1081b	7	82	stop codon
REP1081b	7	56	stop codon
REP1081d	4	45	start codon
REP1081d	4	78	start codon
REP1662d	9	87	start codon
REP1662d	9	27	start codon
REP1083	8	144	stop codon
REP1083	8	20	start codon
REP1084b	17	50	stop codon
REP1084b	17	182	start codon
REP1085	14	14	stop codon
REP1085	14	34	start codon
REP1086	13	23	stop codon
REP1086	13	219	start codon
REP1087b	7	65	stop codon
REP1087b	7	26	start codon
REP1088a	11	16	stop codon
REP1088a	11	146	start codon
REP1088b	7	30	stop codon
REP1088b	7	144	start codon
REP1089	15	35	stop codon
REP1089	15	116	start codon
REP1090a	7	51	stop codon
REP1090a	7	107	start codon
REP1090b	10	98	stop codon
REP1090b	10	50	start codon
REP1661b	7	12	stop codon
REP1661b	7	82	stop codon
REP1091c	7	67	stop codon
REP1091c	7	31	stop codon
REP1093a	26	21	stop codon
REP1093a	26	9	stop codon
REP1658a	7	56	start codon
REP1658a	7	44	stop codon
REP1657	14	80	start codon
REP1657	14	29	stop codon
REP1656b	5	46	start codon
REP1656b	5	136	stop codon
REP1656a	5	88	start codon
REP1656a	5	88	stop codon
REP1094a	8	19	stop codon
REP1094a	8	-23	stop codon
REP1096a	5	29	stop codon
REP1096a	5	-8	stop codon
REP1098a	16	15	stop codon
REP1098a	16	150	start codon
REP1098b	12	62	stop codon
REP1098b	12	109	start codon
REP1099a	4	61	stop codon
REP1099a	4	101	start codon
REP1100c	12	332	start codon
REP1100c	12	525	start codon
REP1100d	7	403	start codon
REP1100d	7	468	start codon
REP1104	7	22	stop codon
REP1104	7	7	start codon
REP1106	9	65	stop codon
REP1106	9	134	start codon
REP1110	7	44	stop codon
REP1110	7	45	start codon
REP1111a	17	25	stop codon
REP1111a	17	260	start codon
REP1111d	5	112	stop codon
REP1111d	5	195	start codon
REP1112	8	24	stop codon
REP1112	8	127	start codon
REP1114	7	9	stop codon
REP1114	7	147	start codon
REP1115b	18	67	stop codon
REP1115b	18	147	stop codon
REP1642a	17	200	stop codon
REP1642a	17	15	stop codon
REP1116a	6	87	stop codon
REP1116a	6	109	start codon
REP1116b	11	153	stop codon
REP1116b	11	27	start codon
REP1641b	4	110	stop codon
REP1641b	4	234	stop codon
REP1117b	8	158	stop codon
REP1117b	8	177	stop codon
REP1641a	9	181	stop codon
REP1641a	9	152	stop codon
REP1118a	15	11	stop codon
REP1118a	15	9	stop codon
REP1119a	14	33	stop codon
REP1119a	14	13	stop codon
REP1638	4	19	start codon
REP1638	4	116	stop codon
REP1637	6	46	start codon
REP1637	6	155	stop codon
REP1120a	13	199	stop codon
REP1120a	13	133	start codon
REP1636b	9	435	stop codon
REP1636b	9	161	stop codon
REP1636a	18	565	stop codon
REP1636a	18	10	stop codon
REP1634	4	87	start codon
REP1634	4	16	stop codon
REP1633b	5	285	start codon
REP1633b	5	99	stop codon
REP1633a	7	321	start codon
REP1633a	7	60	stop codon
REP1123a	10	161	stop codon
REP1123a	10	92	start codon
REP1123c	5	249	stop codon
REP1123c	5	17	start codon
REP1632c	20	10	stop codon
REP1632c	20	76	stop codon
REP1632b	4	59	stop codon
REP1632b	4	57	stop codon
REP1632a	20	72	stop codon
REP1632a	20	13	stop codon
REP1126	7	39	stop codon
REP1126	7	20	start codon
REP1631a	15	9	stop codon
REP1631a	15	39	stop codon
REP1128	6	35	stop codon
REP1128	6	44	start codon
REP1129	7	14	stop codon
REP1129	7	17	start codon
REP1130	9	155	stop codon
REP1130	9	59	start codon
REP1131	5	87	stop codon
REP1131	5	180	start codon
REP1630a	19	8	stop codon
REP1630a	19	10	stop codon
REP1133a	15	6	stop codon
REP1133a	15	85	stop codon
REP1628	9	24	start codon
REP1628	9	39	stop codon
REP1626a	24	-31	stop codon
REP1626a	24	22	stop codon
REP1624b	16	36	start codon
REP1624b	16	140	stop codon
REP1624a	4	144	start codon
REP1624a	4	56	stop codon
REP1618a	7	76	start codon
REP1618a	7	17	stop codon
REP1144	17	22	stop codon
REP1144	17	266	start codon
REP1145a	4	163	stop codon
REP1145a	4	189	start codon
REP1145b	6	325	stop codon
REP1145b	6	26	start codon
REP1145c	7	328	stop codon
REP1145c	7	17	start codon
REP1615c	6	215	start codon
REP1615c	6	159	stop codon
REP1615b	3	323	start codon
REP1615b	3	68	stop codon
REP1615a	8	335	start codon
REP1615a	8	43	stop codon
REP1147	9	29	stop codon
REP1147	9	42	start codon
REP1149a	19	58	stop codon
REP1149a	19	202	start codon
REP1149b	9	77	stop codon
REP1149b	9	199	start codon
REP1149d	8	229	stop codon
REP1149d	8	54	start codon
REP1150a	10	11	stop codon
REP1150a	10	100	start codon
REP1155a	7	30	stop codon
REP1155a	7	130	start codon
REP1607	9	50	start codon
REP1607	9	0	stop codon
REP1606a	21	6	stop codon
REP1606a	21	14	stop codon
REP1605b	7	189	start codon
REP1605b	7	236	stop codon
REP1605a	4	352	start codon
REP1605a	4	82	stop codon
REP1604c	8	134	start codon
REP1604c	8	24	start codon
REP1159a	19	25	stop codon
REP1159a	19	14	stop codon
REP1603a	5	4	stop codon
REP1603a	5	20	stop codon
REP1602a	6	1	stop codon
REP1602a	6	25	stop codon
REP1162a	6	36	stop codon
REP1162a	6	-10	stop codon
REP1164b	5	88	stop codon
REP1164b	5	168	start codon
REP1599c	9	-20	stop codon
REP1599c	9	74	stop codon
REP1165a	16	15	stop codon
REP1165a	16	26	stop codon
REP1166a	18	16	stop codon
REP1166a	18	-23	stop codon
REP1595b	4	9	stop codon
REP1595b	4	69	stop codon
REP1594	17	16	start codon
REP1594	17	6	stop codon
REP1593b	4	5	stop codon
REP1593b	4	93	stop codon
REP1593a	5	44	stop codon
REP1593a	5	51	stop codon
REP1172b	8	57	start codon
REP1172b	8	8	stop codon
REP1173	7	18	stop codon
REP1173	7	89	start codon
REP1174	12	16	stop codon
REP1174	12	63	start codon
REP1591d	5	46	stop codon
REP1591d	5	193	start codon
REP1176b	4	106	start codon
REP1176b	4	-7	stop codon
REP1177a	18	28	stop codon
REP1177a	18	9	stop codon
REP1589b	6	93	start codon
REP1589b	6	230	stop codon
REP1589a	23	204	start codon
REP1589a	23	83	stop codon
REP1178b	6	31	stop codon
REP1178b	6	22	start codon
REP1179	7	61	stop codon
REP1179	7	17	start codon
REP1181	12	35	stop codon
REP1181	12	93	start codon
REP1182	19	11	stop codon
REP1182	19	18	start codon
REP1183b	9	70	stop codon
REP1183b	9	119	start codon
REP1183d	6	170	stop codon
REP1183d	6	28	start codon
REP1184a	8	8	stop codon
REP1184a	8	99	start codon
REP1184b	5	66	stop codon
REP1184b	5	55	start codon
REP1588c	14	13	stop codon
REP1588c	14	23	start codon
REP1588b	8	61	stop codon
REP1588b	8	-16	start codon
REP1587d	4	10	stop codon
REP1587d	4	94	start codon
REP1187a	18	10	stop codon
REP1187a	18	38	stop codon
REP1188a	5	55	stop codon
REP1188a	5	87	start codon
REP1188b	4	113	stop codon
REP1188b	4	31	start codon
REP1189a	4	222	stop codon
REP1189a	4	413	start codon
REP1189c	16	423	stop codon
REP1189c	16	179	start codon
REP1190a	7	17	stop codon
REP1190a	7	292	start codon
REP1585	16	31	start codon
REP1585	16	8	stop codon
REP1584	8	30	start codon
REP1584	8	5	stop codon
REP1583c	7	-15	stop codon
REP1583c	7	173	stop codon
REP1193a	18	42	stop codon
REP1193a	18	98	stop codon
REP1582	9	29	start codon
REP1582	9	17	stop codon
REP1579a	18	192	start codon
REP1579a	18	36	stop codon
REP1578	17	18	start codon
REP1578	17	0	stop codon
REP1197	4	169	stop codon
REP1197	4	19	start codon
REP1576a	6	-9	stop codon
REP1576a	6	81	stop codon
REP1574a	4	3	stop codon
REP1574a	4	63	stop codon
REP1201	7	95	stop codon
REP1201	7	27	start codon
REP1573a	22	12	stop codon
REP1573a	22	11	stop codon
REP1203	6	9	stop codon
REP1203	6	28	start codon
REP1571a	5	142	start codon
REP1571a	5	157	stop codon
REP1570a	18	19	stop codon
REP1570a	18	7	stop codon
REP1569a	10	-1	stop codon
REP1569a	10	22	stop codon
REP1208b	14	7	stop codon
REP1208b	14	57	start codon
REP1209	7	69	stop codon
REP1209	7	22	start codon
REP1210b	13	68	stop codon
REP1210b	13	686	start codon
REP1210c	4	268	stop codon
REP1210c	4	502	start codon
REP1566	9	57	start codon
REP1566	9	16	stop codon
REP1213b	5	102	stop codon
REP1213b	5	58	start codon
REP1213c	10	102	stop codon
REP1213c	10	50	start codon
REP1216a	8	8	stop codon
REP1216a	8	1	stop codon
REP1219b	5	61	stop codon
REP1219b	5	308	start codon
REP1219c	18	162	stop codon
REP1219c	18	174	start codon
REP1559	2	51	start codon
REP1559	2	30	stop codon
REP1558a	8	14	stop codon
REP1558a	8	15	stop codon
REP1557a	11	14	stop codon
REP1557a	11	2	stop codon
REP1224a	16	104	stop codon
REP1224a	16	303	start codon
REP1556d	9	127	stop codon
REP1556d	9	288	start codon
REP1224c	8	376	stop codon
REP1224c	8	46	start codon
REP1556b	7	404	stop codon
REP1556b	7	20	start codon
REP1556a	21	18	stop codon
REP1556a	21	17	stop codon
REP1225b	17	72	stop codon
REP1225b	17	-31	stop codon
REP1554a	15	-20	stop codon
REP1554a	15	10	stop codon
REP1553b	9	12	stop codon
REP1553b	9	88	stop codon
REP1551	14	41	start codon
REP1551	14	29	stop codon
REP1550	6	72	start codon
REP1550	6	118	stop codon
REP1549	7	71	start codon
REP1549	7	2	stop codon
REP1230	4	22	stop codon
REP1230	4	48	start codon
REP1547a	6	49	stop codon
REP1547a	6	46	stop codon
REP1544	10	11	start codon
REP1544	10	17	stop codon
REP1233a	4	31	stop codon
REP1233a	4	118	start codon
REP1543a	7	12	stop codon
REP1543a	7	31	stop codon
REP1234b	5	39	stop codon
REP1234b	5	7	stop codon
REP1542b	8	112	start codon
REP1542b	8	7	stop codon
REP1542a	7	121	start codon
REP1542a	7	2	stop codon
REP1541b	4	55	start codon
REP1541b	4	195	stop codon
REP1238a	8	23	stop codon
REP1238a	8	271	start codon
REP1238c	8	46	stop codon
REP1238c	8	248	start codon
REP1238d	4	106	stop codon
REP1238d	4	198	start codon
REP1536c	6	9	start codon
REP1536c	6	-15	start codon
REP1241a	5	149	stop codon
REP1241a	5	352	start codon
REP1241b	4	201	stop codon
REP1241b	4	300	start codon
REP1241c	7	253	stop codon
REP1241c	7	244	start codon
REP1241d	4	422	stop codon
REP1241d	4	80	start codon
REP1242a	8	121	stop codon
REP1242a	8	80	start codon
REP1244	7	37	stop codon
REP1244	7	100	start codon
REP1245a	20	6	stop codon
REP1245a	20	204	stop codon
REP1533c	11	271	start codon
REP1533c	11	229	start codon
REP1533a	8	441	start codon
REP1533a	8	65	start codon
REP1246	7	55	start codon
REP1246	7	71	start codon
REP1531d	13	102	start codon
REP1531d	13	143	stop codon
REP1531c	11	154	start codon
REP1531c	11	86	stop codon
REP1531b	7	186	start codon
REP1531b	7	73	stop codon
REP1531a	5	234	start codon
REP1531a	5	24	stop codon
REP1530a	15	19	stop codon
REP1530a	15	18	stop codon
REP1248d	6	63	start codon
REP1248d	6	85	start codon
REP1529c	14	63	start codon
REP1529c	14	59	start codon
REP1529b	6	89	start codon
REP1529b	6	59	start codon
REP1529a	7	97	start codon
REP1529a	7	41	start codon
REP1250	6	30	stop codon
REP1250	6	52	start codon
REP1252	16	7	stop codon
REP1252	16	25	start codon
REP1527a	13	25	stop codon
REP1527a	13	39	stop codon
REP1526	11	140	start codon
REP1526	11	52	stop codon
REP1255a	19	4	stop codon
REP1255a	19	13	stop codon
REP1256b	4	133	stop codon
REP1256b	4	123	start codon
REP1256c	7	171	stop codon
REP1256c	7	80	start codon
REP1257a	21	16	stop codon
REP1257a	21	19	stop codon
REP1522	9	22	start codon
REP1522	9	10	stop codon
REP1258a	4	21	stop codon
REP1258a	4	-7	stop codon
REP1259a	17	18	stop codon
REP1259a	17	10	stop codon
REP1519b	18	6	stop codon
REP1519b	18	7	stop codon
REP1518	6	22	start codon
REP1518	6	58	stop codon
REP1517d	6	111	start codon
REP1517d	6	52	start codon
REP1517c	3	156	start codon
REP1517c	3	9	start codon
REP1516d	5	45	start codon
REP1516d	5	13	start codon
REP1264a	7	7	stop codon
REP1264a	7	149	stop codon
REP1514a	8	99	stop codon
REP1514a	8	56	stop codon
REP1264d	8	77	start codon
REP1264d	8	633	stop codon
REP1513c	7	228	start codon
REP1513c	7	485	stop codon
REP1513b	6	594	start codon
REP1513b	6	116	stop codon
REP1512c	7	356	start codon
REP1512c	7	704	stop codon
REP1512b	7	389	start codon
REP1512b	7	674	stop codon
REP1512a	6	786	start codon
REP1512a	6	268	stop codon
REP1511a	15	71	start codon
REP1511a	15	15	stop codon
REP1510	14	114	start codon
REP1510	14	34	stop codon
REP1266	11	4	stop codon
REP1266	11	55	start codon
REP1507b	5	86	start codon
REP1507b	5	121	start codon
REP1268a	7	126	stop codon
REP1268a	7	-12	stop codon
REP1269b	11	37	stop codon
REP1269b	11	51	start codon
REP1269c	5	73	stop codon
REP1269c	5	27	start codon
REP1504	8	78	start codon
REP1504	8	5	stop codon
REP1503a	11	-19	stop codon
REP1503a	11	29	stop codon
REP1273c	11	122	start codon
REP1273c	11	89	start codon
REP1273d	23	122	start codon
REP1273d	23	59	start codon
REP1274	12	22	stop codon
REP1274	12	8	start codon
REP1277	7	92	stop codon
REP1277	7	16	start codon
REP1279a	16	10	stop codon
REP1279a	16	8	stop codon
REP1498b	16	9	stop codon
REP1498b	16	75	stop codon
REP1280b	22	59	stop codon
REP1280b	22	12	stop codon
REP1282	7	30	stop codon
REP1282	7	69	start codon
REP1283	5	55	stop codon
REP1283	5	20	start codon
REP1284a	19	39	stop codon
REP1284a	19	13	stop codon
REP1285b	11	13	start codon
REP1285b	11	47	stop codon
REP1489	13	49	start codon
REP1489	13	21	stop codon
REP1290b	5	163	start codon
REP1290b	5	224	start codon
REP1290c	5	261	start codon
REP1290c	5	124	start codon
REP1290d	4	304	start codon
REP1290d	4	86	start codon
REP1291	12	11	stop codon
REP1291	12	28	start codon
REP1292	14	1	stop codon
REP1292	14	13	start codon
REP1294	5	7	stop codon
REP1294	5	38	start codon
REP1298	9	46	stop codon
REP1298	9	55	start codon
REP1299a	9	9	stop codon
REP1299a	9	82	start codon
REP1299b	12	35	stop codon
REP1299b	12	46	start codon
REP1301a	7	11	stop codon
REP1301a	7	-13	stop codon
REP1302a	5	58	stop codon
REP1302a	5	106	start codon
REP1303a	20	12	stop codon
REP1303a	20	11	stop codon
REP1303b	6	57	stop codon
REP1303b	6	-1	stop codon
REP1481b	5	15	start codon
REP1481b	5	127	stop codon
REP1304b	18	11	stop codon
REP1304b	18	71	start codon
REP1304d	5	58	stop codon
REP1304d	5	61	start codon
REP1305	4	41	stop codon
REP1305	4	84	start codon
REP1479c	12	72	stop codon
REP1479c	12	54	stop codon
REP1308d	6	123	stop codon
REP1308d	6	15	stop codon
REP1478b	4	21	start codon
REP1478b	4	150	stop codon
REP1478a	6	144	start codon
REP1478a	6	30	stop codon
REP1310a	2	203	stop codon
REP1310a	2	232	start codon
REP1310b	6	370	stop codon
REP1310b	6	58	start codon
REP1310c	8	406	stop codon
REP1310c	8	19	start codon
REP1315	7	59	stop codon
REP1315	7	31	start codon
REP1316	15	6	stop codon
REP1316	15	16	start codon
REP1318	5	16	stop codon
REP1318	5	43	start codon
REP1468	7	133	start codon
REP1468	7	11	stop codon
REP1467b	6	13	start codon
REP1467b	6	34	stop codon
REP1467a	7	31	start codon
REP1467a	7	12	stop codon
REP1466a	16	92	start codon
REP1466a	16	7	stop codon
REP1464b	6	32	start codon
REP1464b	6	61	stop codon
REP1464a	4	98	start codon
REP1464a	4	-1	stop codon
REP1324a	14	28	stop codon
REP1324a	14	168	start codon
REP1324b	8	71	stop codon
REP1324b	8	135	start codon
REP1325d	4	15	start codon
REP1325d	4	121	start codon
REP1328	11	117	stop codon
REP1328	11	20	start codon
REP1329	7	17	stop codon
REP1329	7	71	start codon
REP1330	7	2	stop codon
REP1330	7	23	start codon
REP1331a	5	42	stop codon
REP1331a	5	125	start codon
REP1331b	7	95	stop codon
REP1331b	7	67	start codon
REP1332b	8	156	stop codon
REP1332b	8	137	start codon
REP1332c	6	223	stop codon
REP1332c	6	79	start codon
REP1333a	17	11	stop codon
REP1333a	17	186	start codon
REP1334	8	92	stop codon
REP1334	8	22	start codon
REP1460a	18	11	stop codon
REP1460a	18	1440	stop codon
REP1459c	21	39	start codon
REP1459c	21	321	stop codon
REP1459b	5	167	start codon
REP1459b	5	224	stop codon
REP1459a	7	337	start codon
REP1459a	7	53	stop codon
REP1457	21	23	start codon
REP1457	21	14	stop codon
REP1456a	19	14	stop codon
REP1456a	19	12	stop codon
REP1455c	6	424	start codon
REP1455c	6	256	stop codon
REP1455a	15	632	start codon
REP1455a	15	27	stop codon
REP1338a	16	18	stop codon
REP1338a	16	28	stop codon
REP1453d	9	25	start codon
REP1453d	9	839	stop codon
REP1453a	16	835	start codon
REP1453a	16	14	stop codon
REP1339	5	36	stop codon
REP1339	5	2	start codon
REP1340	4	46	stop codon
REP1340	4	231	start codon
REP1343a	6	45	stop codon
REP1343a	6	56	start codon
REP1343b	4	75	stop codon
REP1343b	4	29	start codon
REP1452d	4	5	stop codon
REP1452d	4	88	stop codon
REP1452b	4	25	stop codon
REP1452b	4	58	stop codon
REP1344b	4	64	stop codon
REP1344b	4	29	stop codon
REP1345a	7	11	stop codon
REP1345a	7	17	stop codon
REP1450	4	129	start codon
REP1450	4	13	stop codon
REP1347a	10	2	stop codon
REP1347a	10	348	start codon
REP1347c	5	229	stop codon
REP1347c	5	132	start codon
REP1347d	6	310	stop codon
REP1347d	6	48	start codon
REP1348	7	32	stop codon
REP1348	7	18	start codon
REP1349b	4	149	stop codon
REP1349b	4	12	stop codon
REP1446d	6	19	stop codon
REP1446d	6	51	stop codon
REP1350b	8	23	stop codon
REP1350b	8	42	stop codon
REP1350c	9	26	stop codon
REP1350c	9	34	stop codon
REP1446a	5	36	stop codon
REP1446a	5	34	stop codon
REP1351b	8	89	stop codon
REP1351b	8	20	start codon
REP1354a	5	43	stop codon
REP1354a	5	81	start codon
REP1443b	5	-9	stop codon
REP1443b	5	63	stop codon
REP1443a	15	14	stop codon
REP1443a	15	21	stop codon
REP1356a	8	5	stop codon
REP1356a	8	87	stop codon
REP1441b	6	99	start codon
REP1441b	6	224	stop codon
REP1440a	5	4	stop codon
REP1440a	5	18	stop codon
REP1439	5	88	start codon
REP1439	5	152	stop codon
REP1438b	6	93	stop codon
REP1438b	6	315	stop codon
REP1438a	7	320	stop codon
REP1438a	7	83	stop codon
REP1359a	5	17	stop codon
REP1359a	5	299	stop codon
REP1359b	10	88	stop codon
REP1359b	10	210	stop codon
REP1435	5	106	start codon
REP1435	5	73	stop codon
REP1361a	6	109	stop codon
REP1361a	6	541	stop codon
REP1361b	4	343	stop codon
REP1361b	4	314	stop codon
REP1434b	3	520	stop codon
REP1434b	3	138	stop codon
REP1434a	3	576	stop codon
REP1434a	3	78	stop codon
REP1362	7	243	stop codon
REP1362	7	29	start codon
REP1363b	8	211	stop codon
REP1363b	8	103	stop codon
REP1431d	7	102	stop codon
REP1431d	7	216	start codon
REP1366a	12	174	stop codon
REP1366a	12	29	stop codon
REP1366b	7	226	stop codon
REP1366b	7	-15	stop codon
REP1367b	9	62	stop codon
REP1367b	9	160	stop codon
REP1430a	3	97	stop codon
REP1430a	3	136	stop codon
REP1367c	2	143	stop codon
REP1367c	2	95	stop codon
REP1368	4	77	stop codon
REP1368	4	37	start codon
REP1369	16	9	stop codon
REP1369	16	22	start codon
REP1370	7	17	stop codon
REP1370	7	100	start codon
REP1428	4	109	start codon
REP1428	4	77	stop codon
REP1372a	5	92	stop codon
REP1372a	5	147	start codon
REP1372b	4	164	stop codon
REP1372b	4	83	start codon
REP1376a	16	51	stop codon
REP1376a	16	14	stop codon
REP1376d	6	276	start codon
REP1376d	6	85	start codon
REP1424a	6	5	stop codon
REP1424a	6	35	stop codon
REP1378a	17	5	stop codon
REP1378a	17	6	stop codon
REP1381	19	18	stop codon
REP1381	19	61	start codon
REP1417d	10	-11	stop codon
REP1417d	10	146	stop codon
REP1417b	14	50	stop codon
REP1417b	14	75	stop codon
REP1417a	13	73	stop codon
REP1417a	13	52	stop codon
REP1383b	13	119	stop codon
REP1383b	13	6	stop codon
REP1383d	13	-35	start codon
REP1383d	13	171	stop codon
REP1385a	16	15	stop codon
REP1385a	16	64	start codon
REP1385b	7	79	stop codon
REP1385b	7	17	start codon
REP1387a	14	4	stop codon
REP1387a	14	9	stop codon
REP1389b	8	134	stop codon
REP1389b	8	19	stop codon
REP1390	20	12	stop codon
REP1390	20	130	start codon
REP1391a	14	15	stop codon
REP1391a	14	7	stop codon
REP1391c	7	65	start codon
REP1391c	7	103	start codon
REP1406	16	16	start codon
REP1406	16	6	stop codon
REP1393b	6	85	stop codon
REP1393b	6	108	start codon
REP1394a	17	14	stop codon
REP1394a	17	321	start codon
REP1394b	7	37	stop codon
REP1394b	7	315	start codon
REP1394c	13	262	stop codon
REP1394c	13	76	start codon
REP1395a	15	32	stop codon
REP1395a	15	15	stop codon
REP1396b	10	32	stop codon
REP1396b	10	302	start codon
REP1396c	8	162	stop codon
REP1396c	8	176	start codon
REP1397	16	19	stop codon
REP1397	16	84	start codon
REP1398c	10	61	stop codon
REP1398c	10	26	start codon
REP1404a	15	-21	stop codon
REP1404a	15	8	stop codon
REP1400b	7	111	stop codon
REP1400b	7	129	start codon
REP1403a	8	-11	stop codon
REP1403a	8	9	stop codon
REP1a	5	19	stop codon
REP1a	5	144	start codon
REP2c	8	206	start codon
REP2c	8	101	start codon
REP2d	4	314	start codon
REP2d	4	6	start codon
REP3a	8	23	stop codon
REP3a	8	-12	stop codon
REP85c	8	135	start codon
REP85c	8	357	stop codon
REP85a	8	282	start codon
REP85a	8	209	stop codon
REP83	5	49	start codon
REP83	5	17	stop codon
REP82	12	25	start codon
REP82	12	573	stop codon
REP81d	3	5	start codon
REP81d	3	310	stop codon
REP81c	8	198	start codon
REP81c	8	105	stop codon
REP81b	3	210	start codon
REP81b	3	103	stop codon
REP81a	3	241	start codon
REP81a	3	75	stop codon
REP4a	3	18	stop codon
REP4a	3	991	stop codon
REP4b	10	349	stop codon
REP4b	10	647	stop codon
REP4c	8	520	stop codon
REP4c	8	479	stop codon
REP79c	3	608	stop codon
REP79c	3	399	stop codon
REP79b	6	704	stop codon
REP79b	6	302	stop codon
REP79a	12	814	stop codon
REP79a	12	171	stop codon
REP78b	15	50	stop codon
REP78b	15	316	stop codon
REP78a	7	247	stop codon
REP78a	7	138	stop codon
REP6a	4	308	stop codon
REP6a	4	194	stop codon
REP76c	6	324	start codon
REP76c	6	384	stop codon
REP76b	16	581	start codon
REP76b	16	107	stop codon
REP76a	10	687	start codon
REP76a	10	9	stop codon
REP73	5	165	start codon
REP73	5	15	stop codon
REP8	8	33	stop codon
REP8	8	21	start codon
REP9a	15	114	stop codon
REP9a	15	300	start codon
REP9b	6	383	stop codon
REP9b	6	50	start codon
REP11d	5	111	start codon
REP11d	5	83	start codon
REP12d	4	600	start codon
REP12d	4	681	start codon
REP69b	20	27	stop codon
REP69b	20	130	stop codon
REP69a	21	82	stop codon
REP69a	21	70	stop codon
REP68b	7	436	start codon
REP68b	7	239	start codon
REP15	14	26	stop codon
REP15	14	23	start codon
REP16d	5	339	stop codon
REP16d	5	187	start codon
REP17a	4	39	stop codon
REP17a	4	503	start codon
REP17b	10	106	stop codon
REP17b	10	421	start codon
REP17c	9	299	stop codon
REP17c	9	233	start codon
REP17d	5	406	stop codon
REP17d	5	133	start codon
REP18	3	64	stop codon
REP18	3	72	start codon
REP19	6	3	stop codon
REP19	6	26	start codon
REP67c	5	236	stop codon
REP67c	5	84	stop codon
REP20b	14	270	stop codon
REP20b	14	27	stop codon
REP20c	12	301	stop codon
REP20c	12	8	stop codon
REP66c	6	44	start codon
REP66c	6	103	stop codon
REP66a	15	120	start codon
REP66a	15	8	stop codon
REP65d	4	31	start codon
REP65d	4	415	start codon
REP64d	11	162	start codon
REP64d	11	256	start codon
REP64c	4	265	start codon
REP64c	4	167	start codon
REP64b	8	356	start codon
REP64b	8	69	start codon
REP22c	7	176	start codon
REP22c	7	264	start codon
REP23a	21	85	stop codon
REP23a	21	-3	stop codon
REP24b	6	108	stop codon
REP24b	6	365	start codon
REP24c	4	223	stop codon
REP24c	4	253	start codon
REP62b	3	288	stop codon
REP62b	3	188	start codon
REP24d	5	312	stop codon
REP24d	5	162	start codon
REP62a	4	410	stop codon
REP62a	4	65	start codon
REP61a	7	288	stop codon
REP61a	7	54	stop codon
REP27a	9	48	stop codon
REP27a	9	259	start codon
REP27b	7	194	stop codon
REP27b	7	122	start codon
REP60a	10	1	stop codon
REP60a	10	67	stop codon
REP28a	5	61	stop codon
REP28a	5	13	stop codon
REP59	11	57	start codon
REP59	11	19	stop codon
REP30a	10	5	stop codon
REP30a	10	275	start codon
REP30b	11	110	stop codon
REP30b	11	168	start codon
REP30c	9	275	stop codon
REP30c	9	4	start codon
REP32	15	89	stop codon
REP32	15	222	start codon
REP33	7	23	stop codon
REP33	7	52	start codon
REP57d	9	284	stop codon
REP57d	9	374	stop codon
REP57b	11	429	stop codon
REP57b	11	221	stop codon
REP35a	6	23	stop codon
REP35a	6	869	start codon
REP35c	12	131	stop codon
REP35c	12	744	start codon
REP35d	7	153	stop codon
REP35d	7	741	start codon
REP36a	16	20	stop codon
REP36a	16	85	start codon
REP36b	5	45	stop codon
REP36b	5	81	start codon
REP36c	10	63	stop codon
REP36c	10	54	start codon
REP37a	6	192	stop codon
REP37a	6	138	stop codon
REP56a	8	300	stop codon
REP56a	8	21	stop codon
REP38	6	101	stop codon
REP38	6	375	start codon
REP54b	7	379	start codon
REP54b	7	71	stop codon
REP54a	7	409	start codon
REP54a	7	40	stop codon
REP53b	7	10	stop codon
REP53b	7	16	stop codon
REP41a	9	73	stop codon
REP41a	9	244	start codon
REP52b	9	290	stop codon
REP52b	9	176	stop codon
REP42d	7	302	stop codon
REP42d	7	172	stop codon
REP52a	4	418	stop codon
REP52a	4	60	stop codon
REP43b	12	24	stop codon
REP43b	12	58	start codon
REP51d	7	45	stop codon
REP51d	7	-18	start codon
REP45	7	52	stop codon
REP45	7	23	start codon
REP46b	4	2	start codon
REP46b	4	64	stop codon
REP49	7	45	start codon
REP49	7	11	stop codon
REP48	12	76	start codon
REP48	12	158	stop codon
REP47d	6	230	start codon
REP47d	6	230	stop codon
REP47c	7	322	start codon
REP47c	7	132	stop codon
